2025-06-03 16:35:41 | INFO | main:main:39 - Starting bot...
2025-06-03 16:35:41 | INFO | main:on_startup:26 - Initializing database...
2025-06-03 16:35:41 | INFO | main:on_startup:28 - Database initialized successfully
2025-06-03 16:35:41 | INFO | main:on_startup:31 - Starting gift parsing loop...
2025-06-03 16:35:42 | INFO | logger:emit:13 - Start polling
2025-06-03 16:35:42 | INFO | logger:emit:13 - Run polling for bot @wladikwanna_bot id=7820577888 - 'wladikwannabot'
2025-06-03 16:35:42 | DEBUG | gifts:aio_get_available_gifts:31 - Fetched 12 gifts from API
2025-06-03 16:35:42 | INFO | gift_parser:start_gift_parsing_loop:100 - 📊 Gifts fetched - Total: 12, Limited: 1, Unlimited: 11 (will be ignored)
2025-06-03 16:35:42 | INFO | gift_parser:start_gift_parsing_loop:130 - 📝 Updated gift 5782984811920491178: price=350⭐, remaining=91832/500000
2025-06-03 16:35:42 | INFO | gift_parser:start_gift_parsing_loop:150 - ✅ Database updated with LIMITED gifts only
2025-06-03 16:35:42 | INFO | gift_parser:start_gift_parsing_loop:158 - 👥 Found 1 users with autobuy enabled
2025-06-03 16:35:42 | DEBUG | gift_parser:start_gift_parsing_loop:174 - Cycle 1/2 for user 1487757625
2025-06-03 16:35:42 | DEBUG | gift_parser:start_gift_parsing_loop:174 - Cycle 2/2 for user 1487757625
2025-06-03 16:35:45 | DEBUG | gifts:aio_get_available_gifts:31 - Fetched 12 gifts from API
2025-06-03 16:35:45 | INFO | gift_parser:start_gift_parsing_loop:100 - 📊 Gifts fetched - Total: 12, Limited: 1, Unlimited: 11 (will be ignored)
2025-06-03 16:35:45 | INFO | gift_parser:start_gift_parsing_loop:150 - ✅ Database updated with LIMITED gifts only
2025-06-03 16:35:45 | INFO | gift_parser:start_gift_parsing_loop:158 - 👥 Found 1 users with autobuy enabled
2025-06-03 16:35:45 | DEBUG | gift_parser:start_gift_parsing_loop:174 - Cycle 1/2 for user 1487757625
2025-06-03 16:35:45 | DEBUG | gift_parser:start_gift_parsing_loop:174 - Cycle 2/2 for user 1487757625
2025-06-03 16:35:46 | INFO | logger:emit:13 - Update id=194182005 is handled. Duration 140 ms by bot id=7820577888
2025-06-03 16:35:47 | INFO | logger:emit:13 - Update id=194182006 is handled. Duration 125 ms by bot id=7820577888
2025-06-03 16:35:48 | DEBUG | gifts:aio_get_available_gifts:31 - Fetched 12 gifts from API
2025-06-03 16:35:48 | INFO | gift_parser:start_gift_parsing_loop:100 - 📊 Gifts fetched - Total: 12, Limited: 1, Unlimited: 11 (will be ignored)
2025-06-03 16:35:48 | INFO | gift_parser:start_gift_parsing_loop:130 - 📝 Updated gift 5782984811920491178: price=350⭐, remaining=91834/500000
2025-06-03 16:35:48 | INFO | gift_parser:start_gift_parsing_loop:150 - ✅ Database updated with LIMITED gifts only
2025-06-03 16:35:48 | INFO | gift_parser:start_gift_parsing_loop:158 - 👥 Found 1 users with autobuy enabled
2025-06-03 16:35:48 | DEBUG | gift_parser:start_gift_parsing_loop:174 - Cycle 1/2 for user 1487757625
2025-06-03 16:35:48 | DEBUG | gift_parser:start_gift_parsing_loop:174 - Cycle 2/2 for user 1487757625
2025-06-03 16:35:50 | INFO | logger:emit:13 - Update id=194182007 is handled. Duration 125 ms by bot id=7820577888
2025-06-03 16:35:51 | DEBUG | gifts:aio_get_available_gifts:31 - Fetched 12 gifts from API
2025-06-03 16:35:51 | INFO | gift_parser:start_gift_parsing_loop:100 - 📊 Gifts fetched - Total: 12, Limited: 1, Unlimited: 11 (will be ignored)
2025-06-03 16:35:51 | INFO | gift_parser:start_gift_parsing_loop:130 - 📝 Updated gift 5782984811920491178: price=350⭐, remaining=91832/500000
2025-06-03 16:35:51 | INFO | gift_parser:start_gift_parsing_loop:150 - ✅ Database updated with LIMITED gifts only
2025-06-03 16:35:51 | INFO | gift_parser:start_gift_parsing_loop:158 - 👥 Found 1 users with autobuy enabled
2025-06-03 16:35:52 | DEBUG | gift_parser:start_gift_parsing_loop:174 - Cycle 1/2 for user 1487757625
2025-06-03 16:35:52 | DEBUG | gift_parser:start_gift_parsing_loop:174 - Cycle 2/2 for user 1487757625
2025-06-03 16:35:52 | INFO | logger:emit:13 - Update id=194182008 is handled. Duration 217 ms by bot id=7820577888
2025-06-03 16:35:55 | DEBUG | gifts:aio_get_available_gifts:31 - Fetched 12 gifts from API
2025-06-03 16:35:55 | INFO | gift_parser:start_gift_parsing_loop:100 - 📊 Gifts fetched - Total: 12, Limited: 1, Unlimited: 11 (will be ignored)
2025-06-03 16:35:55 | INFO | gift_parser:start_gift_parsing_loop:150 - ✅ Database updated with LIMITED gifts only
2025-06-03 16:35:55 | INFO | gift_parser:start_gift_parsing_loop:158 - 👥 Found 1 users with autobuy enabled
2025-06-03 16:35:55 | DEBUG | gift_parser:start_gift_parsing_loop:174 - Cycle 1/1 for user 1487757625
2025-06-03 16:35:58 | DEBUG | gifts:aio_get_available_gifts:31 - Fetched 12 gifts from API
2025-06-03 16:35:58 | INFO | gift_parser:start_gift_parsing_loop:100 - 📊 Gifts fetched - Total: 12, Limited: 1, Unlimited: 11 (will be ignored)
2025-06-03 16:35:58 | INFO | gift_parser:start_gift_parsing_loop:130 - 📝 Updated gift 5782984811920491178: price=350⭐, remaining=91831/500000
2025-06-03 16:35:58 | INFO | gift_parser:start_gift_parsing_loop:150 - ✅ Database updated with LIMITED gifts only
2025-06-03 16:35:58 | INFO | gift_parser:start_gift_parsing_loop:158 - 👥 Found 1 users with autobuy enabled
2025-06-03 16:35:58 | DEBUG | gift_parser:start_gift_parsing_loop:174 - Cycle 1/1 for user 1487757625
2025-06-03 16:36:01 | DEBUG | gifts:aio_get_available_gifts:31 - Fetched 12 gifts from API
2025-06-03 16:36:01 | INFO | gift_parser:start_gift_parsing_loop:100 - 📊 Gifts fetched - Total: 12, Limited: 1, Unlimited: 11 (will be ignored)
2025-06-03 16:36:01 | INFO | gift_parser:start_gift_parsing_loop:130 - 📝 Updated gift 5782984811920491178: price=350⭐, remaining=91832/500000
2025-06-03 16:36:01 | INFO | gift_parser:start_gift_parsing_loop:150 - ✅ Database updated with LIMITED gifts only
2025-06-03 16:36:01 | INFO | gift_parser:start_gift_parsing_loop:158 - 👥 Found 1 users with autobuy enabled
2025-06-03 16:36:01 | DEBUG | gift_parser:start_gift_parsing_loop:174 - Cycle 1/1 for user 1487757625
2025-06-03 16:36:04 | DEBUG | gifts:aio_get_available_gifts:31 - Fetched 12 gifts from API
2025-06-03 16:36:04 | INFO | gift_parser:start_gift_parsing_loop:100 - 📊 Gifts fetched - Total: 12, Limited: 1, Unlimited: 11 (will be ignored)
2025-06-03 16:36:04 | INFO | gift_parser:start_gift_parsing_loop:150 - ✅ Database updated with LIMITED gifts only
2025-06-03 16:36:04 | INFO | gift_parser:start_gift_parsing_loop:158 - 👥 Found 1 users with autobuy enabled
2025-06-03 16:36:04 | DEBUG | gift_parser:start_gift_parsing_loop:174 - Cycle 1/1 for user 1487757625
2025-06-03 16:36:08 | DEBUG | gifts:aio_get_available_gifts:31 - Fetched 12 gifts from API
2025-06-03 16:36:08 | INFO | gift_parser:start_gift_parsing_loop:100 - 📊 Gifts fetched - Total: 12, Limited: 1, Unlimited: 11 (will be ignored)
2025-06-03 16:36:08 | INFO | gift_parser:start_gift_parsing_loop:150 - ✅ Database updated with LIMITED gifts only
2025-06-03 16:36:08 | INFO | gift_parser:start_gift_parsing_loop:158 - 👥 Found 1 users with autobuy enabled
2025-06-03 16:36:08 | DEBUG | gift_parser:start_gift_parsing_loop:174 - Cycle 1/1 for user 1487757625
2025-06-03 16:36:11 | DEBUG | gifts:aio_get_available_gifts:31 - Fetched 12 gifts from API
2025-06-03 16:36:11 | INFO | gift_parser:start_gift_parsing_loop:100 - 📊 Gifts fetched - Total: 12, Limited: 1, Unlimited: 11 (will be ignored)
2025-06-03 16:36:11 | INFO | gift_parser:start_gift_parsing_loop:150 - ✅ Database updated with LIMITED gifts only
2025-06-03 16:36:11 | INFO | gift_parser:start_gift_parsing_loop:158 - 👥 Found 1 users with autobuy enabled
2025-06-03 16:36:11 | DEBUG | gift_parser:start_gift_parsing_loop:174 - Cycle 1/1 for user 1487757625
2025-06-03 16:36:14 | DEBUG | gifts:aio_get_available_gifts:31 - Fetched 12 gifts from API
2025-06-03 16:36:14 | INFO | gift_parser:start_gift_parsing_loop:100 - 📊 Gifts fetched - Total: 12, Limited: 1, Unlimited: 11 (will be ignored)
2025-06-03 16:36:14 | INFO | gift_parser:start_gift_parsing_loop:150 - ✅ Database updated with LIMITED gifts only
2025-06-03 16:36:14 | INFO | gift_parser:start_gift_parsing_loop:158 - 👥 Found 1 users with autobuy enabled
2025-06-03 16:36:14 | DEBUG | gift_parser:start_gift_parsing_loop:174 - Cycle 1/1 for user 1487757625
2025-06-03 16:36:17 | DEBUG | gifts:aio_get_available_gifts:31 - Fetched 12 gifts from API
2025-06-03 16:36:17 | INFO | gift_parser:start_gift_parsing_loop:100 - 📊 Gifts fetched - Total: 12, Limited: 1, Unlimited: 11 (will be ignored)
2025-06-03 16:36:17 | INFO | gift_parser:start_gift_parsing_loop:130 - 📝 Updated gift 5782984811920491178: price=350⭐, remaining=91831/500000
2025-06-03 16:36:17 | INFO | gift_parser:start_gift_parsing_loop:150 - ✅ Database updated with LIMITED gifts only
2025-06-03 16:36:17 | INFO | gift_parser:start_gift_parsing_loop:158 - 👥 Found 1 users with autobuy enabled
2025-06-03 16:36:17 | DEBUG | gift_parser:start_gift_parsing_loop:174 - Cycle 1/1 for user 1487757625
2025-06-03 16:36:21 | DEBUG | gifts:aio_get_available_gifts:31 - Fetched 12 gifts from API
2025-06-03 16:36:21 | INFO | gift_parser:start_gift_parsing_loop:100 - 📊 Gifts fetched - Total: 12, Limited: 1, Unlimited: 11 (will be ignored)
2025-06-03 16:36:21 | INFO | gift_parser:start_gift_parsing_loop:150 - ✅ Database updated with LIMITED gifts only
2025-06-03 16:36:21 | INFO | gift_parser:start_gift_parsing_loop:158 - 👥 Found 1 users with autobuy enabled
2025-06-03 16:36:21 | DEBUG | gift_parser:start_gift_parsing_loop:174 - Cycle 1/1 for user 1487757625
2025-06-03 16:36:24 | DEBUG | gifts:aio_get_available_gifts:31 - Fetched 12 gifts from API
2025-06-03 16:36:24 | INFO | gift_parser:start_gift_parsing_loop:100 - 📊 Gifts fetched - Total: 12, Limited: 1, Unlimited: 11 (will be ignored)
2025-06-03 16:36:24 | INFO | gift_parser:start_gift_parsing_loop:130 - 📝 Updated gift 5782984811920491178: price=350⭐, remaining=91832/500000
2025-06-03 16:36:24 | INFO | gift_parser:start_gift_parsing_loop:150 - ✅ Database updated with LIMITED gifts only
2025-06-03 16:36:24 | INFO | gift_parser:start_gift_parsing_loop:158 - 👥 Found 1 users with autobuy enabled
2025-06-03 16:36:24 | DEBUG | gift_parser:start_gift_parsing_loop:174 - Cycle 1/1 for user 1487757625
2025-06-03 16:36:27 | DEBUG | gifts:aio_get_available_gifts:31 - Fetched 12 gifts from API
2025-06-03 16:36:27 | INFO | gift_parser:start_gift_parsing_loop:100 - 📊 Gifts fetched - Total: 12, Limited: 1, Unlimited: 11 (will be ignored)
2025-06-03 16:36:27 | INFO | gift_parser:start_gift_parsing_loop:130 - 📝 Updated gift 5782984811920491178: price=350⭐, remaining=91831/500000
2025-06-03 16:36:27 | INFO | gift_parser:start_gift_parsing_loop:150 - ✅ Database updated with LIMITED gifts only
2025-06-03 16:36:27 | INFO | gift_parser:start_gift_parsing_loop:158 - 👥 Found 1 users with autobuy enabled
2025-06-03 16:36:27 | DEBUG | gift_parser:start_gift_parsing_loop:174 - Cycle 1/1 for user 1487757625
2025-06-03 16:36:30 | DEBUG | gifts:aio_get_available_gifts:31 - Fetched 12 gifts from API
2025-06-03 16:36:30 | INFO | gift_parser:start_gift_parsing_loop:100 - 📊 Gifts fetched - Total: 12, Limited: 1, Unlimited: 11 (will be ignored)
2025-06-03 16:36:30 | INFO | gift_parser:start_gift_parsing_loop:130 - 📝 Updated gift 5782984811920491178: price=350⭐, remaining=91832/500000
2025-06-03 16:36:30 | INFO | gift_parser:start_gift_parsing_loop:150 - ✅ Database updated with LIMITED gifts only
2025-06-03 16:36:30 | INFO | gift_parser:start_gift_parsing_loop:158 - 👥 Found 1 users with autobuy enabled
2025-06-03 16:36:30 | DEBUG | gift_parser:start_gift_parsing_loop:174 - Cycle 1/1 for user 1487757625
2025-06-03 16:36:34 | DEBUG | gifts:aio_get_available_gifts:31 - Fetched 12 gifts from API
2025-06-03 16:36:34 | INFO | gift_parser:start_gift_parsing_loop:100 - 📊 Gifts fetched - Total: 12, Limited: 1, Unlimited: 11 (will be ignored)
2025-06-03 16:36:34 | INFO | gift_parser:start_gift_parsing_loop:130 - 📝 Updated gift 5782984811920491178: price=350⭐, remaining=91831/500000
2025-06-03 16:36:34 | INFO | gift_parser:start_gift_parsing_loop:150 - ✅ Database updated with LIMITED gifts only
2025-06-03 16:36:34 | INFO | gift_parser:start_gift_parsing_loop:158 - 👥 Found 1 users with autobuy enabled
2025-06-03 16:36:34 | DEBUG | gift_parser:start_gift_parsing_loop:174 - Cycle 1/1 for user 1487757625
2025-06-03 16:36:37 | DEBUG | gifts:aio_get_available_gifts:31 - Fetched 12 gifts from API
2025-06-03 16:36:37 | INFO | gift_parser:start_gift_parsing_loop:100 - 📊 Gifts fetched - Total: 12, Limited: 1, Unlimited: 11 (will be ignored)
2025-06-03 16:36:37 | INFO | gift_parser:start_gift_parsing_loop:150 - ✅ Database updated with LIMITED gifts only
2025-06-03 16:36:37 | INFO | gift_parser:start_gift_parsing_loop:158 - 👥 Found 1 users with autobuy enabled
2025-06-03 16:36:37 | DEBUG | gift_parser:start_gift_parsing_loop:174 - Cycle 1/1 for user 1487757625
2025-06-03 16:36:40 | DEBUG | gifts:aio_get_available_gifts:31 - Fetched 12 gifts from API
2025-06-03 16:36:40 | INFO | gift_parser:start_gift_parsing_loop:100 - 📊 Gifts fetched - Total: 12, Limited: 1, Unlimited: 11 (will be ignored)
2025-06-03 16:36:40 | INFO | gift_parser:start_gift_parsing_loop:150 - ✅ Database updated with LIMITED gifts only
2025-06-03 16:36:40 | INFO | gift_parser:start_gift_parsing_loop:158 - 👥 Found 1 users with autobuy enabled
2025-06-03 16:36:40 | DEBUG | gift_parser:start_gift_parsing_loop:174 - Cycle 1/1 for user 1487757625
2025-06-03 16:36:43 | DEBUG | gifts:aio_get_available_gifts:31 - Fetched 12 gifts from API
2025-06-03 16:36:43 | INFO | gift_parser:start_gift_parsing_loop:100 - 📊 Gifts fetched - Total: 12, Limited: 1, Unlimited: 11 (will be ignored)
2025-06-03 16:36:43 | INFO | gift_parser:start_gift_parsing_loop:150 - ✅ Database updated with LIMITED gifts only
2025-06-03 16:36:43 | INFO | gift_parser:start_gift_parsing_loop:158 - 👥 Found 1 users with autobuy enabled
2025-06-03 16:36:43 | DEBUG | gift_parser:start_gift_parsing_loop:174 - Cycle 1/1 for user 1487757625
2025-06-03 16:36:46 | DEBUG | gifts:aio_get_available_gifts:31 - Fetched 12 gifts from API
2025-06-03 16:36:46 | INFO | gift_parser:start_gift_parsing_loop:100 - 📊 Gifts fetched - Total: 12, Limited: 1, Unlimited: 11 (will be ignored)
2025-06-03 16:36:46 | INFO | gift_parser:start_gift_parsing_loop:150 - ✅ Database updated with LIMITED gifts only
2025-06-03 16:36:46 | INFO | gift_parser:start_gift_parsing_loop:158 - 👥 Found 1 users with autobuy enabled
2025-06-03 16:36:46 | DEBUG | gift_parser:start_gift_parsing_loop:174 - Cycle 1/1 for user 1487757625
2025-06-03 16:36:50 | DEBUG | gifts:aio_get_available_gifts:31 - Fetched 12 gifts from API
2025-06-03 16:36:50 | INFO | gift_parser:start_gift_parsing_loop:100 - 📊 Gifts fetched - Total: 12, Limited: 1, Unlimited: 11 (will be ignored)
2025-06-03 16:36:50 | INFO | gift_parser:start_gift_parsing_loop:150 - ✅ Database updated with LIMITED gifts only
2025-06-03 16:36:50 | INFO | gift_parser:start_gift_parsing_loop:158 - 👥 Found 1 users with autobuy enabled
2025-06-03 16:36:50 | DEBUG | gift_parser:start_gift_parsing_loop:174 - Cycle 1/1 for user 1487757625
2025-06-03 16:36:53 | DEBUG | gifts:aio_get_available_gifts:31 - Fetched 12 gifts from API
2025-06-03 16:36:53 | INFO | gift_parser:start_gift_parsing_loop:100 - 📊 Gifts fetched - Total: 12, Limited: 1, Unlimited: 11 (will be ignored)
2025-06-03 16:36:53 | INFO | gift_parser:start_gift_parsing_loop:150 - ✅ Database updated with LIMITED gifts only
2025-06-03 16:36:53 | INFO | gift_parser:start_gift_parsing_loop:158 - 👥 Found 1 users with autobuy enabled
2025-06-03 16:36:53 | DEBUG | gift_parser:start_gift_parsing_loop:174 - Cycle 1/1 for user 1487757625
2025-06-03 16:36:56 | DEBUG | gifts:aio_get_available_gifts:31 - Fetched 12 gifts from API
2025-06-03 16:36:56 | INFO | gift_parser:start_gift_parsing_loop:100 - 📊 Gifts fetched - Total: 12, Limited: 1, Unlimited: 11 (will be ignored)
2025-06-03 16:36:56 | INFO | gift_parser:start_gift_parsing_loop:150 - ✅ Database updated with LIMITED gifts only
2025-06-03 16:36:56 | INFO | gift_parser:start_gift_parsing_loop:158 - 👥 Found 1 users with autobuy enabled
2025-06-03 16:36:56 | DEBUG | gift_parser:start_gift_parsing_loop:174 - Cycle 1/1 for user 1487757625
2025-06-03 16:36:59 | DEBUG | gifts:aio_get_available_gifts:31 - Fetched 12 gifts from API
2025-06-03 16:36:59 | INFO | gift_parser:start_gift_parsing_loop:100 - 📊 Gifts fetched - Total: 12, Limited: 1, Unlimited: 11 (will be ignored)
2025-06-03 16:36:59 | INFO | gift_parser:start_gift_parsing_loop:150 - ✅ Database updated with LIMITED gifts only
2025-06-03 16:36:59 | INFO | gift_parser:start_gift_parsing_loop:158 - 👥 Found 1 users with autobuy enabled
2025-06-03 16:36:59 | DEBUG | gift_parser:start_gift_parsing_loop:174 - Cycle 1/1 for user 1487757625
2025-06-03 16:37:03 | DEBUG | gifts:aio_get_available_gifts:31 - Fetched 12 gifts from API
2025-06-03 16:37:03 | INFO | gift_parser:start_gift_parsing_loop:100 - 📊 Gifts fetched - Total: 12, Limited: 1, Unlimited: 11 (will be ignored)
2025-06-03 16:37:03 | INFO | gift_parser:start_gift_parsing_loop:150 - ✅ Database updated with LIMITED gifts only
2025-06-03 16:37:03 | INFO | gift_parser:start_gift_parsing_loop:158 - 👥 Found 1 users with autobuy enabled
2025-06-03 16:37:03 | DEBUG | gift_parser:start_gift_parsing_loop:174 - Cycle 1/1 for user 1487757625
2025-06-03 16:37:06 | DEBUG | gifts:aio_get_available_gifts:31 - Fetched 12 gifts from API
2025-06-03 16:37:06 | INFO | gift_parser:start_gift_parsing_loop:100 - 📊 Gifts fetched - Total: 12, Limited: 1, Unlimited: 11 (will be ignored)
2025-06-03 16:37:06 | INFO | gift_parser:start_gift_parsing_loop:150 - ✅ Database updated with LIMITED gifts only
2025-06-03 16:37:06 | INFO | gift_parser:start_gift_parsing_loop:158 - 👥 Found 1 users with autobuy enabled
2025-06-03 16:37:06 | DEBUG | gift_parser:start_gift_parsing_loop:174 - Cycle 1/1 for user 1487757625
2025-06-03 16:37:09 | DEBUG | gifts:aio_get_available_gifts:31 - Fetched 12 gifts from API
2025-06-03 16:37:09 | INFO | gift_parser:start_gift_parsing_loop:100 - 📊 Gifts fetched - Total: 12, Limited: 1, Unlimited: 11 (will be ignored)
2025-06-03 16:37:09 | INFO | gift_parser:start_gift_parsing_loop:150 - ✅ Database updated with LIMITED gifts only
2025-06-03 16:37:09 | INFO | gift_parser:start_gift_parsing_loop:158 - 👥 Found 1 users with autobuy enabled
2025-06-03 16:37:09 | DEBUG | gift_parser:start_gift_parsing_loop:174 - Cycle 1/1 for user 1487757625
2025-06-03 16:37:12 | DEBUG | gifts:aio_get_available_gifts:31 - Fetched 12 gifts from API
2025-06-03 16:37:12 | INFO | gift_parser:start_gift_parsing_loop:100 - 📊 Gifts fetched - Total: 12, Limited: 1, Unlimited: 11 (will be ignored)
2025-06-03 16:37:12 | INFO | gift_parser:start_gift_parsing_loop:150 - ✅ Database updated with LIMITED gifts only
2025-06-03 16:37:12 | INFO | gift_parser:start_gift_parsing_loop:158 - 👥 Found 1 users with autobuy enabled
2025-06-03 16:37:12 | DEBUG | gift_parser:start_gift_parsing_loop:174 - Cycle 1/1 for user 1487757625
2025-06-03 16:37:15 | DEBUG | gifts:aio_get_available_gifts:31 - Fetched 12 gifts from API
2025-06-03 16:37:15 | INFO | gift_parser:start_gift_parsing_loop:100 - 📊 Gifts fetched - Total: 12, Limited: 1, Unlimited: 11 (will be ignored)
2025-06-03 16:37:15 | INFO | gift_parser:start_gift_parsing_loop:130 - 📝 Updated gift 5782984811920491178: price=350⭐, remaining=91829/500000
2025-06-03 16:37:15 | INFO | gift_parser:start_gift_parsing_loop:150 - ✅ Database updated with LIMITED gifts only
2025-06-03 16:37:15 | INFO | gift_parser:start_gift_parsing_loop:158 - 👥 Found 1 users with autobuy enabled
2025-06-03 16:37:15 | DEBUG | gift_parser:start_gift_parsing_loop:174 - Cycle 1/1 for user 1487757625
2025-06-03 16:37:19 | DEBUG | gifts:aio_get_available_gifts:31 - Fetched 12 gifts from API
2025-06-03 16:37:19 | INFO | gift_parser:start_gift_parsing_loop:100 - 📊 Gifts fetched - Total: 12, Limited: 1, Unlimited: 11 (will be ignored)
2025-06-03 16:37:19 | INFO | gift_parser:start_gift_parsing_loop:150 - ✅ Database updated with LIMITED gifts only
2025-06-03 16:37:19 | INFO | gift_parser:start_gift_parsing_loop:158 - 👥 Found 1 users with autobuy enabled
2025-06-03 16:37:19 | DEBUG | gift_parser:start_gift_parsing_loop:174 - Cycle 1/1 for user 1487757625
2025-06-03 16:37:22 | DEBUG | gifts:aio_get_available_gifts:31 - Fetched 12 gifts from API
2025-06-03 16:37:22 | INFO | gift_parser:start_gift_parsing_loop:100 - 📊 Gifts fetched - Total: 12, Limited: 1, Unlimited: 11 (will be ignored)
2025-06-03 16:37:22 | INFO | gift_parser:start_gift_parsing_loop:130 - 📝 Updated gift 5782984811920491178: price=350⭐, remaining=91831/500000
2025-06-03 16:37:22 | INFO | gift_parser:start_gift_parsing_loop:150 - ✅ Database updated with LIMITED gifts only
2025-06-03 16:37:22 | INFO | gift_parser:start_gift_parsing_loop:158 - 👥 Found 1 users with autobuy enabled
2025-06-03 16:37:22 | DEBUG | gift_parser:start_gift_parsing_loop:174 - Cycle 1/1 for user 1487757625
2025-06-03 16:37:25 | DEBUG | gifts:aio_get_available_gifts:31 - Fetched 12 gifts from API
2025-06-03 16:37:25 | INFO | gift_parser:start_gift_parsing_loop:100 - 📊 Gifts fetched - Total: 12, Limited: 1, Unlimited: 11 (will be ignored)
2025-06-03 16:37:25 | INFO | gift_parser:start_gift_parsing_loop:130 - 📝 Updated gift 5782984811920491178: price=350⭐, remaining=91829/500000
2025-06-03 16:37:25 | INFO | gift_parser:start_gift_parsing_loop:150 - ✅ Database updated with LIMITED gifts only
2025-06-03 16:37:25 | INFO | gift_parser:start_gift_parsing_loop:158 - 👥 Found 1 users with autobuy enabled
2025-06-03 16:37:25 | DEBUG | gift_parser:start_gift_parsing_loop:174 - Cycle 1/1 for user 1487757625
2025-06-03 16:37:28 | DEBUG | gifts:aio_get_available_gifts:31 - Fetched 12 gifts from API
2025-06-03 16:37:28 | INFO | gift_parser:start_gift_parsing_loop:100 - 📊 Gifts fetched - Total: 12, Limited: 1, Unlimited: 11 (will be ignored)
2025-06-03 16:37:28 | INFO | gift_parser:start_gift_parsing_loop:130 - 📝 Updated gift 5782984811920491178: price=350⭐, remaining=91831/500000
2025-06-03 16:37:28 | INFO | gift_parser:start_gift_parsing_loop:150 - ✅ Database updated with LIMITED gifts only
2025-06-03 16:37:28 | INFO | gift_parser:start_gift_parsing_loop:158 - 👥 Found 1 users with autobuy enabled
2025-06-03 16:37:28 | DEBUG | gift_parser:start_gift_parsing_loop:174 - Cycle 1/1 for user 1487757625
2025-06-03 16:37:32 | DEBUG | gifts:aio_get_available_gifts:31 - Fetched 12 gifts from API
2025-06-03 16:37:32 | INFO | gift_parser:start_gift_parsing_loop:100 - 📊 Gifts fetched - Total: 12, Limited: 1, Unlimited: 11 (will be ignored)
2025-06-03 16:37:32 | INFO | gift_parser:start_gift_parsing_loop:150 - ✅ Database updated with LIMITED gifts only
2025-06-03 16:37:32 | INFO | gift_parser:start_gift_parsing_loop:158 - 👥 Found 1 users with autobuy enabled
2025-06-03 16:37:32 | DEBUG | gift_parser:start_gift_parsing_loop:174 - Cycle 1/1 for user 1487757625
2025-06-03 16:37:35 | DEBUG | gifts:aio_get_available_gifts:31 - Fetched 12 gifts from API
2025-06-03 16:37:35 | INFO | gift_parser:start_gift_parsing_loop:100 - 📊 Gifts fetched - Total: 12, Limited: 1, Unlimited: 11 (will be ignored)
2025-06-03 16:37:35 | INFO | gift_parser:start_gift_parsing_loop:150 - ✅ Database updated with LIMITED gifts only
2025-06-03 16:37:35 | INFO | gift_parser:start_gift_parsing_loop:158 - 👥 Found 1 users with autobuy enabled
2025-06-03 16:37:35 | DEBUG | gift_parser:start_gift_parsing_loop:174 - Cycle 1/1 for user 1487757625
2025-06-03 16:37:38 | DEBUG | gifts:aio_get_available_gifts:31 - Fetched 12 gifts from API
2025-06-03 16:37:38 | INFO | gift_parser:start_gift_parsing_loop:100 - 📊 Gifts fetched - Total: 12, Limited: 1, Unlimited: 11 (will be ignored)
2025-06-03 16:37:38 | INFO | gift_parser:start_gift_parsing_loop:150 - ✅ Database updated with LIMITED gifts only
2025-06-03 16:37:38 | INFO | gift_parser:start_gift_parsing_loop:158 - 👥 Found 1 users with autobuy enabled
2025-06-03 16:37:38 | DEBUG | gift_parser:start_gift_parsing_loop:174 - Cycle 1/1 for user 1487757625
2025-06-03 16:37:41 | DEBUG | gifts:aio_get_available_gifts:31 - Fetched 12 gifts from API
2025-06-03 16:37:41 | INFO | gift_parser:start_gift_parsing_loop:100 - 📊 Gifts fetched - Total: 12, Limited: 1, Unlimited: 11 (will be ignored)
2025-06-03 16:37:41 | INFO | gift_parser:start_gift_parsing_loop:130 - 📝 Updated gift 5782984811920491178: price=350⭐, remaining=91827/500000
2025-06-03 16:37:41 | INFO | gift_parser:start_gift_parsing_loop:150 - ✅ Database updated with LIMITED gifts only
2025-06-03 16:37:41 | INFO | gift_parser:start_gift_parsing_loop:158 - 👥 Found 1 users with autobuy enabled
2025-06-03 16:37:41 | DEBUG | gift_parser:start_gift_parsing_loop:174 - Cycle 1/1 for user 1487757625
2025-06-03 16:37:45 | DEBUG | gifts:aio_get_available_gifts:31 - Fetched 12 gifts from API
2025-06-03 16:37:45 | INFO | gift_parser:start_gift_parsing_loop:100 - 📊 Gifts fetched - Total: 12, Limited: 1, Unlimited: 11 (will be ignored)
2025-06-03 16:37:45 | INFO | gift_parser:start_gift_parsing_loop:150 - ✅ Database updated with LIMITED gifts only
2025-06-03 16:37:45 | INFO | gift_parser:start_gift_parsing_loop:158 - 👥 Found 1 users with autobuy enabled
2025-06-03 16:37:45 | DEBUG | gift_parser:start_gift_parsing_loop:174 - Cycle 1/1 for user 1487757625
2025-06-03 16:37:48 | DEBUG | gifts:aio_get_available_gifts:31 - Fetched 12 gifts from API
2025-06-03 16:37:48 | INFO | gift_parser:start_gift_parsing_loop:100 - 📊 Gifts fetched - Total: 12, Limited: 1, Unlimited: 11 (will be ignored)
2025-06-03 16:37:48 | INFO | gift_parser:start_gift_parsing_loop:150 - ✅ Database updated with LIMITED gifts only
2025-06-03 16:37:48 | INFO | gift_parser:start_gift_parsing_loop:158 - 👥 Found 1 users with autobuy enabled
2025-06-03 16:37:48 | DEBUG | gift_parser:start_gift_parsing_loop:174 - Cycle 1/1 for user 1487757625
2025-06-03 16:37:51 | DEBUG | gifts:aio_get_available_gifts:31 - Fetched 12 gifts from API
2025-06-03 16:37:51 | INFO | gift_parser:start_gift_parsing_loop:100 - 📊 Gifts fetched - Total: 12, Limited: 1, Unlimited: 11 (will be ignored)
2025-06-03 16:37:51 | INFO | gift_parser:start_gift_parsing_loop:150 - ✅ Database updated with LIMITED gifts only
2025-06-03 16:37:51 | INFO | gift_parser:start_gift_parsing_loop:158 - 👥 Found 1 users with autobuy enabled
2025-06-03 16:37:51 | DEBUG | gift_parser:start_gift_parsing_loop:174 - Cycle 1/1 for user 1487757625
2025-06-03 16:37:54 | DEBUG | gifts:aio_get_available_gifts:31 - Fetched 12 gifts from API
2025-06-03 16:37:54 | INFO | gift_parser:start_gift_parsing_loop:100 - 📊 Gifts fetched - Total: 12, Limited: 1, Unlimited: 11 (will be ignored)
2025-06-03 16:37:54 | INFO | gift_parser:start_gift_parsing_loop:150 - ✅ Database updated with LIMITED gifts only
2025-06-03 16:37:54 | INFO | gift_parser:start_gift_parsing_loop:158 - 👥 Found 1 users with autobuy enabled
2025-06-03 16:37:54 | INFO | gift_parser:start_gift_parsing_loop:164 - 🎁 Processing 1 new gifts for autobuy
2025-06-03 16:37:54 | DEBUG | gift_parser:start_gift_parsing_loop:174 - Cycle 1/1 for user 1487757625
2025-06-03 16:37:55 | INFO | gift_parser:process_gift_purchase:48 - ✅ Gift 5782984811920491178 successfully sent to user 1487757625. Price: 350⭐, Remaining: 91826/500000
2025-06-03 16:37:55 | INFO | gift_parser:start_gift_parsing_loop:190 - 🛒 User 1487757625 purchased 1 gifts
2025-06-03 16:37:58 | DEBUG | gifts:aio_get_available_gifts:31 - Fetched 12 gifts from API
2025-06-03 16:37:58 | INFO | gift_parser:start_gift_parsing_loop:100 - 📊 Gifts fetched - Total: 12, Limited: 1, Unlimited: 11 (will be ignored)
2025-06-03 16:37:58 | INFO | gift_parser:start_gift_parsing_loop:150 - ✅ Database updated with LIMITED gifts only
2025-06-03 16:37:58 | INFO | gift_parser:start_gift_parsing_loop:158 - 👥 Found 1 users with autobuy enabled
2025-06-03 16:37:58 | DEBUG | gift_parser:start_gift_parsing_loop:174 - Cycle 1/1 for user 1487757625
2025-06-03 16:38:01 | DEBUG | gifts:aio_get_available_gifts:31 - Fetched 12 gifts from API
2025-06-03 16:38:01 | INFO | gift_parser:start_gift_parsing_loop:100 - 📊 Gifts fetched - Total: 12, Limited: 1, Unlimited: 11 (will be ignored)
2025-06-03 16:38:01 | INFO | gift_parser:start_gift_parsing_loop:150 - ✅ Database updated with LIMITED gifts only
2025-06-03 16:38:01 | INFO | gift_parser:start_gift_parsing_loop:158 - 👥 Found 1 users with autobuy enabled
2025-06-03 16:38:01 | DEBUG | gift_parser:start_gift_parsing_loop:174 - Cycle 1/1 for user 1487757625
2025-06-03 16:38:04 | DEBUG | gifts:aio_get_available_gifts:31 - Fetched 12 gifts from API
2025-06-03 16:38:04 | INFO | gift_parser:start_gift_parsing_loop:100 - 📊 Gifts fetched - Total: 12, Limited: 1, Unlimited: 11 (will be ignored)
2025-06-03 16:38:04 | INFO | gift_parser:start_gift_parsing_loop:150 - ✅ Database updated with LIMITED gifts only
2025-06-03 16:38:04 | INFO | gift_parser:start_gift_parsing_loop:158 - 👥 Found 1 users with autobuy enabled
2025-06-03 16:38:04 | DEBUG | gift_parser:start_gift_parsing_loop:174 - Cycle 1/1 for user 1487757625
2025-06-03 16:38:08 | DEBUG | gifts:aio_get_available_gifts:31 - Fetched 12 gifts from API
2025-06-03 16:38:08 | INFO | gift_parser:start_gift_parsing_loop:100 - 📊 Gifts fetched - Total: 12, Limited: 1, Unlimited: 11 (will be ignored)
2025-06-03 16:38:08 | INFO | gift_parser:start_gift_parsing_loop:150 - ✅ Database updated with LIMITED gifts only
2025-06-03 16:38:08 | INFO | gift_parser:start_gift_parsing_loop:158 - 👥 Found 1 users with autobuy enabled
2025-06-03 16:38:08 | DEBUG | gift_parser:start_gift_parsing_loop:174 - Cycle 1/1 for user 1487757625
2025-06-03 16:38:11 | DEBUG | gifts:aio_get_available_gifts:31 - Fetched 12 gifts from API
2025-06-03 16:38:11 | INFO | gift_parser:start_gift_parsing_loop:100 - 📊 Gifts fetched - Total: 12, Limited: 1, Unlimited: 11 (will be ignored)
2025-06-03 16:38:11 | INFO | gift_parser:start_gift_parsing_loop:130 - 📝 Updated gift 5782984811920491178: price=350⭐, remaining=91826/500000
2025-06-03 16:38:11 | INFO | gift_parser:start_gift_parsing_loop:150 - ✅ Database updated with LIMITED gifts only
2025-06-03 16:38:11 | INFO | gift_parser:start_gift_parsing_loop:158 - 👥 Found 1 users with autobuy enabled
2025-06-03 16:38:11 | DEBUG | gift_parser:start_gift_parsing_loop:174 - Cycle 1/1 for user 1487757625
2025-06-03 16:38:14 | DEBUG | gifts:aio_get_available_gifts:31 - Fetched 12 gifts from API
2025-06-03 16:38:14 | INFO | gift_parser:start_gift_parsing_loop:100 - 📊 Gifts fetched - Total: 12, Limited: 1, Unlimited: 11 (will be ignored)
2025-06-03 16:38:14 | INFO | gift_parser:start_gift_parsing_loop:150 - ✅ Database updated with LIMITED gifts only
2025-06-03 16:38:14 | INFO | gift_parser:start_gift_parsing_loop:158 - 👥 Found 1 users with autobuy enabled
2025-06-03 16:38:14 | DEBUG | gift_parser:start_gift_parsing_loop:174 - Cycle 1/1 for user 1487757625
2025-06-03 16:38:17 | DEBUG | gifts:aio_get_available_gifts:31 - Fetched 12 gifts from API
2025-06-03 16:38:17 | INFO | gift_parser:start_gift_parsing_loop:100 - 📊 Gifts fetched - Total: 12, Limited: 1, Unlimited: 11 (will be ignored)
2025-06-03 16:38:17 | INFO | gift_parser:start_gift_parsing_loop:130 - 📝 Updated gift 5782984811920491178: price=350⭐, remaining=91827/500000
2025-06-03 16:38:17 | INFO | gift_parser:start_gift_parsing_loop:150 - ✅ Database updated with LIMITED gifts only
2025-06-03 16:38:17 | INFO | gift_parser:start_gift_parsing_loop:158 - 👥 Found 1 users with autobuy enabled
2025-06-03 16:38:17 | DEBUG | gift_parser:start_gift_parsing_loop:174 - Cycle 1/1 for user 1487757625
2025-06-03 16:38:21 | DEBUG | gifts:aio_get_available_gifts:31 - Fetched 12 gifts from API
2025-06-03 16:38:21 | INFO | gift_parser:start_gift_parsing_loop:100 - 📊 Gifts fetched - Total: 12, Limited: 1, Unlimited: 11 (will be ignored)
2025-06-03 16:38:21 | INFO | gift_parser:start_gift_parsing_loop:150 - ✅ Database updated with LIMITED gifts only
2025-06-03 16:38:21 | INFO | gift_parser:start_gift_parsing_loop:158 - 👥 Found 1 users with autobuy enabled
2025-06-03 16:38:21 | DEBUG | gift_parser:start_gift_parsing_loop:174 - Cycle 1/1 for user 1487757625
2025-06-03 16:38:24 | DEBUG | gifts:aio_get_available_gifts:31 - Fetched 12 gifts from API
2025-06-03 16:38:24 | INFO | gift_parser:start_gift_parsing_loop:100 - 📊 Gifts fetched - Total: 12, Limited: 1, Unlimited: 11 (will be ignored)
2025-06-03 16:38:24 | INFO | gift_parser:start_gift_parsing_loop:150 - ✅ Database updated with LIMITED gifts only
2025-06-03 16:38:24 | INFO | gift_parser:start_gift_parsing_loop:158 - 👥 Found 1 users with autobuy enabled
2025-06-03 16:38:24 | DEBUG | gift_parser:start_gift_parsing_loop:174 - Cycle 1/1 for user 1487757625
2025-06-03 16:38:27 | DEBUG | gifts:aio_get_available_gifts:31 - Fetched 12 gifts from API
2025-06-03 16:38:27 | INFO | gift_parser:start_gift_parsing_loop:100 - 📊 Gifts fetched - Total: 12, Limited: 1, Unlimited: 11 (will be ignored)
2025-06-03 16:38:27 | INFO | gift_parser:start_gift_parsing_loop:130 - 📝 Updated gift 5782984811920491178: price=350⭐, remaining=91820/500000
2025-06-03 16:38:27 | INFO | gift_parser:start_gift_parsing_loop:150 - ✅ Database updated with LIMITED gifts only
2025-06-03 16:38:27 | INFO | gift_parser:start_gift_parsing_loop:158 - 👥 Found 1 users with autobuy enabled
2025-06-03 16:38:27 | DEBUG | gift_parser:start_gift_parsing_loop:174 - Cycle 1/1 for user 1487757625
2025-06-03 16:38:30 | DEBUG | gifts:aio_get_available_gifts:31 - Fetched 12 gifts from API
2025-06-03 16:38:30 | INFO | gift_parser:start_gift_parsing_loop:100 - 📊 Gifts fetched - Total: 12, Limited: 1, Unlimited: 11 (will be ignored)
2025-06-03 16:38:30 | INFO | gift_parser:start_gift_parsing_loop:150 - ✅ Database updated with LIMITED gifts only
2025-06-03 16:38:30 | INFO | gift_parser:start_gift_parsing_loop:158 - 👥 Found 1 users with autobuy enabled
2025-06-03 16:38:30 | DEBUG | gift_parser:start_gift_parsing_loop:174 - Cycle 1/1 for user 1487757625
2025-06-03 16:38:34 | DEBUG | gifts:aio_get_available_gifts:31 - Fetched 12 gifts from API
2025-06-03 16:38:34 | INFO | gift_parser:start_gift_parsing_loop:100 - 📊 Gifts fetched - Total: 12, Limited: 1, Unlimited: 11 (will be ignored)
2025-06-03 16:38:34 | INFO | gift_parser:start_gift_parsing_loop:150 - ✅ Database updated with LIMITED gifts only
2025-06-03 16:38:34 | INFO | gift_parser:start_gift_parsing_loop:158 - 👥 Found 1 users with autobuy enabled
2025-06-03 16:38:34 | DEBUG | gift_parser:start_gift_parsing_loop:174 - Cycle 1/1 for user 1487757625
2025-06-03 16:38:37 | DEBUG | gifts:aio_get_available_gifts:31 - Fetched 12 gifts from API
2025-06-03 16:38:37 | INFO | gift_parser:start_gift_parsing_loop:100 - 📊 Gifts fetched - Total: 12, Limited: 1, Unlimited: 11 (will be ignored)
2025-06-03 16:38:37 | INFO | gift_parser:start_gift_parsing_loop:150 - ✅ Database updated with LIMITED gifts only
2025-06-03 16:38:37 | INFO | gift_parser:start_gift_parsing_loop:158 - 👥 Found 1 users with autobuy enabled
2025-06-03 16:38:37 | DEBUG | gift_parser:start_gift_parsing_loop:174 - Cycle 1/1 for user 1487757625
2025-06-03 16:38:40 | DEBUG | gifts:aio_get_available_gifts:31 - Fetched 12 gifts from API
2025-06-03 16:38:40 | INFO | gift_parser:start_gift_parsing_loop:100 - 📊 Gifts fetched - Total: 12, Limited: 1, Unlimited: 11 (will be ignored)
2025-06-03 16:38:40 | INFO | gift_parser:start_gift_parsing_loop:130 - 📝 Updated gift 5782984811920491178: price=350⭐, remaining=91818/500000
2025-06-03 16:38:40 | INFO | gift_parser:start_gift_parsing_loop:150 - ✅ Database updated with LIMITED gifts only
2025-06-03 16:38:40 | INFO | gift_parser:start_gift_parsing_loop:158 - 👥 Found 1 users with autobuy enabled
2025-06-03 16:38:40 | DEBUG | gift_parser:start_gift_parsing_loop:174 - Cycle 1/1 for user 1487757625
2025-06-03 16:38:43 | DEBUG | gifts:aio_get_available_gifts:31 - Fetched 12 gifts from API
2025-06-03 16:38:43 | INFO | gift_parser:start_gift_parsing_loop:100 - 📊 Gifts fetched - Total: 12, Limited: 1, Unlimited: 11 (will be ignored)
2025-06-03 16:38:43 | INFO | gift_parser:start_gift_parsing_loop:130 - 📝 Updated gift 5782984811920491178: price=350⭐, remaining=91820/500000
2025-06-03 16:38:43 | INFO | gift_parser:start_gift_parsing_loop:150 - ✅ Database updated with LIMITED gifts only
2025-06-03 16:38:43 | INFO | gift_parser:start_gift_parsing_loop:158 - 👥 Found 1 users with autobuy enabled
2025-06-03 16:38:43 | DEBUG | gift_parser:start_gift_parsing_loop:174 - Cycle 1/1 for user 1487757625
2025-06-03 16:38:47 | DEBUG | gifts:aio_get_available_gifts:31 - Fetched 12 gifts from API
2025-06-03 16:38:47 | INFO | gift_parser:start_gift_parsing_loop:100 - 📊 Gifts fetched - Total: 12, Limited: 1, Unlimited: 11 (will be ignored)
2025-06-03 16:38:47 | INFO | gift_parser:start_gift_parsing_loop:130 - 📝 Updated gift 5782984811920491178: price=350⭐, remaining=91821/500000
2025-06-03 16:38:47 | INFO | gift_parser:start_gift_parsing_loop:150 - ✅ Database updated with LIMITED gifts only
2025-06-03 16:38:47 | INFO | gift_parser:start_gift_parsing_loop:158 - 👥 Found 1 users with autobuy enabled
2025-06-03 16:38:47 | DEBUG | gift_parser:start_gift_parsing_loop:174 - Cycle 1/1 for user 1487757625
2025-06-03 16:38:50 | DEBUG | gifts:aio_get_available_gifts:31 - Fetched 12 gifts from API
2025-06-03 16:38:50 | INFO | gift_parser:start_gift_parsing_loop:100 - 📊 Gifts fetched - Total: 12, Limited: 1, Unlimited: 11 (will be ignored)
2025-06-03 16:38:50 | INFO | gift_parser:start_gift_parsing_loop:130 - 📝 Updated gift 5782984811920491178: price=350⭐, remaining=91818/500000
2025-06-03 16:38:50 | INFO | gift_parser:start_gift_parsing_loop:150 - ✅ Database updated with LIMITED gifts only
2025-06-03 16:38:50 | INFO | gift_parser:start_gift_parsing_loop:158 - 👥 Found 1 users with autobuy enabled
2025-06-03 16:38:50 | DEBUG | gift_parser:start_gift_parsing_loop:174 - Cycle 1/1 for user 1487757625
2025-06-03 16:38:53 | DEBUG | gifts:aio_get_available_gifts:31 - Fetched 12 gifts from API
2025-06-03 16:38:53 | INFO | gift_parser:start_gift_parsing_loop:100 - 📊 Gifts fetched - Total: 12, Limited: 1, Unlimited: 11 (will be ignored)
2025-06-03 16:38:53 | INFO | gift_parser:start_gift_parsing_loop:150 - ✅ Database updated with LIMITED gifts only
2025-06-03 16:38:53 | INFO | gift_parser:start_gift_parsing_loop:158 - 👥 Found 1 users with autobuy enabled
2025-06-03 16:38:53 | DEBUG | gift_parser:start_gift_parsing_loop:174 - Cycle 1/1 for user 1487757625
2025-06-03 16:38:56 | DEBUG | gifts:aio_get_available_gifts:31 - Fetched 12 gifts from API
2025-06-03 16:38:56 | INFO | gift_parser:start_gift_parsing_loop:100 - 📊 Gifts fetched - Total: 12, Limited: 1, Unlimited: 11 (will be ignored)
2025-06-03 16:38:56 | INFO | gift_parser:start_gift_parsing_loop:130 - 📝 Updated gift 5782984811920491178: price=350⭐, remaining=91820/500000
2025-06-03 16:38:56 | INFO | gift_parser:start_gift_parsing_loop:150 - ✅ Database updated with LIMITED gifts only
2025-06-03 16:38:56 | INFO | gift_parser:start_gift_parsing_loop:158 - 👥 Found 1 users with autobuy enabled
2025-06-03 16:38:56 | DEBUG | gift_parser:start_gift_parsing_loop:174 - Cycle 1/1 for user 1487757625
2025-06-03 16:39:00 | DEBUG | gifts:aio_get_available_gifts:31 - Fetched 12 gifts from API
2025-06-03 16:39:00 | INFO | gift_parser:start_gift_parsing_loop:100 - 📊 Gifts fetched - Total: 12, Limited: 1, Unlimited: 11 (will be ignored)
2025-06-03 16:39:00 | INFO | gift_parser:start_gift_parsing_loop:150 - ✅ Database updated with LIMITED gifts only
2025-06-03 16:39:00 | INFO | gift_parser:start_gift_parsing_loop:158 - 👥 Found 1 users with autobuy enabled
2025-06-03 16:39:00 | DEBUG | gift_parser:start_gift_parsing_loop:174 - Cycle 1/1 for user 1487757625
2025-06-03 16:39:03 | DEBUG | gifts:aio_get_available_gifts:31 - Fetched 12 gifts from API
2025-06-03 16:39:03 | INFO | gift_parser:start_gift_parsing_loop:100 - 📊 Gifts fetched - Total: 12, Limited: 1, Unlimited: 11 (will be ignored)
2025-06-03 16:39:03 | INFO | gift_parser:start_gift_parsing_loop:130 - 📝 Updated gift 5782984811920491178: price=350⭐, remaining=91818/500000
2025-06-03 16:39:03 | INFO | gift_parser:start_gift_parsing_loop:150 - ✅ Database updated with LIMITED gifts only
2025-06-03 16:39:03 | INFO | gift_parser:start_gift_parsing_loop:158 - 👥 Found 1 users with autobuy enabled
2025-06-03 16:39:03 | DEBUG | gift_parser:start_gift_parsing_loop:174 - Cycle 1/1 for user 1487757625
2025-06-03 16:39:06 | DEBUG | gifts:aio_get_available_gifts:31 - Fetched 12 gifts from API
2025-06-03 16:39:06 | INFO | gift_parser:start_gift_parsing_loop:100 - 📊 Gifts fetched - Total: 12, Limited: 1, Unlimited: 11 (will be ignored)
2025-06-03 16:39:06 | INFO | gift_parser:start_gift_parsing_loop:150 - ✅ Database updated with LIMITED gifts only
2025-06-03 16:39:06 | INFO | gift_parser:start_gift_parsing_loop:158 - 👥 Found 1 users with autobuy enabled
2025-06-03 16:39:06 | DEBUG | gift_parser:start_gift_parsing_loop:174 - Cycle 1/1 for user 1487757625
2025-06-03 16:39:09 | DEBUG | gifts:aio_get_available_gifts:31 - Fetched 12 gifts from API
2025-06-03 16:39:09 | INFO | gift_parser:start_gift_parsing_loop:100 - 📊 Gifts fetched - Total: 12, Limited: 1, Unlimited: 11 (will be ignored)
2025-06-03 16:39:09 | INFO | gift_parser:start_gift_parsing_loop:150 - ✅ Database updated with LIMITED gifts only
2025-06-03 16:39:09 | INFO | gift_parser:start_gift_parsing_loop:158 - 👥 Found 1 users with autobuy enabled
2025-06-03 16:39:09 | DEBUG | gift_parser:start_gift_parsing_loop:174 - Cycle 1/1 for user 1487757625
2025-06-03 16:39:12 | DEBUG | gifts:aio_get_available_gifts:31 - Fetched 12 gifts from API
2025-06-03 16:39:12 | INFO | gift_parser:start_gift_parsing_loop:100 - 📊 Gifts fetched - Total: 12, Limited: 1, Unlimited: 11 (will be ignored)
2025-06-03 16:39:12 | INFO | gift_parser:start_gift_parsing_loop:130 - 📝 Updated gift 5782984811920491178: price=350⭐, remaining=91820/500000
2025-06-03 16:39:12 | INFO | gift_parser:start_gift_parsing_loop:150 - ✅ Database updated with LIMITED gifts only
2025-06-03 16:39:12 | INFO | gift_parser:start_gift_parsing_loop:158 - 👥 Found 1 users with autobuy enabled
2025-06-03 16:39:12 | DEBUG | gift_parser:start_gift_parsing_loop:174 - Cycle 1/1 for user 1487757625
2025-06-03 16:39:16 | DEBUG | gifts:aio_get_available_gifts:31 - Fetched 12 gifts from API
2025-06-03 16:39:16 | INFO | gift_parser:start_gift_parsing_loop:100 - 📊 Gifts fetched - Total: 12, Limited: 1, Unlimited: 11 (will be ignored)
2025-06-03 16:39:16 | INFO | gift_parser:start_gift_parsing_loop:130 - 📝 Updated gift 5782984811920491178: price=350⭐, remaining=91818/500000
2025-06-03 16:39:16 | INFO | gift_parser:start_gift_parsing_loop:150 - ✅ Database updated with LIMITED gifts only
2025-06-03 16:39:16 | INFO | gift_parser:start_gift_parsing_loop:158 - 👥 Found 1 users with autobuy enabled
2025-06-03 16:39:16 | DEBUG | gift_parser:start_gift_parsing_loop:174 - Cycle 1/1 for user 1487757625
2025-06-03 16:39:19 | DEBUG | gifts:aio_get_available_gifts:31 - Fetched 12 gifts from API
2025-06-03 16:39:19 | INFO | gift_parser:start_gift_parsing_loop:100 - 📊 Gifts fetched - Total: 12, Limited: 1, Unlimited: 11 (will be ignored)
2025-06-03 16:39:19 | INFO | gift_parser:start_gift_parsing_loop:150 - ✅ Database updated with LIMITED gifts only
2025-06-03 16:39:19 | INFO | gift_parser:start_gift_parsing_loop:158 - 👥 Found 1 users with autobuy enabled
2025-06-03 16:39:19 | DEBUG | gift_parser:start_gift_parsing_loop:174 - Cycle 1/1 for user 1487757625
2025-06-03 16:39:22 | DEBUG | gifts:aio_get_available_gifts:31 - Fetched 12 gifts from API
2025-06-03 16:39:22 | INFO | gift_parser:start_gift_parsing_loop:100 - 📊 Gifts fetched - Total: 12, Limited: 1, Unlimited: 11 (will be ignored)
2025-06-03 16:39:22 | INFO | gift_parser:start_gift_parsing_loop:150 - ✅ Database updated with LIMITED gifts only
2025-06-03 16:39:22 | INFO | gift_parser:start_gift_parsing_loop:158 - 👥 Found 1 users with autobuy enabled
2025-06-03 16:39:22 | DEBUG | gift_parser:start_gift_parsing_loop:174 - Cycle 1/1 for user 1487757625
2025-06-03 16:39:25 | DEBUG | gifts:aio_get_available_gifts:31 - Fetched 12 gifts from API
2025-06-03 16:39:25 | INFO | gift_parser:start_gift_parsing_loop:100 - 📊 Gifts fetched - Total: 12, Limited: 1, Unlimited: 11 (will be ignored)
2025-06-03 16:39:25 | INFO | gift_parser:start_gift_parsing_loop:150 - ✅ Database updated with LIMITED gifts only
2025-06-03 16:39:25 | INFO | gift_parser:start_gift_parsing_loop:158 - 👥 Found 1 users with autobuy enabled
2025-06-03 16:39:25 | DEBUG | gift_parser:start_gift_parsing_loop:174 - Cycle 1/1 for user 1487757625
2025-06-03 16:39:29 | DEBUG | gifts:aio_get_available_gifts:31 - Fetched 12 gifts from API
2025-06-03 16:39:29 | INFO | gift_parser:start_gift_parsing_loop:100 - 📊 Gifts fetched - Total: 12, Limited: 1, Unlimited: 11 (will be ignored)
2025-06-03 16:39:29 | INFO | gift_parser:start_gift_parsing_loop:150 - ✅ Database updated with LIMITED gifts only
2025-06-03 16:39:29 | INFO | gift_parser:start_gift_parsing_loop:158 - 👥 Found 1 users with autobuy enabled
2025-06-03 16:39:29 | DEBUG | gift_parser:start_gift_parsing_loop:174 - Cycle 1/1 for user 1487757625
2025-06-03 16:39:32 | DEBUG | gifts:aio_get_available_gifts:31 - Fetched 12 gifts from API
2025-06-03 16:39:32 | INFO | gift_parser:start_gift_parsing_loop:100 - 📊 Gifts fetched - Total: 12, Limited: 1, Unlimited: 11 (will be ignored)
2025-06-03 16:39:32 | INFO | gift_parser:start_gift_parsing_loop:150 - ✅ Database updated with LIMITED gifts only
2025-06-03 16:39:32 | INFO | gift_parser:start_gift_parsing_loop:158 - 👥 Found 1 users with autobuy enabled
2025-06-03 16:39:32 | DEBUG | gift_parser:start_gift_parsing_loop:174 - Cycle 1/1 for user 1487757625
2025-06-03 16:39:35 | DEBUG | gifts:aio_get_available_gifts:31 - Fetched 12 gifts from API
2025-06-03 16:39:35 | INFO | gift_parser:start_gift_parsing_loop:100 - 📊 Gifts fetched - Total: 12, Limited: 1, Unlimited: 11 (will be ignored)
2025-06-03 16:39:35 | INFO | gift_parser:start_gift_parsing_loop:150 - ✅ Database updated with LIMITED gifts only
2025-06-03 16:39:35 | INFO | gift_parser:start_gift_parsing_loop:158 - 👥 Found 1 users with autobuy enabled
2025-06-03 16:39:35 | DEBUG | gift_parser:start_gift_parsing_loop:174 - Cycle 1/1 for user 1487757625
2025-06-03 16:39:38 | DEBUG | gifts:aio_get_available_gifts:31 - Fetched 12 gifts from API
2025-06-03 16:39:38 | INFO | gift_parser:start_gift_parsing_loop:100 - 📊 Gifts fetched - Total: 12, Limited: 1, Unlimited: 11 (will be ignored)
2025-06-03 16:39:38 | INFO | gift_parser:start_gift_parsing_loop:150 - ✅ Database updated with LIMITED gifts only
2025-06-03 16:39:38 | INFO | gift_parser:start_gift_parsing_loop:158 - 👥 Found 1 users with autobuy enabled
2025-06-03 16:39:38 | DEBUG | gift_parser:start_gift_parsing_loop:174 - Cycle 1/1 for user 1487757625
2025-06-03 16:39:42 | DEBUG | gifts:aio_get_available_gifts:31 - Fetched 12 gifts from API
2025-06-03 16:39:42 | INFO | gift_parser:start_gift_parsing_loop:100 - 📊 Gifts fetched - Total: 12, Limited: 1, Unlimited: 11 (will be ignored)
2025-06-03 16:39:42 | INFO | gift_parser:start_gift_parsing_loop:150 - ✅ Database updated with LIMITED gifts only
2025-06-03 16:39:42 | INFO | gift_parser:start_gift_parsing_loop:158 - 👥 Found 1 users with autobuy enabled
2025-06-03 16:39:42 | DEBUG | gift_parser:start_gift_parsing_loop:174 - Cycle 1/1 for user 1487757625
2025-06-03 16:39:45 | DEBUG | gifts:aio_get_available_gifts:31 - Fetched 12 gifts from API
2025-06-03 16:39:45 | INFO | gift_parser:start_gift_parsing_loop:100 - 📊 Gifts fetched - Total: 12, Limited: 1, Unlimited: 11 (will be ignored)
2025-06-03 16:39:45 | INFO | gift_parser:start_gift_parsing_loop:150 - ✅ Database updated with LIMITED gifts only
2025-06-03 16:39:45 | INFO | gift_parser:start_gift_parsing_loop:158 - 👥 Found 1 users with autobuy enabled
2025-06-03 16:39:45 | DEBUG | gift_parser:start_gift_parsing_loop:174 - Cycle 1/1 for user 1487757625
2025-06-03 16:39:48 | DEBUG | gifts:aio_get_available_gifts:31 - Fetched 12 gifts from API
2025-06-03 16:39:48 | INFO | gift_parser:start_gift_parsing_loop:100 - 📊 Gifts fetched - Total: 12, Limited: 1, Unlimited: 11 (will be ignored)
2025-06-03 16:39:48 | INFO | gift_parser:start_gift_parsing_loop:150 - ✅ Database updated with LIMITED gifts only
2025-06-03 16:39:48 | INFO | gift_parser:start_gift_parsing_loop:158 - 👥 Found 1 users with autobuy enabled
2025-06-03 16:39:48 | DEBUG | gift_parser:start_gift_parsing_loop:174 - Cycle 1/1 for user 1487757625
2025-06-03 16:39:51 | DEBUG | gifts:aio_get_available_gifts:31 - Fetched 12 gifts from API
2025-06-03 16:39:51 | INFO | gift_parser:start_gift_parsing_loop:100 - 📊 Gifts fetched - Total: 12, Limited: 1, Unlimited: 11 (will be ignored)
2025-06-03 16:39:51 | INFO | gift_parser:start_gift_parsing_loop:130 - 📝 Updated gift 5782984811920491178: price=350⭐, remaining=91817/500000
2025-06-03 16:39:51 | INFO | gift_parser:start_gift_parsing_loop:150 - ✅ Database updated with LIMITED gifts only
2025-06-03 16:39:51 | INFO | gift_parser:start_gift_parsing_loop:158 - 👥 Found 1 users with autobuy enabled
2025-06-03 16:39:51 | DEBUG | gift_parser:start_gift_parsing_loop:174 - Cycle 1/1 for user 1487757625
2025-06-03 16:39:55 | DEBUG | gifts:aio_get_available_gifts:31 - Fetched 12 gifts from API
2025-06-03 16:39:55 | INFO | gift_parser:start_gift_parsing_loop:100 - 📊 Gifts fetched - Total: 12, Limited: 1, Unlimited: 11 (will be ignored)
2025-06-03 16:39:55 | INFO | gift_parser:start_gift_parsing_loop:150 - ✅ Database updated with LIMITED gifts only
2025-06-03 16:39:55 | INFO | gift_parser:start_gift_parsing_loop:158 - 👥 Found 1 users with autobuy enabled
2025-06-03 16:39:55 | DEBUG | gift_parser:start_gift_parsing_loop:174 - Cycle 1/1 for user 1487757625
2025-06-03 16:39:58 | DEBUG | gifts:aio_get_available_gifts:31 - Fetched 12 gifts from API
2025-06-03 16:39:58 | INFO | gift_parser:start_gift_parsing_loop:100 - 📊 Gifts fetched - Total: 12, Limited: 1, Unlimited: 11 (will be ignored)
2025-06-03 16:39:58 | INFO | gift_parser:start_gift_parsing_loop:130 - 📝 Updated gift 5782984811920491178: price=350⭐, remaining=91818/500000
2025-06-03 16:39:58 | INFO | gift_parser:start_gift_parsing_loop:150 - ✅ Database updated with LIMITED gifts only
2025-06-03 16:39:58 | INFO | gift_parser:start_gift_parsing_loop:158 - 👥 Found 1 users with autobuy enabled
2025-06-03 16:39:58 | DEBUG | gift_parser:start_gift_parsing_loop:174 - Cycle 1/1 for user 1487757625
2025-06-03 16:40:01 | DEBUG | gifts:aio_get_available_gifts:31 - Fetched 12 gifts from API
2025-06-03 16:40:01 | INFO | gift_parser:start_gift_parsing_loop:100 - 📊 Gifts fetched - Total: 12, Limited: 1, Unlimited: 11 (will be ignored)
2025-06-03 16:40:01 | INFO | gift_parser:start_gift_parsing_loop:130 - 📝 Updated gift 5782984811920491178: price=350⭐, remaining=91817/500000
2025-06-03 16:40:01 | INFO | gift_parser:start_gift_parsing_loop:150 - ✅ Database updated with LIMITED gifts only
2025-06-03 16:40:01 | INFO | gift_parser:start_gift_parsing_loop:158 - 👥 Found 1 users with autobuy enabled
2025-06-03 16:40:01 | DEBUG | gift_parser:start_gift_parsing_loop:174 - Cycle 1/1 for user 1487757625
2025-06-03 16:40:04 | DEBUG | gifts:aio_get_available_gifts:31 - Fetched 12 gifts from API
2025-06-03 16:40:04 | INFO | gift_parser:start_gift_parsing_loop:100 - 📊 Gifts fetched - Total: 12, Limited: 1, Unlimited: 11 (will be ignored)
2025-06-03 16:40:04 | INFO | gift_parser:start_gift_parsing_loop:150 - ✅ Database updated with LIMITED gifts only
2025-06-03 16:40:04 | INFO | gift_parser:start_gift_parsing_loop:158 - 👥 Found 1 users with autobuy enabled
2025-06-03 16:40:04 | DEBUG | gift_parser:start_gift_parsing_loop:174 - Cycle 1/1 for user 1487757625
2025-06-03 16:40:08 | DEBUG | gifts:aio_get_available_gifts:31 - Fetched 12 gifts from API
2025-06-03 16:40:08 | INFO | gift_parser:start_gift_parsing_loop:100 - 📊 Gifts fetched - Total: 12, Limited: 1, Unlimited: 11 (will be ignored)
2025-06-03 16:40:08 | INFO | gift_parser:start_gift_parsing_loop:150 - ✅ Database updated with LIMITED gifts only
2025-06-03 16:40:08 | INFO | gift_parser:start_gift_parsing_loop:158 - 👥 Found 1 users with autobuy enabled
2025-06-03 16:40:08 | DEBUG | gift_parser:start_gift_parsing_loop:174 - Cycle 1/1 for user 1487757625
2025-06-03 16:40:11 | DEBUG | gifts:aio_get_available_gifts:31 - Fetched 12 gifts from API
2025-06-03 16:40:11 | INFO | gift_parser:start_gift_parsing_loop:100 - 📊 Gifts fetched - Total: 12, Limited: 1, Unlimited: 11 (will be ignored)
2025-06-03 16:40:11 | INFO | gift_parser:start_gift_parsing_loop:130 - 📝 Updated gift 5782984811920491178: price=350⭐, remaining=91818/500000
2025-06-03 16:40:11 | INFO | gift_parser:start_gift_parsing_loop:150 - ✅ Database updated with LIMITED gifts only
2025-06-03 16:40:11 | INFO | gift_parser:start_gift_parsing_loop:158 - 👥 Found 1 users with autobuy enabled
2025-06-03 16:40:11 | DEBUG | gift_parser:start_gift_parsing_loop:174 - Cycle 1/1 for user 1487757625
2025-06-03 16:40:14 | DEBUG | gifts:aio_get_available_gifts:31 - Fetched 12 gifts from API
2025-06-03 16:40:14 | INFO | gift_parser:start_gift_parsing_loop:100 - 📊 Gifts fetched - Total: 12, Limited: 1, Unlimited: 11 (will be ignored)
2025-06-03 16:40:14 | INFO | gift_parser:start_gift_parsing_loop:150 - ✅ Database updated with LIMITED gifts only
2025-06-03 16:40:14 | INFO | gift_parser:start_gift_parsing_loop:158 - 👥 Found 1 users with autobuy enabled
2025-06-03 16:40:14 | DEBUG | gift_parser:start_gift_parsing_loop:174 - Cycle 1/1 for user 1487757625
2025-06-03 16:40:17 | DEBUG | gifts:aio_get_available_gifts:31 - Fetched 12 gifts from API
2025-06-03 16:40:17 | INFO | gift_parser:start_gift_parsing_loop:100 - 📊 Gifts fetched - Total: 12, Limited: 1, Unlimited: 11 (will be ignored)
2025-06-03 16:40:17 | INFO | gift_parser:start_gift_parsing_loop:130 - 📝 Updated gift 5782984811920491178: price=350⭐, remaining=91817/500000
2025-06-03 16:40:17 | INFO | gift_parser:start_gift_parsing_loop:150 - ✅ Database updated with LIMITED gifts only
2025-06-03 16:40:17 | INFO | gift_parser:start_gift_parsing_loop:158 - 👥 Found 1 users with autobuy enabled
2025-06-03 16:40:17 | DEBUG | gift_parser:start_gift_parsing_loop:174 - Cycle 1/1 for user 1487757625
2025-06-03 16:40:21 | DEBUG | gifts:aio_get_available_gifts:31 - Fetched 12 gifts from API
2025-06-03 16:40:21 | INFO | gift_parser:start_gift_parsing_loop:100 - 📊 Gifts fetched - Total: 12, Limited: 1, Unlimited: 11 (will be ignored)
2025-06-03 16:40:21 | INFO | gift_parser:start_gift_parsing_loop:150 - ✅ Database updated with LIMITED gifts only
2025-06-03 16:40:21 | INFO | gift_parser:start_gift_parsing_loop:158 - 👥 Found 1 users with autobuy enabled
2025-06-03 16:40:21 | DEBUG | gift_parser:start_gift_parsing_loop:174 - Cycle 1/1 for user 1487757625
2025-06-03 16:40:24 | DEBUG | gifts:aio_get_available_gifts:31 - Fetched 12 gifts from API
2025-06-03 16:40:24 | INFO | gift_parser:start_gift_parsing_loop:100 - 📊 Gifts fetched - Total: 12, Limited: 1, Unlimited: 11 (will be ignored)
2025-06-03 16:40:24 | INFO | gift_parser:start_gift_parsing_loop:150 - ✅ Database updated with LIMITED gifts only
2025-06-03 16:40:24 | INFO | gift_parser:start_gift_parsing_loop:158 - 👥 Found 1 users with autobuy enabled
2025-06-03 16:40:24 | DEBUG | gift_parser:start_gift_parsing_loop:174 - Cycle 1/1 for user 1487757625
2025-06-03 16:40:27 | DEBUG | gifts:aio_get_available_gifts:31 - Fetched 12 gifts from API
2025-06-03 16:40:27 | INFO | gift_parser:start_gift_parsing_loop:100 - 📊 Gifts fetched - Total: 12, Limited: 1, Unlimited: 11 (will be ignored)
2025-06-03 16:40:27 | INFO | gift_parser:start_gift_parsing_loop:150 - ✅ Database updated with LIMITED gifts only
2025-06-03 16:40:27 | INFO | gift_parser:start_gift_parsing_loop:158 - 👥 Found 1 users with autobuy enabled
2025-06-03 16:40:27 | DEBUG | gift_parser:start_gift_parsing_loop:174 - Cycle 1/1 for user 1487757625
2025-06-03 16:40:30 | DEBUG | gifts:aio_get_available_gifts:31 - Fetched 12 gifts from API
2025-06-03 16:40:30 | INFO | gift_parser:start_gift_parsing_loop:100 - 📊 Gifts fetched - Total: 12, Limited: 1, Unlimited: 11 (will be ignored)
2025-06-03 16:40:30 | INFO | gift_parser:start_gift_parsing_loop:150 - ✅ Database updated with LIMITED gifts only
2025-06-03 16:40:30 | INFO | gift_parser:start_gift_parsing_loop:158 - 👥 Found 1 users with autobuy enabled
2025-06-03 16:40:30 | DEBUG | gift_parser:start_gift_parsing_loop:174 - Cycle 1/1 for user 1487757625
2025-06-03 16:40:34 | DEBUG | gifts:aio_get_available_gifts:31 - Fetched 12 gifts from API
2025-06-03 16:40:34 | INFO | gift_parser:start_gift_parsing_loop:100 - 📊 Gifts fetched - Total: 12, Limited: 1, Unlimited: 11 (will be ignored)
2025-06-03 16:40:34 | INFO | gift_parser:start_gift_parsing_loop:150 - ✅ Database updated with LIMITED gifts only
2025-06-03 16:40:34 | INFO | gift_parser:start_gift_parsing_loop:158 - 👥 Found 1 users with autobuy enabled
2025-06-03 16:40:34 | DEBUG | gift_parser:start_gift_parsing_loop:174 - Cycle 1/1 for user 1487757625
2025-06-03 16:40:37 | DEBUG | gifts:aio_get_available_gifts:31 - Fetched 12 gifts from API
2025-06-03 16:40:37 | INFO | gift_parser:start_gift_parsing_loop:100 - 📊 Gifts fetched - Total: 12, Limited: 1, Unlimited: 11 (will be ignored)
2025-06-03 16:40:37 | INFO | gift_parser:start_gift_parsing_loop:130 - 📝 Updated gift 5782984811920491178: price=350⭐, remaining=91816/500000
2025-06-03 16:40:37 | INFO | gift_parser:start_gift_parsing_loop:150 - ✅ Database updated with LIMITED gifts only
2025-06-03 16:40:37 | INFO | gift_parser:start_gift_parsing_loop:158 - 👥 Found 1 users with autobuy enabled
2025-06-03 16:40:37 | DEBUG | gift_parser:start_gift_parsing_loop:174 - Cycle 1/1 for user 1487757625
2025-06-03 16:40:40 | DEBUG | gifts:aio_get_available_gifts:31 - Fetched 12 gifts from API
2025-06-03 16:40:40 | INFO | gift_parser:start_gift_parsing_loop:100 - 📊 Gifts fetched - Total: 12, Limited: 1, Unlimited: 11 (will be ignored)
2025-06-03 16:40:40 | INFO | gift_parser:start_gift_parsing_loop:130 - 📝 Updated gift 5782984811920491178: price=350⭐, remaining=91817/500000
2025-06-03 16:40:40 | INFO | gift_parser:start_gift_parsing_loop:150 - ✅ Database updated with LIMITED gifts only
2025-06-03 16:40:40 | INFO | gift_parser:start_gift_parsing_loop:158 - 👥 Found 1 users with autobuy enabled
2025-06-03 16:40:40 | DEBUG | gift_parser:start_gift_parsing_loop:174 - Cycle 1/1 for user 1487757625
2025-06-03 16:40:43 | DEBUG | gifts:aio_get_available_gifts:31 - Fetched 12 gifts from API
2025-06-03 16:40:43 | INFO | gift_parser:start_gift_parsing_loop:100 - 📊 Gifts fetched - Total: 12, Limited: 1, Unlimited: 11 (will be ignored)
2025-06-03 16:40:43 | INFO | gift_parser:start_gift_parsing_loop:150 - ✅ Database updated with LIMITED gifts only
2025-06-03 16:40:43 | INFO | gift_parser:start_gift_parsing_loop:158 - 👥 Found 1 users with autobuy enabled
2025-06-03 16:40:43 | DEBUG | gift_parser:start_gift_parsing_loop:174 - Cycle 1/1 for user 1487757625
2025-06-03 16:40:47 | DEBUG | gifts:aio_get_available_gifts:31 - Fetched 12 gifts from API
2025-06-03 16:40:47 | INFO | gift_parser:start_gift_parsing_loop:100 - 📊 Gifts fetched - Total: 12, Limited: 1, Unlimited: 11 (will be ignored)
2025-06-03 16:40:47 | INFO | gift_parser:start_gift_parsing_loop:150 - ✅ Database updated with LIMITED gifts only
2025-06-03 16:40:47 | INFO | gift_parser:start_gift_parsing_loop:158 - 👥 Found 1 users with autobuy enabled
2025-06-03 16:40:47 | DEBUG | gift_parser:start_gift_parsing_loop:174 - Cycle 1/1 for user 1487757625
2025-06-03 16:40:50 | DEBUG | gifts:aio_get_available_gifts:31 - Fetched 12 gifts from API
2025-06-03 16:40:50 | INFO | gift_parser:start_gift_parsing_loop:100 - 📊 Gifts fetched - Total: 12, Limited: 1, Unlimited: 11 (will be ignored)
2025-06-03 16:40:50 | INFO | gift_parser:start_gift_parsing_loop:150 - ✅ Database updated with LIMITED gifts only
2025-06-03 16:40:50 | INFO | gift_parser:start_gift_parsing_loop:158 - 👥 Found 1 users with autobuy enabled
2025-06-03 16:40:50 | DEBUG | gift_parser:start_gift_parsing_loop:174 - Cycle 1/1 for user 1487757625
2025-06-03 16:40:53 | DEBUG | gifts:aio_get_available_gifts:31 - Fetched 12 gifts from API
2025-06-03 16:40:53 | INFO | gift_parser:start_gift_parsing_loop:100 - 📊 Gifts fetched - Total: 12, Limited: 1, Unlimited: 11 (will be ignored)
2025-06-03 16:40:53 | INFO | gift_parser:start_gift_parsing_loop:130 - 📝 Updated gift 5782984811920491178: price=350⭐, remaining=91816/500000
2025-06-03 16:40:53 | INFO | gift_parser:start_gift_parsing_loop:150 - ✅ Database updated with LIMITED gifts only
2025-06-03 16:40:53 | INFO | gift_parser:start_gift_parsing_loop:158 - 👥 Found 1 users with autobuy enabled
2025-06-03 16:40:53 | DEBUG | gift_parser:start_gift_parsing_loop:174 - Cycle 1/1 for user 1487757625
2025-06-03 16:40:56 | DEBUG | gifts:aio_get_available_gifts:31 - Fetched 12 gifts from API
2025-06-03 16:40:56 | INFO | gift_parser:start_gift_parsing_loop:100 - 📊 Gifts fetched - Total: 12, Limited: 1, Unlimited: 11 (will be ignored)
2025-06-03 16:40:56 | INFO | gift_parser:start_gift_parsing_loop:150 - ✅ Database updated with LIMITED gifts only
2025-06-03 16:40:56 | INFO | gift_parser:start_gift_parsing_loop:158 - 👥 Found 1 users with autobuy enabled
2025-06-03 16:40:56 | DEBUG | gift_parser:start_gift_parsing_loop:174 - Cycle 1/1 for user 1487757625
2025-06-03 16:41:00 | DEBUG | gifts:aio_get_available_gifts:31 - Fetched 12 gifts from API
2025-06-03 16:41:00 | INFO | gift_parser:start_gift_parsing_loop:100 - 📊 Gifts fetched - Total: 12, Limited: 1, Unlimited: 11 (will be ignored)
2025-06-03 16:41:00 | INFO | gift_parser:start_gift_parsing_loop:150 - ✅ Database updated with LIMITED gifts only
2025-06-03 16:41:00 | INFO | gift_parser:start_gift_parsing_loop:158 - 👥 Found 1 users with autobuy enabled
2025-06-03 16:41:00 | DEBUG | gift_parser:start_gift_parsing_loop:174 - Cycle 1/1 for user 1487757625
2025-06-03 16:41:03 | DEBUG | gifts:aio_get_available_gifts:31 - Fetched 12 gifts from API
2025-06-03 16:41:03 | INFO | gift_parser:start_gift_parsing_loop:100 - 📊 Gifts fetched - Total: 12, Limited: 1, Unlimited: 11 (will be ignored)
2025-06-03 16:41:03 | INFO | gift_parser:start_gift_parsing_loop:150 - ✅ Database updated with LIMITED gifts only
2025-06-03 16:41:03 | INFO | gift_parser:start_gift_parsing_loop:158 - 👥 Found 1 users with autobuy enabled
2025-06-03 16:41:03 | DEBUG | gift_parser:start_gift_parsing_loop:174 - Cycle 1/1 for user 1487757625
2025-06-03 16:41:06 | DEBUG | gifts:aio_get_available_gifts:31 - Fetched 12 gifts from API
2025-06-03 16:41:06 | INFO | gift_parser:start_gift_parsing_loop:100 - 📊 Gifts fetched - Total: 12, Limited: 1, Unlimited: 11 (will be ignored)
2025-06-03 16:41:06 | INFO | gift_parser:start_gift_parsing_loop:150 - ✅ Database updated with LIMITED gifts only
2025-06-03 16:41:06 | INFO | gift_parser:start_gift_parsing_loop:158 - 👥 Found 1 users with autobuy enabled
2025-06-03 16:41:06 | DEBUG | gift_parser:start_gift_parsing_loop:174 - Cycle 1/1 for user 1487757625
2025-06-03 16:41:09 | DEBUG | gifts:aio_get_available_gifts:31 - Fetched 12 gifts from API
2025-06-03 16:41:09 | INFO | gift_parser:start_gift_parsing_loop:100 - 📊 Gifts fetched - Total: 12, Limited: 1, Unlimited: 11 (will be ignored)
2025-06-03 16:41:09 | INFO | gift_parser:start_gift_parsing_loop:150 - ✅ Database updated with LIMITED gifts only
2025-06-03 16:41:09 | INFO | gift_parser:start_gift_parsing_loop:158 - 👥 Found 1 users with autobuy enabled
2025-06-03 16:41:09 | DEBUG | gift_parser:start_gift_parsing_loop:174 - Cycle 1/1 for user 1487757625
2025-06-03 16:41:13 | DEBUG | gifts:aio_get_available_gifts:31 - Fetched 12 gifts from API
2025-06-03 16:41:13 | INFO | gift_parser:start_gift_parsing_loop:100 - 📊 Gifts fetched - Total: 12, Limited: 1, Unlimited: 11 (will be ignored)
2025-06-03 16:41:13 | INFO | gift_parser:start_gift_parsing_loop:150 - ✅ Database updated with LIMITED gifts only
2025-06-03 16:41:13 | INFO | gift_parser:start_gift_parsing_loop:158 - 👥 Found 1 users with autobuy enabled
2025-06-03 16:41:13 | DEBUG | gift_parser:start_gift_parsing_loop:174 - Cycle 1/1 for user 1487757625
2025-06-03 16:41:16 | DEBUG | gifts:aio_get_available_gifts:31 - Fetched 12 gifts from API
2025-06-03 16:41:16 | INFO | gift_parser:start_gift_parsing_loop:100 - 📊 Gifts fetched - Total: 12, Limited: 1, Unlimited: 11 (will be ignored)
2025-06-03 16:41:16 | INFO | gift_parser:start_gift_parsing_loop:150 - ✅ Database updated with LIMITED gifts only
2025-06-03 16:41:16 | INFO | gift_parser:start_gift_parsing_loop:158 - 👥 Found 1 users with autobuy enabled
2025-06-03 16:41:16 | DEBUG | gift_parser:start_gift_parsing_loop:174 - Cycle 1/1 for user 1487757625
2025-06-03 16:41:19 | DEBUG | gifts:aio_get_available_gifts:31 - Fetched 12 gifts from API
2025-06-03 16:41:19 | INFO | gift_parser:start_gift_parsing_loop:100 - 📊 Gifts fetched - Total: 12, Limited: 1, Unlimited: 11 (will be ignored)
2025-06-03 16:41:19 | INFO | gift_parser:start_gift_parsing_loop:150 - ✅ Database updated with LIMITED gifts only
2025-06-03 16:41:19 | INFO | gift_parser:start_gift_parsing_loop:158 - 👥 Found 1 users with autobuy enabled
2025-06-03 16:41:19 | DEBUG | gift_parser:start_gift_parsing_loop:174 - Cycle 1/1 for user 1487757625
2025-06-03 16:41:23 | DEBUG | gifts:aio_get_available_gifts:31 - Fetched 12 gifts from API
2025-06-03 16:41:23 | INFO | gift_parser:start_gift_parsing_loop:100 - 📊 Gifts fetched - Total: 12, Limited: 1, Unlimited: 11 (will be ignored)
2025-06-03 16:41:23 | INFO | gift_parser:start_gift_parsing_loop:150 - ✅ Database updated with LIMITED gifts only
2025-06-03 16:41:23 | INFO | gift_parser:start_gift_parsing_loop:158 - 👥 Found 1 users with autobuy enabled
2025-06-03 16:41:23 | DEBUG | gift_parser:start_gift_parsing_loop:174 - Cycle 1/1 for user 1487757625
2025-06-03 16:41:26 | DEBUG | gifts:aio_get_available_gifts:31 - Fetched 12 gifts from API
2025-06-03 16:41:26 | INFO | gift_parser:start_gift_parsing_loop:100 - 📊 Gifts fetched - Total: 12, Limited: 1, Unlimited: 11 (will be ignored)
2025-06-03 16:41:26 | INFO | gift_parser:start_gift_parsing_loop:150 - ✅ Database updated with LIMITED gifts only
2025-06-03 16:41:26 | INFO | gift_parser:start_gift_parsing_loop:158 - 👥 Found 1 users with autobuy enabled
2025-06-03 16:41:26 | DEBUG | gift_parser:start_gift_parsing_loop:174 - Cycle 1/1 for user 1487757625
2025-06-03 16:41:29 | DEBUG | gifts:aio_get_available_gifts:31 - Fetched 12 gifts from API
2025-06-03 16:41:29 | INFO | gift_parser:start_gift_parsing_loop:100 - 📊 Gifts fetched - Total: 12, Limited: 1, Unlimited: 11 (will be ignored)
2025-06-03 16:41:29 | INFO | gift_parser:start_gift_parsing_loop:150 - ✅ Database updated with LIMITED gifts only
2025-06-03 16:41:29 | INFO | gift_parser:start_gift_parsing_loop:158 - 👥 Found 1 users with autobuy enabled
2025-06-03 16:41:29 | DEBUG | gift_parser:start_gift_parsing_loop:174 - Cycle 1/1 for user 1487757625
2025-06-03 16:41:32 | DEBUG | gifts:aio_get_available_gifts:31 - Fetched 12 gifts from API
2025-06-03 16:41:32 | INFO | gift_parser:start_gift_parsing_loop:100 - 📊 Gifts fetched - Total: 12, Limited: 1, Unlimited: 11 (will be ignored)
2025-06-03 16:41:32 | INFO | gift_parser:start_gift_parsing_loop:150 - ✅ Database updated with LIMITED gifts only
2025-06-03 16:41:32 | INFO | gift_parser:start_gift_parsing_loop:158 - 👥 Found 1 users with autobuy enabled
2025-06-03 16:41:32 | DEBUG | gift_parser:start_gift_parsing_loop:174 - Cycle 1/1 for user 1487757625
2025-06-03 16:41:35 | DEBUG | gifts:aio_get_available_gifts:31 - Fetched 12 gifts from API
2025-06-03 16:41:35 | INFO | gift_parser:start_gift_parsing_loop:100 - 📊 Gifts fetched - Total: 12, Limited: 1, Unlimited: 11 (will be ignored)
2025-06-03 16:41:35 | INFO | gift_parser:start_gift_parsing_loop:130 - 📝 Updated gift 5782984811920491178: price=350⭐, remaining=91814/500000
2025-06-03 16:41:35 | INFO | gift_parser:start_gift_parsing_loop:150 - ✅ Database updated with LIMITED gifts only
2025-06-03 16:41:35 | INFO | gift_parser:start_gift_parsing_loop:158 - 👥 Found 1 users with autobuy enabled
2025-06-03 16:41:35 | DEBUG | gift_parser:start_gift_parsing_loop:174 - Cycle 1/1 for user 1487757625
2025-06-03 16:41:39 | DEBUG | gifts:aio_get_available_gifts:31 - Fetched 12 gifts from API
2025-06-03 16:41:39 | INFO | gift_parser:start_gift_parsing_loop:100 - 📊 Gifts fetched - Total: 12, Limited: 1, Unlimited: 11 (will be ignored)
2025-06-03 16:41:39 | INFO | gift_parser:start_gift_parsing_loop:150 - ✅ Database updated with LIMITED gifts only
2025-06-03 16:41:39 | INFO | gift_parser:start_gift_parsing_loop:158 - 👥 Found 1 users with autobuy enabled
2025-06-03 16:41:39 | DEBUG | gift_parser:start_gift_parsing_loop:174 - Cycle 1/1 for user 1487757625
2025-06-03 16:41:42 | DEBUG | gifts:aio_get_available_gifts:31 - Fetched 12 gifts from API
2025-06-03 16:41:42 | INFO | gift_parser:start_gift_parsing_loop:100 - 📊 Gifts fetched - Total: 12, Limited: 1, Unlimited: 11 (will be ignored)
2025-06-03 16:41:42 | INFO | gift_parser:start_gift_parsing_loop:150 - ✅ Database updated with LIMITED gifts only
2025-06-03 16:41:42 | INFO | gift_parser:start_gift_parsing_loop:158 - 👥 Found 1 users with autobuy enabled
2025-06-03 16:41:42 | DEBUG | gift_parser:start_gift_parsing_loop:174 - Cycle 1/1 for user 1487757625
2025-06-03 16:41:45 | DEBUG | gifts:aio_get_available_gifts:31 - Fetched 12 gifts from API
2025-06-03 16:41:45 | INFO | gift_parser:start_gift_parsing_loop:100 - 📊 Gifts fetched - Total: 12, Limited: 1, Unlimited: 11 (will be ignored)
2025-06-03 16:41:45 | INFO | gift_parser:start_gift_parsing_loop:150 - ✅ Database updated with LIMITED gifts only
2025-06-03 16:41:45 | INFO | gift_parser:start_gift_parsing_loop:158 - 👥 Found 1 users with autobuy enabled
2025-06-03 16:41:45 | DEBUG | gift_parser:start_gift_parsing_loop:174 - Cycle 1/1 for user 1487757625
2025-06-03 16:41:48 | DEBUG | gifts:aio_get_available_gifts:31 - Fetched 12 gifts from API
2025-06-03 16:41:48 | INFO | gift_parser:start_gift_parsing_loop:100 - 📊 Gifts fetched - Total: 12, Limited: 1, Unlimited: 11 (will be ignored)
2025-06-03 16:41:48 | INFO | gift_parser:start_gift_parsing_loop:150 - ✅ Database updated with LIMITED gifts only
2025-06-03 16:41:48 | INFO | gift_parser:start_gift_parsing_loop:158 - 👥 Found 1 users with autobuy enabled
2025-06-03 16:41:48 | DEBUG | gift_parser:start_gift_parsing_loop:174 - Cycle 1/1 for user 1487757625
2025-06-03 16:41:52 | DEBUG | gifts:aio_get_available_gifts:31 - Fetched 12 gifts from API
2025-06-03 16:41:52 | INFO | gift_parser:start_gift_parsing_loop:100 - 📊 Gifts fetched - Total: 12, Limited: 1, Unlimited: 11 (will be ignored)
2025-06-03 16:41:52 | INFO | gift_parser:start_gift_parsing_loop:150 - ✅ Database updated with LIMITED gifts only
2025-06-03 16:41:52 | INFO | gift_parser:start_gift_parsing_loop:158 - 👥 Found 1 users with autobuy enabled
2025-06-03 16:41:52 | DEBUG | gift_parser:start_gift_parsing_loop:174 - Cycle 1/1 for user 1487757625
2025-06-03 16:41:55 | DEBUG | gifts:aio_get_available_gifts:31 - Fetched 12 gifts from API
2025-06-03 16:41:55 | INFO | gift_parser:start_gift_parsing_loop:100 - 📊 Gifts fetched - Total: 12, Limited: 1, Unlimited: 11 (will be ignored)
2025-06-03 16:41:55 | INFO | gift_parser:start_gift_parsing_loop:150 - ✅ Database updated with LIMITED gifts only
2025-06-03 16:41:55 | INFO | gift_parser:start_gift_parsing_loop:158 - 👥 Found 1 users with autobuy enabled
2025-06-03 16:41:55 | DEBUG | gift_parser:start_gift_parsing_loop:174 - Cycle 1/1 for user 1487757625
2025-06-03 16:41:58 | DEBUG | gifts:aio_get_available_gifts:31 - Fetched 12 gifts from API
2025-06-03 16:41:58 | INFO | gift_parser:start_gift_parsing_loop:100 - 📊 Gifts fetched - Total: 12, Limited: 1, Unlimited: 11 (will be ignored)
2025-06-03 16:41:58 | INFO | gift_parser:start_gift_parsing_loop:150 - ✅ Database updated with LIMITED gifts only
2025-06-03 16:41:58 | INFO | gift_parser:start_gift_parsing_loop:158 - 👥 Found 1 users with autobuy enabled
2025-06-03 16:41:58 | DEBUG | gift_parser:start_gift_parsing_loop:174 - Cycle 1/1 for user 1487757625
2025-06-03 16:42:01 | DEBUG | gifts:aio_get_available_gifts:31 - Fetched 12 gifts from API
2025-06-03 16:42:01 | INFO | gift_parser:start_gift_parsing_loop:100 - 📊 Gifts fetched - Total: 12, Limited: 1, Unlimited: 11 (will be ignored)
2025-06-03 16:42:01 | INFO | gift_parser:start_gift_parsing_loop:150 - ✅ Database updated with LIMITED gifts only
2025-06-03 16:42:01 | INFO | gift_parser:start_gift_parsing_loop:158 - 👥 Found 1 users with autobuy enabled
2025-06-03 16:42:01 | DEBUG | gift_parser:start_gift_parsing_loop:174 - Cycle 1/1 for user 1487757625
2025-06-03 16:42:05 | DEBUG | gifts:aio_get_available_gifts:31 - Fetched 12 gifts from API
2025-06-03 16:42:05 | INFO | gift_parser:start_gift_parsing_loop:100 - 📊 Gifts fetched - Total: 12, Limited: 1, Unlimited: 11 (will be ignored)
2025-06-03 16:42:05 | INFO | gift_parser:start_gift_parsing_loop:150 - ✅ Database updated with LIMITED gifts only
2025-06-03 16:42:05 | INFO | gift_parser:start_gift_parsing_loop:158 - 👥 Found 1 users with autobuy enabled
2025-06-03 16:42:05 | DEBUG | gift_parser:start_gift_parsing_loop:174 - Cycle 1/1 for user 1487757625
2025-06-03 16:42:08 | DEBUG | gifts:aio_get_available_gifts:31 - Fetched 12 gifts from API
2025-06-03 16:42:08 | INFO | gift_parser:start_gift_parsing_loop:100 - 📊 Gifts fetched - Total: 12, Limited: 1, Unlimited: 11 (will be ignored)
2025-06-03 16:42:08 | INFO | gift_parser:start_gift_parsing_loop:150 - ✅ Database updated with LIMITED gifts only
2025-06-03 16:42:08 | INFO | gift_parser:start_gift_parsing_loop:158 - 👥 Found 1 users with autobuy enabled
2025-06-03 16:42:08 | DEBUG | gift_parser:start_gift_parsing_loop:174 - Cycle 1/1 for user 1487757625
2025-06-03 16:42:11 | DEBUG | gifts:aio_get_available_gifts:31 - Fetched 12 gifts from API
2025-06-03 16:42:11 | INFO | gift_parser:start_gift_parsing_loop:100 - 📊 Gifts fetched - Total: 12, Limited: 1, Unlimited: 11 (will be ignored)
2025-06-03 16:42:11 | INFO | gift_parser:start_gift_parsing_loop:150 - ✅ Database updated with LIMITED gifts only
2025-06-03 16:42:11 | INFO | gift_parser:start_gift_parsing_loop:158 - 👥 Found 1 users with autobuy enabled
2025-06-03 16:42:11 | DEBUG | gift_parser:start_gift_parsing_loop:174 - Cycle 1/1 for user 1487757625
2025-06-03 16:42:14 | DEBUG | gifts:aio_get_available_gifts:31 - Fetched 12 gifts from API
2025-06-03 16:42:14 | INFO | gift_parser:start_gift_parsing_loop:100 - 📊 Gifts fetched - Total: 12, Limited: 1, Unlimited: 11 (will be ignored)
2025-06-03 16:42:14 | INFO | gift_parser:start_gift_parsing_loop:150 - ✅ Database updated with LIMITED gifts only
2025-06-03 16:42:14 | INFO | gift_parser:start_gift_parsing_loop:158 - 👥 Found 1 users with autobuy enabled
2025-06-03 16:42:14 | DEBUG | gift_parser:start_gift_parsing_loop:174 - Cycle 1/1 for user 1487757625
2025-06-03 16:42:17 | DEBUG | gifts:aio_get_available_gifts:31 - Fetched 12 gifts from API
2025-06-03 16:42:17 | INFO | gift_parser:start_gift_parsing_loop:100 - 📊 Gifts fetched - Total: 12, Limited: 1, Unlimited: 11 (will be ignored)
2025-06-03 16:42:17 | INFO | gift_parser:start_gift_parsing_loop:150 - ✅ Database updated with LIMITED gifts only
2025-06-03 16:42:17 | INFO | gift_parser:start_gift_parsing_loop:158 - 👥 Found 1 users with autobuy enabled
2025-06-03 16:42:17 | DEBUG | gift_parser:start_gift_parsing_loop:174 - Cycle 1/1 for user 1487757625
2025-06-03 16:42:21 | DEBUG | gifts:aio_get_available_gifts:31 - Fetched 12 gifts from API
2025-06-03 16:42:21 | INFO | gift_parser:start_gift_parsing_loop:100 - 📊 Gifts fetched - Total: 12, Limited: 1, Unlimited: 11 (will be ignored)
2025-06-03 16:42:21 | INFO | gift_parser:start_gift_parsing_loop:150 - ✅ Database updated with LIMITED gifts only
2025-06-03 16:42:21 | INFO | gift_parser:start_gift_parsing_loop:158 - 👥 Found 1 users with autobuy enabled
2025-06-03 16:42:21 | DEBUG | gift_parser:start_gift_parsing_loop:174 - Cycle 1/1 for user 1487757625
2025-06-03 16:42:24 | DEBUG | gifts:aio_get_available_gifts:31 - Fetched 12 gifts from API
2025-06-03 16:42:24 | INFO | gift_parser:start_gift_parsing_loop:100 - 📊 Gifts fetched - Total: 12, Limited: 1, Unlimited: 11 (will be ignored)
2025-06-03 16:42:24 | INFO | gift_parser:start_gift_parsing_loop:150 - ✅ Database updated with LIMITED gifts only
2025-06-03 16:42:24 | INFO | gift_parser:start_gift_parsing_loop:158 - 👥 Found 1 users with autobuy enabled
2025-06-03 16:42:24 | DEBUG | gift_parser:start_gift_parsing_loop:174 - Cycle 1/1 for user 1487757625
2025-06-03 16:42:27 | DEBUG | gifts:aio_get_available_gifts:31 - Fetched 12 gifts from API
2025-06-03 16:42:27 | INFO | gift_parser:start_gift_parsing_loop:100 - 📊 Gifts fetched - Total: 12, Limited: 1, Unlimited: 11 (will be ignored)
2025-06-03 16:42:27 | INFO | gift_parser:start_gift_parsing_loop:150 - ✅ Database updated with LIMITED gifts only
2025-06-03 16:42:27 | INFO | gift_parser:start_gift_parsing_loop:158 - 👥 Found 1 users with autobuy enabled
2025-06-03 16:42:27 | DEBUG | gift_parser:start_gift_parsing_loop:174 - Cycle 1/1 for user 1487757625
2025-06-03 16:42:30 | DEBUG | gifts:aio_get_available_gifts:31 - Fetched 12 gifts from API
2025-06-03 16:42:30 | INFO | gift_parser:start_gift_parsing_loop:100 - 📊 Gifts fetched - Total: 12, Limited: 1, Unlimited: 11 (will be ignored)
2025-06-03 16:42:30 | INFO | gift_parser:start_gift_parsing_loop:150 - ✅ Database updated with LIMITED gifts only
2025-06-03 16:42:30 | INFO | gift_parser:start_gift_parsing_loop:158 - 👥 Found 1 users with autobuy enabled
2025-06-03 16:42:30 | DEBUG | gift_parser:start_gift_parsing_loop:174 - Cycle 1/1 for user 1487757625
2025-06-03 16:42:33 | DEBUG | gifts:aio_get_available_gifts:31 - Fetched 12 gifts from API
2025-06-03 16:42:33 | INFO | gift_parser:start_gift_parsing_loop:100 - 📊 Gifts fetched - Total: 12, Limited: 1, Unlimited: 11 (will be ignored)
2025-06-03 16:42:33 | INFO | gift_parser:start_gift_parsing_loop:150 - ✅ Database updated with LIMITED gifts only
2025-06-03 16:42:33 | INFO | gift_parser:start_gift_parsing_loop:158 - 👥 Found 1 users with autobuy enabled
2025-06-03 16:42:33 | DEBUG | gift_parser:start_gift_parsing_loop:174 - Cycle 1/1 for user 1487757625
2025-06-03 16:42:37 | DEBUG | gifts:aio_get_available_gifts:31 - Fetched 12 gifts from API
2025-06-03 16:42:37 | INFO | gift_parser:start_gift_parsing_loop:100 - 📊 Gifts fetched - Total: 12, Limited: 1, Unlimited: 11 (will be ignored)
2025-06-03 16:42:37 | INFO | gift_parser:start_gift_parsing_loop:150 - ✅ Database updated with LIMITED gifts only
2025-06-03 16:42:37 | INFO | gift_parser:start_gift_parsing_loop:158 - 👥 Found 1 users with autobuy enabled
2025-06-03 16:42:37 | DEBUG | gift_parser:start_gift_parsing_loop:174 - Cycle 1/1 for user 1487757625
2025-06-03 16:42:40 | DEBUG | gifts:aio_get_available_gifts:31 - Fetched 12 gifts from API
2025-06-03 16:42:40 | INFO | gift_parser:start_gift_parsing_loop:100 - 📊 Gifts fetched - Total: 12, Limited: 1, Unlimited: 11 (will be ignored)
2025-06-03 16:42:40 | INFO | gift_parser:start_gift_parsing_loop:150 - ✅ Database updated with LIMITED gifts only
2025-06-03 16:42:40 | INFO | gift_parser:start_gift_parsing_loop:158 - 👥 Found 1 users with autobuy enabled
2025-06-03 16:42:40 | DEBUG | gift_parser:start_gift_parsing_loop:174 - Cycle 1/1 for user 1487757625
2025-06-03 16:42:43 | DEBUG | gifts:aio_get_available_gifts:31 - Fetched 12 gifts from API
2025-06-03 16:42:43 | INFO | gift_parser:start_gift_parsing_loop:100 - 📊 Gifts fetched - Total: 12, Limited: 1, Unlimited: 11 (will be ignored)
2025-06-03 16:42:43 | INFO | gift_parser:start_gift_parsing_loop:150 - ✅ Database updated with LIMITED gifts only
2025-06-03 16:42:43 | INFO | gift_parser:start_gift_parsing_loop:158 - 👥 Found 1 users with autobuy enabled
2025-06-03 16:42:43 | DEBUG | gift_parser:start_gift_parsing_loop:174 - Cycle 1/1 for user 1487757625
2025-06-03 16:42:46 | DEBUG | gifts:aio_get_available_gifts:31 - Fetched 12 gifts from API
2025-06-03 16:42:46 | INFO | gift_parser:start_gift_parsing_loop:100 - 📊 Gifts fetched - Total: 12, Limited: 1, Unlimited: 11 (will be ignored)
2025-06-03 16:42:46 | INFO | gift_parser:start_gift_parsing_loop:150 - ✅ Database updated with LIMITED gifts only
2025-06-03 16:42:46 | INFO | gift_parser:start_gift_parsing_loop:158 - 👥 Found 1 users with autobuy enabled
2025-06-03 16:42:46 | DEBUG | gift_parser:start_gift_parsing_loop:174 - Cycle 1/1 for user 1487757625
2025-06-03 16:42:50 | DEBUG | gifts:aio_get_available_gifts:31 - Fetched 12 gifts from API
2025-06-03 16:42:50 | INFO | gift_parser:start_gift_parsing_loop:100 - 📊 Gifts fetched - Total: 12, Limited: 1, Unlimited: 11 (will be ignored)
2025-06-03 16:42:50 | INFO | gift_parser:start_gift_parsing_loop:150 - ✅ Database updated with LIMITED gifts only
2025-06-03 16:42:50 | INFO | gift_parser:start_gift_parsing_loop:158 - 👥 Found 1 users with autobuy enabled
2025-06-03 16:42:50 | DEBUG | gift_parser:start_gift_parsing_loop:174 - Cycle 1/1 for user 1487757625
2025-06-03 16:42:53 | DEBUG | gifts:aio_get_available_gifts:31 - Fetched 12 gifts from API
2025-06-03 16:42:53 | INFO | gift_parser:start_gift_parsing_loop:100 - 📊 Gifts fetched - Total: 12, Limited: 1, Unlimited: 11 (will be ignored)
2025-06-03 16:42:53 | INFO | gift_parser:start_gift_parsing_loop:150 - ✅ Database updated with LIMITED gifts only
2025-06-03 16:42:53 | INFO | gift_parser:start_gift_parsing_loop:158 - 👥 Found 1 users with autobuy enabled
2025-06-03 16:42:53 | DEBUG | gift_parser:start_gift_parsing_loop:174 - Cycle 1/1 for user 1487757625
2025-06-03 16:42:56 | DEBUG | gifts:aio_get_available_gifts:31 - Fetched 12 gifts from API
2025-06-03 16:42:56 | INFO | gift_parser:start_gift_parsing_loop:100 - 📊 Gifts fetched - Total: 12, Limited: 1, Unlimited: 11 (will be ignored)
2025-06-03 16:42:56 | INFO | gift_parser:start_gift_parsing_loop:150 - ✅ Database updated with LIMITED gifts only
2025-06-03 16:42:56 | INFO | gift_parser:start_gift_parsing_loop:158 - 👥 Found 1 users with autobuy enabled
2025-06-03 16:42:56 | DEBUG | gift_parser:start_gift_parsing_loop:174 - Cycle 1/1 for user 1487757625
2025-06-03 16:42:59 | DEBUG | gifts:aio_get_available_gifts:31 - Fetched 12 gifts from API
2025-06-03 16:42:59 | INFO | gift_parser:start_gift_parsing_loop:100 - 📊 Gifts fetched - Total: 12, Limited: 1, Unlimited: 11 (will be ignored)
2025-06-03 16:42:59 | INFO | gift_parser:start_gift_parsing_loop:150 - ✅ Database updated with LIMITED gifts only
2025-06-03 16:42:59 | INFO | gift_parser:start_gift_parsing_loop:158 - 👥 Found 1 users with autobuy enabled
2025-06-03 16:42:59 | DEBUG | gift_parser:start_gift_parsing_loop:174 - Cycle 1/1 for user 1487757625
2025-06-03 16:43:02 | DEBUG | gifts:aio_get_available_gifts:31 - Fetched 12 gifts from API
2025-06-03 16:43:02 | INFO | gift_parser:start_gift_parsing_loop:100 - 📊 Gifts fetched - Total: 12, Limited: 1, Unlimited: 11 (will be ignored)
2025-06-03 16:43:02 | INFO | gift_parser:start_gift_parsing_loop:150 - ✅ Database updated with LIMITED gifts only
2025-06-03 16:43:02 | INFO | gift_parser:start_gift_parsing_loop:158 - 👥 Found 1 users with autobuy enabled
2025-06-03 16:43:02 | DEBUG | gift_parser:start_gift_parsing_loop:174 - Cycle 1/1 for user 1487757625
2025-06-03 16:43:06 | DEBUG | gifts:aio_get_available_gifts:31 - Fetched 12 gifts from API
2025-06-03 16:43:06 | INFO | gift_parser:start_gift_parsing_loop:100 - 📊 Gifts fetched - Total: 12, Limited: 1, Unlimited: 11 (will be ignored)
2025-06-03 16:43:06 | INFO | gift_parser:start_gift_parsing_loop:150 - ✅ Database updated with LIMITED gifts only
2025-06-03 16:43:06 | INFO | gift_parser:start_gift_parsing_loop:158 - 👥 Found 1 users with autobuy enabled
2025-06-03 16:43:06 | DEBUG | gift_parser:start_gift_parsing_loop:174 - Cycle 1/1 for user 1487757625
2025-06-03 16:43:09 | DEBUG | gifts:aio_get_available_gifts:31 - Fetched 12 gifts from API
2025-06-03 16:43:09 | INFO | gift_parser:start_gift_parsing_loop:100 - 📊 Gifts fetched - Total: 12, Limited: 1, Unlimited: 11 (will be ignored)
2025-06-03 16:43:09 | INFO | gift_parser:start_gift_parsing_loop:150 - ✅ Database updated with LIMITED gifts only
2025-06-03 16:43:09 | INFO | gift_parser:start_gift_parsing_loop:158 - 👥 Found 1 users with autobuy enabled
2025-06-03 16:43:09 | DEBUG | gift_parser:start_gift_parsing_loop:174 - Cycle 1/1 for user 1487757625
2025-06-03 16:43:12 | DEBUG | gifts:aio_get_available_gifts:31 - Fetched 12 gifts from API
2025-06-03 16:43:12 | INFO | gift_parser:start_gift_parsing_loop:100 - 📊 Gifts fetched - Total: 12, Limited: 1, Unlimited: 11 (will be ignored)
2025-06-03 16:43:12 | INFO | gift_parser:start_gift_parsing_loop:150 - ✅ Database updated with LIMITED gifts only
2025-06-03 16:43:12 | INFO | gift_parser:start_gift_parsing_loop:158 - 👥 Found 1 users with autobuy enabled
2025-06-03 16:43:12 | DEBUG | gift_parser:start_gift_parsing_loop:174 - Cycle 1/1 for user 1487757625
2025-06-03 16:43:15 | DEBUG | gifts:aio_get_available_gifts:31 - Fetched 12 gifts from API
2025-06-03 16:43:15 | INFO | gift_parser:start_gift_parsing_loop:100 - 📊 Gifts fetched - Total: 12, Limited: 1, Unlimited: 11 (will be ignored)
2025-06-03 16:43:15 | INFO | gift_parser:start_gift_parsing_loop:150 - ✅ Database updated with LIMITED gifts only
2025-06-03 16:43:15 | INFO | gift_parser:start_gift_parsing_loop:158 - 👥 Found 1 users with autobuy enabled
2025-06-03 16:43:15 | DEBUG | gift_parser:start_gift_parsing_loop:174 - Cycle 1/1 for user 1487757625
2025-06-03 16:43:19 | DEBUG | gifts:aio_get_available_gifts:31 - Fetched 12 gifts from API
2025-06-03 16:43:19 | INFO | gift_parser:start_gift_parsing_loop:100 - 📊 Gifts fetched - Total: 12, Limited: 1, Unlimited: 11 (will be ignored)
2025-06-03 16:43:19 | INFO | gift_parser:start_gift_parsing_loop:130 - 📝 Updated gift 5782984811920491178: price=350⭐, remaining=91813/500000
2025-06-03 16:43:19 | INFO | gift_parser:start_gift_parsing_loop:150 - ✅ Database updated with LIMITED gifts only
2025-06-03 16:43:19 | INFO | gift_parser:start_gift_parsing_loop:158 - 👥 Found 1 users with autobuy enabled
2025-06-03 16:43:19 | DEBUG | gift_parser:start_gift_parsing_loop:174 - Cycle 1/1 for user 1487757625
2025-06-03 16:43:22 | DEBUG | gifts:aio_get_available_gifts:31 - Fetched 12 gifts from API
2025-06-03 16:43:22 | INFO | gift_parser:start_gift_parsing_loop:100 - 📊 Gifts fetched - Total: 12, Limited: 1, Unlimited: 11 (will be ignored)
2025-06-03 16:43:22 | INFO | gift_parser:start_gift_parsing_loop:150 - ✅ Database updated with LIMITED gifts only
2025-06-03 16:43:22 | INFO | gift_parser:start_gift_parsing_loop:158 - 👥 Found 1 users with autobuy enabled
2025-06-03 16:43:22 | DEBUG | gift_parser:start_gift_parsing_loop:174 - Cycle 1/1 for user 1487757625
2025-06-03 16:43:25 | DEBUG | gifts:aio_get_available_gifts:31 - Fetched 12 gifts from API
2025-06-03 16:43:25 | INFO | gift_parser:start_gift_parsing_loop:100 - 📊 Gifts fetched - Total: 12, Limited: 1, Unlimited: 11 (will be ignored)
2025-06-03 16:43:25 | INFO | gift_parser:start_gift_parsing_loop:130 - 📝 Updated gift 5782984811920491178: price=350⭐, remaining=91814/500000
2025-06-03 16:43:25 | INFO | gift_parser:start_gift_parsing_loop:150 - ✅ Database updated with LIMITED gifts only
2025-06-03 16:43:25 | INFO | gift_parser:start_gift_parsing_loop:158 - 👥 Found 1 users with autobuy enabled
2025-06-03 16:43:25 | DEBUG | gift_parser:start_gift_parsing_loop:174 - Cycle 1/1 for user 1487757625
2025-06-03 16:43:28 | DEBUG | gifts:aio_get_available_gifts:31 - Fetched 12 gifts from API
2025-06-03 16:43:28 | INFO | gift_parser:start_gift_parsing_loop:100 - 📊 Gifts fetched - Total: 12, Limited: 1, Unlimited: 11 (will be ignored)
2025-06-03 16:43:28 | INFO | gift_parser:start_gift_parsing_loop:130 - 📝 Updated gift 5782984811920491178: price=350⭐, remaining=91813/500000
2025-06-03 16:43:28 | INFO | gift_parser:start_gift_parsing_loop:150 - ✅ Database updated with LIMITED gifts only
2025-06-03 16:43:28 | INFO | gift_parser:start_gift_parsing_loop:158 - 👥 Found 1 users with autobuy enabled
2025-06-03 16:43:28 | DEBUG | gift_parser:start_gift_parsing_loop:174 - Cycle 1/1 for user 1487757625
2025-06-03 16:43:32 | DEBUG | gifts:aio_get_available_gifts:31 - Fetched 12 gifts from API
2025-06-03 16:43:32 | INFO | gift_parser:start_gift_parsing_loop:100 - 📊 Gifts fetched - Total: 12, Limited: 1, Unlimited: 11 (will be ignored)
2025-06-03 16:43:32 | INFO | gift_parser:start_gift_parsing_loop:150 - ✅ Database updated with LIMITED gifts only
2025-06-03 16:43:32 | INFO | gift_parser:start_gift_parsing_loop:158 - 👥 Found 1 users with autobuy enabled
2025-06-03 16:43:32 | DEBUG | gift_parser:start_gift_parsing_loop:174 - Cycle 1/1 for user 1487757625
2025-06-03 16:43:35 | DEBUG | gifts:aio_get_available_gifts:31 - Fetched 12 gifts from API
2025-06-03 16:43:35 | INFO | gift_parser:start_gift_parsing_loop:100 - 📊 Gifts fetched - Total: 12, Limited: 1, Unlimited: 11 (will be ignored)
2025-06-03 16:43:35 | INFO | gift_parser:start_gift_parsing_loop:150 - ✅ Database updated with LIMITED gifts only
2025-06-03 16:43:35 | INFO | gift_parser:start_gift_parsing_loop:158 - 👥 Found 1 users with autobuy enabled
2025-06-03 16:43:35 | DEBUG | gift_parser:start_gift_parsing_loop:174 - Cycle 1/1 for user 1487757625
2025-06-03 16:43:38 | DEBUG | gifts:aio_get_available_gifts:31 - Fetched 12 gifts from API
2025-06-03 16:43:38 | INFO | gift_parser:start_gift_parsing_loop:100 - 📊 Gifts fetched - Total: 12, Limited: 1, Unlimited: 11 (will be ignored)
2025-06-03 16:43:38 | INFO | gift_parser:start_gift_parsing_loop:150 - ✅ Database updated with LIMITED gifts only
2025-06-03 16:43:38 | INFO | gift_parser:start_gift_parsing_loop:158 - 👥 Found 1 users with autobuy enabled
2025-06-03 16:43:38 | DEBUG | gift_parser:start_gift_parsing_loop:174 - Cycle 1/1 for user 1487757625
2025-06-03 16:43:41 | DEBUG | gifts:aio_get_available_gifts:31 - Fetched 12 gifts from API
2025-06-03 16:43:41 | INFO | gift_parser:start_gift_parsing_loop:100 - 📊 Gifts fetched - Total: 12, Limited: 1, Unlimited: 11 (will be ignored)
2025-06-03 16:43:41 | INFO | gift_parser:start_gift_parsing_loop:150 - ✅ Database updated with LIMITED gifts only
2025-06-03 16:43:41 | INFO | gift_parser:start_gift_parsing_loop:158 - 👥 Found 1 users with autobuy enabled
2025-06-03 16:43:41 | DEBUG | gift_parser:start_gift_parsing_loop:174 - Cycle 1/1 for user 1487757625
2025-06-03 16:43:45 | DEBUG | gifts:aio_get_available_gifts:31 - Fetched 12 gifts from API
2025-06-03 16:43:45 | INFO | gift_parser:start_gift_parsing_loop:100 - 📊 Gifts fetched - Total: 12, Limited: 1, Unlimited: 11 (will be ignored)
2025-06-03 16:43:45 | INFO | gift_parser:start_gift_parsing_loop:130 - 📝 Updated gift 5782984811920491178: price=350⭐, remaining=91812/500000
2025-06-03 16:43:45 | INFO | gift_parser:start_gift_parsing_loop:150 - ✅ Database updated with LIMITED gifts only
2025-06-03 16:43:45 | INFO | gift_parser:start_gift_parsing_loop:158 - 👥 Found 1 users with autobuy enabled
2025-06-03 16:43:45 | DEBUG | gift_parser:start_gift_parsing_loop:174 - Cycle 1/1 for user 1487757625
2025-06-03 16:43:48 | DEBUG | gifts:aio_get_available_gifts:31 - Fetched 12 gifts from API
2025-06-03 16:43:48 | INFO | gift_parser:start_gift_parsing_loop:100 - 📊 Gifts fetched - Total: 12, Limited: 1, Unlimited: 11 (will be ignored)
2025-06-03 16:43:48 | INFO | gift_parser:start_gift_parsing_loop:130 - 📝 Updated gift 5782984811920491178: price=350⭐, remaining=91813/500000
2025-06-03 16:43:48 | INFO | gift_parser:start_gift_parsing_loop:150 - ✅ Database updated with LIMITED gifts only
2025-06-03 16:43:48 | INFO | gift_parser:start_gift_parsing_loop:158 - 👥 Found 1 users with autobuy enabled
2025-06-03 16:43:48 | DEBUG | gift_parser:start_gift_parsing_loop:174 - Cycle 1/1 for user 1487757625
2025-06-03 16:43:51 | DEBUG | gifts:aio_get_available_gifts:31 - Fetched 12 gifts from API
2025-06-03 16:43:51 | INFO | gift_parser:start_gift_parsing_loop:100 - 📊 Gifts fetched - Total: 12, Limited: 1, Unlimited: 11 (will be ignored)
2025-06-03 16:43:51 | INFO | gift_parser:start_gift_parsing_loop:150 - ✅ Database updated with LIMITED gifts only
2025-06-03 16:43:51 | INFO | gift_parser:start_gift_parsing_loop:158 - 👥 Found 1 users with autobuy enabled
2025-06-03 16:43:51 | DEBUG | gift_parser:start_gift_parsing_loop:174 - Cycle 1/1 for user 1487757625
2025-06-03 16:43:54 | DEBUG | gifts:aio_get_available_gifts:31 - Fetched 12 gifts from API
2025-06-03 16:43:54 | INFO | gift_parser:start_gift_parsing_loop:100 - 📊 Gifts fetched - Total: 12, Limited: 1, Unlimited: 11 (will be ignored)
2025-06-03 16:43:54 | INFO | gift_parser:start_gift_parsing_loop:150 - ✅ Database updated with LIMITED gifts only
2025-06-03 16:43:54 | INFO | gift_parser:start_gift_parsing_loop:158 - 👥 Found 1 users with autobuy enabled
2025-06-03 16:43:54 | DEBUG | gift_parser:start_gift_parsing_loop:174 - Cycle 1/1 for user 1487757625
2025-06-03 16:43:58 | DEBUG | gifts:aio_get_available_gifts:31 - Fetched 12 gifts from API
2025-06-03 16:43:58 | INFO | gift_parser:start_gift_parsing_loop:100 - 📊 Gifts fetched - Total: 12, Limited: 1, Unlimited: 11 (will be ignored)
2025-06-03 16:43:58 | INFO | gift_parser:start_gift_parsing_loop:150 - ✅ Database updated with LIMITED gifts only
2025-06-03 16:43:58 | INFO | gift_parser:start_gift_parsing_loop:158 - 👥 Found 1 users with autobuy enabled
2025-06-03 16:43:58 | DEBUG | gift_parser:start_gift_parsing_loop:174 - Cycle 1/1 for user 1487757625
2025-06-03 16:44:01 | DEBUG | gifts:aio_get_available_gifts:31 - Fetched 12 gifts from API
2025-06-03 16:44:01 | INFO | gift_parser:start_gift_parsing_loop:100 - 📊 Gifts fetched - Total: 12, Limited: 1, Unlimited: 11 (will be ignored)
2025-06-03 16:44:01 | INFO | gift_parser:start_gift_parsing_loop:150 - ✅ Database updated with LIMITED gifts only
2025-06-03 16:44:01 | INFO | gift_parser:start_gift_parsing_loop:158 - 👥 Found 1 users with autobuy enabled
2025-06-03 16:44:01 | DEBUG | gift_parser:start_gift_parsing_loop:174 - Cycle 1/1 for user 1487757625
2025-06-03 16:44:04 | DEBUG | gifts:aio_get_available_gifts:31 - Fetched 12 gifts from API
2025-06-03 16:44:04 | INFO | gift_parser:start_gift_parsing_loop:100 - 📊 Gifts fetched - Total: 12, Limited: 1, Unlimited: 11 (will be ignored)
2025-06-03 16:44:04 | INFO | gift_parser:start_gift_parsing_loop:130 - 📝 Updated gift 5782984811920491178: price=350⭐, remaining=91812/500000
2025-06-03 16:44:04 | INFO | gift_parser:start_gift_parsing_loop:150 - ✅ Database updated with LIMITED gifts only
2025-06-03 16:44:04 | INFO | gift_parser:start_gift_parsing_loop:158 - 👥 Found 1 users with autobuy enabled
2025-06-03 16:44:04 | DEBUG | gift_parser:start_gift_parsing_loop:174 - Cycle 1/1 for user 1487757625
2025-06-03 16:44:07 | DEBUG | gifts:aio_get_available_gifts:31 - Fetched 12 gifts from API
2025-06-03 16:44:07 | INFO | gift_parser:start_gift_parsing_loop:100 - 📊 Gifts fetched - Total: 12, Limited: 1, Unlimited: 11 (will be ignored)
2025-06-03 16:44:07 | INFO | gift_parser:start_gift_parsing_loop:150 - ✅ Database updated with LIMITED gifts only
2025-06-03 16:44:07 | INFO | gift_parser:start_gift_parsing_loop:158 - 👥 Found 1 users with autobuy enabled
2025-06-03 16:44:07 | DEBUG | gift_parser:start_gift_parsing_loop:174 - Cycle 1/1 for user 1487757625
2025-06-03 16:44:11 | DEBUG | gifts:aio_get_available_gifts:31 - Fetched 12 gifts from API
2025-06-03 16:44:11 | INFO | gift_parser:start_gift_parsing_loop:100 - 📊 Gifts fetched - Total: 12, Limited: 1, Unlimited: 11 (will be ignored)
2025-06-03 16:44:11 | INFO | gift_parser:start_gift_parsing_loop:150 - ✅ Database updated with LIMITED gifts only
2025-06-03 16:44:11 | INFO | gift_parser:start_gift_parsing_loop:158 - 👥 Found 1 users with autobuy enabled
2025-06-03 16:44:11 | DEBUG | gift_parser:start_gift_parsing_loop:174 - Cycle 1/1 for user 1487757625
2025-06-03 16:44:14 | DEBUG | gifts:aio_get_available_gifts:31 - Fetched 12 gifts from API
2025-06-03 16:44:14 | INFO | gift_parser:start_gift_parsing_loop:100 - 📊 Gifts fetched - Total: 12, Limited: 1, Unlimited: 11 (will be ignored)
2025-06-03 16:44:14 | INFO | gift_parser:start_gift_parsing_loop:150 - ✅ Database updated with LIMITED gifts only
2025-06-03 16:44:14 | INFO | gift_parser:start_gift_parsing_loop:158 - 👥 Found 1 users with autobuy enabled
2025-06-03 16:44:14 | DEBUG | gift_parser:start_gift_parsing_loop:174 - Cycle 1/1 for user 1487757625
2025-06-03 16:44:17 | DEBUG | gifts:aio_get_available_gifts:31 - Fetched 12 gifts from API
2025-06-03 16:44:17 | INFO | gift_parser:start_gift_parsing_loop:100 - 📊 Gifts fetched - Total: 12, Limited: 1, Unlimited: 11 (will be ignored)
2025-06-03 16:44:17 | INFO | gift_parser:start_gift_parsing_loop:150 - ✅ Database updated with LIMITED gifts only
2025-06-03 16:44:17 | INFO | gift_parser:start_gift_parsing_loop:158 - 👥 Found 1 users with autobuy enabled
2025-06-03 16:44:17 | DEBUG | gift_parser:start_gift_parsing_loop:174 - Cycle 1/1 for user 1487757625
2025-06-03 16:44:20 | DEBUG | gifts:aio_get_available_gifts:31 - Fetched 12 gifts from API
2025-06-03 16:44:20 | INFO | gift_parser:start_gift_parsing_loop:100 - 📊 Gifts fetched - Total: 12, Limited: 1, Unlimited: 11 (will be ignored)
2025-06-03 16:44:20 | INFO | gift_parser:start_gift_parsing_loop:150 - ✅ Database updated with LIMITED gifts only
2025-06-03 16:44:20 | INFO | gift_parser:start_gift_parsing_loop:158 - 👥 Found 1 users with autobuy enabled
2025-06-03 16:44:20 | DEBUG | gift_parser:start_gift_parsing_loop:174 - Cycle 1/1 for user 1487757625
2025-06-03 16:44:23 | DEBUG | gifts:aio_get_available_gifts:31 - Fetched 12 gifts from API
2025-06-03 16:44:23 | INFO | gift_parser:start_gift_parsing_loop:100 - 📊 Gifts fetched - Total: 12, Limited: 1, Unlimited: 11 (will be ignored)
2025-06-03 16:44:23 | INFO | gift_parser:start_gift_parsing_loop:150 - ✅ Database updated with LIMITED gifts only
2025-06-03 16:44:23 | INFO | gift_parser:start_gift_parsing_loop:158 - 👥 Found 1 users with autobuy enabled
2025-06-03 16:44:23 | DEBUG | gift_parser:start_gift_parsing_loop:174 - Cycle 1/1 for user 1487757625
2025-06-03 16:44:27 | DEBUG | gifts:aio_get_available_gifts:31 - Fetched 12 gifts from API
2025-06-03 16:44:27 | INFO | gift_parser:start_gift_parsing_loop:100 - 📊 Gifts fetched - Total: 12, Limited: 1, Unlimited: 11 (will be ignored)
2025-06-03 16:44:27 | INFO | gift_parser:start_gift_parsing_loop:150 - ✅ Database updated with LIMITED gifts only
2025-06-03 16:44:27 | INFO | gift_parser:start_gift_parsing_loop:158 - 👥 Found 1 users with autobuy enabled
2025-06-03 16:44:27 | DEBUG | gift_parser:start_gift_parsing_loop:174 - Cycle 1/1 for user 1487757625
2025-06-03 16:44:30 | DEBUG | gifts:aio_get_available_gifts:31 - Fetched 12 gifts from API
2025-06-03 16:44:30 | INFO | gift_parser:start_gift_parsing_loop:100 - 📊 Gifts fetched - Total: 12, Limited: 1, Unlimited: 11 (will be ignored)
2025-06-03 16:44:30 | INFO | gift_parser:start_gift_parsing_loop:150 - ✅ Database updated with LIMITED gifts only
2025-06-03 16:44:30 | INFO | gift_parser:start_gift_parsing_loop:158 - 👥 Found 1 users with autobuy enabled
2025-06-03 16:44:30 | DEBUG | gift_parser:start_gift_parsing_loop:174 - Cycle 1/1 for user 1487757625
2025-06-03 16:44:33 | DEBUG | gifts:aio_get_available_gifts:31 - Fetched 12 gifts from API
2025-06-03 16:44:33 | INFO | gift_parser:start_gift_parsing_loop:100 - 📊 Gifts fetched - Total: 12, Limited: 1, Unlimited: 11 (will be ignored)
2025-06-03 16:44:33 | INFO | gift_parser:start_gift_parsing_loop:150 - ✅ Database updated with LIMITED gifts only
2025-06-03 16:44:33 | INFO | gift_parser:start_gift_parsing_loop:158 - 👥 Found 1 users with autobuy enabled
2025-06-03 16:44:33 | DEBUG | gift_parser:start_gift_parsing_loop:174 - Cycle 1/1 for user 1487757625
2025-06-03 16:44:36 | DEBUG | gifts:aio_get_available_gifts:31 - Fetched 12 gifts from API
2025-06-03 16:44:36 | INFO | gift_parser:start_gift_parsing_loop:100 - 📊 Gifts fetched - Total: 12, Limited: 1, Unlimited: 11 (will be ignored)
2025-06-03 16:44:36 | INFO | gift_parser:start_gift_parsing_loop:150 - ✅ Database updated with LIMITED gifts only
2025-06-03 16:44:36 | INFO | gift_parser:start_gift_parsing_loop:158 - 👥 Found 1 users with autobuy enabled
2025-06-03 16:44:36 | DEBUG | gift_parser:start_gift_parsing_loop:174 - Cycle 1/1 for user 1487757625
2025-06-03 16:44:40 | DEBUG | gifts:aio_get_available_gifts:31 - Fetched 12 gifts from API
2025-06-03 16:44:40 | INFO | gift_parser:start_gift_parsing_loop:100 - 📊 Gifts fetched - Total: 12, Limited: 1, Unlimited: 11 (will be ignored)
2025-06-03 16:44:40 | INFO | gift_parser:start_gift_parsing_loop:150 - ✅ Database updated with LIMITED gifts only
2025-06-03 16:44:40 | INFO | gift_parser:start_gift_parsing_loop:158 - 👥 Found 1 users with autobuy enabled
2025-06-03 16:44:40 | DEBUG | gift_parser:start_gift_parsing_loop:174 - Cycle 1/1 for user 1487757625
2025-06-03 16:44:43 | DEBUG | gifts:aio_get_available_gifts:31 - Fetched 12 gifts from API
2025-06-03 16:44:43 | INFO | gift_parser:start_gift_parsing_loop:100 - 📊 Gifts fetched - Total: 12, Limited: 1, Unlimited: 11 (will be ignored)
2025-06-03 16:44:43 | INFO | gift_parser:start_gift_parsing_loop:150 - ✅ Database updated with LIMITED gifts only
2025-06-03 16:44:43 | INFO | gift_parser:start_gift_parsing_loop:158 - 👥 Found 1 users with autobuy enabled
2025-06-03 16:44:43 | DEBUG | gift_parser:start_gift_parsing_loop:174 - Cycle 1/1 for user 1487757625
2025-06-03 16:44:46 | DEBUG | gifts:aio_get_available_gifts:31 - Fetched 12 gifts from API
2025-06-03 16:44:46 | INFO | gift_parser:start_gift_parsing_loop:100 - 📊 Gifts fetched - Total: 12, Limited: 1, Unlimited: 11 (will be ignored)
2025-06-03 16:44:46 | INFO | gift_parser:start_gift_parsing_loop:150 - ✅ Database updated with LIMITED gifts only
2025-06-03 16:44:46 | INFO | gift_parser:start_gift_parsing_loop:158 - 👥 Found 1 users with autobuy enabled
2025-06-03 16:44:46 | DEBUG | gift_parser:start_gift_parsing_loop:174 - Cycle 1/1 for user 1487757625
2025-06-03 16:44:49 | DEBUG | gifts:aio_get_available_gifts:31 - Fetched 12 gifts from API
2025-06-03 16:44:49 | INFO | gift_parser:start_gift_parsing_loop:100 - 📊 Gifts fetched - Total: 12, Limited: 1, Unlimited: 11 (will be ignored)
2025-06-03 16:44:49 | INFO | gift_parser:start_gift_parsing_loop:150 - ✅ Database updated with LIMITED gifts only
2025-06-03 16:44:49 | INFO | gift_parser:start_gift_parsing_loop:158 - 👥 Found 1 users with autobuy enabled
2025-06-03 16:44:49 | DEBUG | gift_parser:start_gift_parsing_loop:174 - Cycle 1/1 for user 1487757625
2025-06-03 16:44:53 | DEBUG | gifts:aio_get_available_gifts:31 - Fetched 12 gifts from API
2025-06-03 16:44:53 | INFO | gift_parser:start_gift_parsing_loop:100 - 📊 Gifts fetched - Total: 12, Limited: 1, Unlimited: 11 (will be ignored)
2025-06-03 16:44:53 | INFO | gift_parser:start_gift_parsing_loop:130 - 📝 Updated gift 5782984811920491178: price=350⭐, remaining=91807/500000
2025-06-03 16:44:53 | INFO | gift_parser:start_gift_parsing_loop:150 - ✅ Database updated with LIMITED gifts only
2025-06-03 16:44:53 | INFO | gift_parser:start_gift_parsing_loop:158 - 👥 Found 1 users with autobuy enabled
2025-06-03 16:44:53 | DEBUG | gift_parser:start_gift_parsing_loop:174 - Cycle 1/1 for user 1487757625
2025-06-03 16:44:56 | DEBUG | gifts:aio_get_available_gifts:31 - Fetched 12 gifts from API
2025-06-03 16:44:56 | INFO | gift_parser:start_gift_parsing_loop:100 - 📊 Gifts fetched - Total: 12, Limited: 1, Unlimited: 11 (will be ignored)
2025-06-03 16:44:56 | INFO | gift_parser:start_gift_parsing_loop:130 - 📝 Updated gift 5782984811920491178: price=350⭐, remaining=91812/500000
2025-06-03 16:44:56 | INFO | gift_parser:start_gift_parsing_loop:150 - ✅ Database updated with LIMITED gifts only
2025-06-03 16:44:56 | INFO | gift_parser:start_gift_parsing_loop:158 - 👥 Found 1 users with autobuy enabled
2025-06-03 16:44:56 | DEBUG | gift_parser:start_gift_parsing_loop:174 - Cycle 1/1 for user 1487757625
2025-06-03 16:44:59 | DEBUG | gifts:aio_get_available_gifts:31 - Fetched 12 gifts from API
2025-06-03 16:44:59 | INFO | gift_parser:start_gift_parsing_loop:100 - 📊 Gifts fetched - Total: 12, Limited: 1, Unlimited: 11 (will be ignored)
2025-06-03 16:44:59 | INFO | gift_parser:start_gift_parsing_loop:150 - ✅ Database updated with LIMITED gifts only
2025-06-03 16:44:59 | INFO | gift_parser:start_gift_parsing_loop:158 - 👥 Found 1 users with autobuy enabled
2025-06-03 16:44:59 | DEBUG | gift_parser:start_gift_parsing_loop:174 - Cycle 1/1 for user 1487757625
2025-06-03 16:45:02 | DEBUG | gifts:aio_get_available_gifts:31 - Fetched 12 gifts from API
2025-06-03 16:45:02 | INFO | gift_parser:start_gift_parsing_loop:100 - 📊 Gifts fetched - Total: 12, Limited: 1, Unlimited: 11 (will be ignored)
2025-06-03 16:45:02 | INFO | gift_parser:start_gift_parsing_loop:130 - 📝 Updated gift 5782984811920491178: price=350⭐, remaining=91807/500000
2025-06-03 16:45:02 | INFO | gift_parser:start_gift_parsing_loop:150 - ✅ Database updated with LIMITED gifts only
2025-06-03 16:45:02 | INFO | gift_parser:start_gift_parsing_loop:158 - 👥 Found 1 users with autobuy enabled
2025-06-03 16:45:02 | DEBUG | gift_parser:start_gift_parsing_loop:174 - Cycle 1/1 for user 1487757625
2025-06-03 16:45:06 | DEBUG | gifts:aio_get_available_gifts:31 - Fetched 12 gifts from API
2025-06-03 16:45:06 | INFO | gift_parser:start_gift_parsing_loop:100 - 📊 Gifts fetched - Total: 12, Limited: 1, Unlimited: 11 (will be ignored)
2025-06-03 16:45:06 | INFO | gift_parser:start_gift_parsing_loop:150 - ✅ Database updated with LIMITED gifts only
2025-06-03 16:45:06 | INFO | gift_parser:start_gift_parsing_loop:158 - 👥 Found 1 users with autobuy enabled
2025-06-03 16:45:06 | DEBUG | gift_parser:start_gift_parsing_loop:174 - Cycle 1/1 for user 1487757625
2025-06-03 16:45:09 | DEBUG | gifts:aio_get_available_gifts:31 - Fetched 12 gifts from API
2025-06-03 16:45:09 | INFO | gift_parser:start_gift_parsing_loop:100 - 📊 Gifts fetched - Total: 12, Limited: 1, Unlimited: 11 (will be ignored)
2025-06-03 16:45:09 | INFO | gift_parser:start_gift_parsing_loop:130 - 📝 Updated gift 5782984811920491178: price=350⭐, remaining=91812/500000
2025-06-03 16:45:09 | INFO | gift_parser:start_gift_parsing_loop:150 - ✅ Database updated with LIMITED gifts only
2025-06-03 16:45:09 | INFO | gift_parser:start_gift_parsing_loop:158 - 👥 Found 1 users with autobuy enabled
2025-06-03 16:45:09 | DEBUG | gift_parser:start_gift_parsing_loop:174 - Cycle 1/1 for user 1487757625
2025-06-03 16:45:12 | DEBUG | gifts:aio_get_available_gifts:31 - Fetched 12 gifts from API
2025-06-03 16:45:12 | INFO | gift_parser:start_gift_parsing_loop:100 - 📊 Gifts fetched - Total: 12, Limited: 1, Unlimited: 11 (will be ignored)
2025-06-03 16:45:12 | INFO | gift_parser:start_gift_parsing_loop:150 - ✅ Database updated with LIMITED gifts only
2025-06-03 16:45:12 | INFO | gift_parser:start_gift_parsing_loop:158 - 👥 Found 1 users with autobuy enabled
2025-06-03 16:45:12 | DEBUG | gift_parser:start_gift_parsing_loop:174 - Cycle 1/1 for user 1487757625
2025-06-03 16:45:15 | DEBUG | gifts:aio_get_available_gifts:31 - Fetched 12 gifts from API
2025-06-03 16:45:15 | INFO | gift_parser:start_gift_parsing_loop:100 - 📊 Gifts fetched - Total: 12, Limited: 1, Unlimited: 11 (will be ignored)
2025-06-03 16:45:15 | INFO | gift_parser:start_gift_parsing_loop:130 - 📝 Updated gift 5782984811920491178: price=350⭐, remaining=91807/500000
2025-06-03 16:45:15 | INFO | gift_parser:start_gift_parsing_loop:150 - ✅ Database updated with LIMITED gifts only
2025-06-03 16:45:15 | INFO | gift_parser:start_gift_parsing_loop:158 - 👥 Found 1 users with autobuy enabled
2025-06-03 16:45:15 | DEBUG | gift_parser:start_gift_parsing_loop:174 - Cycle 1/1 for user 1487757625
2025-06-03 16:45:19 | DEBUG | gifts:aio_get_available_gifts:31 - Fetched 12 gifts from API
2025-06-03 16:45:19 | INFO | gift_parser:start_gift_parsing_loop:100 - 📊 Gifts fetched - Total: 12, Limited: 1, Unlimited: 11 (will be ignored)
2025-06-03 16:45:19 | INFO | gift_parser:start_gift_parsing_loop:150 - ✅ Database updated with LIMITED gifts only
2025-06-03 16:45:19 | INFO | gift_parser:start_gift_parsing_loop:158 - 👥 Found 1 users with autobuy enabled
2025-06-03 16:45:19 | DEBUG | gift_parser:start_gift_parsing_loop:174 - Cycle 1/1 for user 1487757625
2025-06-03 16:45:22 | DEBUG | gifts:aio_get_available_gifts:31 - Fetched 12 gifts from API
2025-06-03 16:45:22 | INFO | gift_parser:start_gift_parsing_loop:100 - 📊 Gifts fetched - Total: 12, Limited: 1, Unlimited: 11 (will be ignored)
2025-06-03 16:45:22 | INFO | gift_parser:start_gift_parsing_loop:150 - ✅ Database updated with LIMITED gifts only
2025-06-03 16:45:22 | INFO | gift_parser:start_gift_parsing_loop:158 - 👥 Found 1 users with autobuy enabled
2025-06-03 16:45:22 | DEBUG | gift_parser:start_gift_parsing_loop:174 - Cycle 1/1 for user 1487757625
2025-06-03 16:45:25 | DEBUG | gifts:aio_get_available_gifts:31 - Fetched 12 gifts from API
2025-06-03 16:45:25 | INFO | gift_parser:start_gift_parsing_loop:100 - 📊 Gifts fetched - Total: 12, Limited: 1, Unlimited: 11 (will be ignored)
2025-06-03 16:45:25 | INFO | gift_parser:start_gift_parsing_loop:130 - 📝 Updated gift 5782984811920491178: price=350⭐, remaining=91806/500000
2025-06-03 16:45:25 | INFO | gift_parser:start_gift_parsing_loop:150 - ✅ Database updated with LIMITED gifts only
2025-06-03 16:45:25 | INFO | gift_parser:start_gift_parsing_loop:158 - 👥 Found 1 users with autobuy enabled
2025-06-03 16:45:25 | DEBUG | gift_parser:start_gift_parsing_loop:174 - Cycle 1/1 for user 1487757625
2025-06-03 16:45:28 | DEBUG | gifts:aio_get_available_gifts:31 - Fetched 12 gifts from API
2025-06-03 16:45:28 | INFO | gift_parser:start_gift_parsing_loop:100 - 📊 Gifts fetched - Total: 12, Limited: 1, Unlimited: 11 (will be ignored)
2025-06-03 16:45:28 | INFO | gift_parser:start_gift_parsing_loop:130 - 📝 Updated gift 5782984811920491178: price=350⭐, remaining=91807/500000
2025-06-03 16:45:28 | INFO | gift_parser:start_gift_parsing_loop:150 - ✅ Database updated with LIMITED gifts only
2025-06-03 16:45:28 | INFO | gift_parser:start_gift_parsing_loop:158 - 👥 Found 1 users with autobuy enabled
2025-06-03 16:45:28 | DEBUG | gift_parser:start_gift_parsing_loop:174 - Cycle 1/1 for user 1487757625
2025-06-03 16:45:32 | DEBUG | gifts:aio_get_available_gifts:31 - Fetched 12 gifts from API
2025-06-03 16:45:32 | INFO | gift_parser:start_gift_parsing_loop:100 - 📊 Gifts fetched - Total: 12, Limited: 1, Unlimited: 11 (will be ignored)
2025-06-03 16:45:32 | INFO | gift_parser:start_gift_parsing_loop:150 - ✅ Database updated with LIMITED gifts only
2025-06-03 16:45:32 | INFO | gift_parser:start_gift_parsing_loop:158 - 👥 Found 1 users with autobuy enabled
2025-06-03 16:45:32 | DEBUG | gift_parser:start_gift_parsing_loop:174 - Cycle 1/1 for user 1487757625
2025-06-03 16:45:35 | DEBUG | gifts:aio_get_available_gifts:31 - Fetched 12 gifts from API
2025-06-03 16:45:35 | INFO | gift_parser:start_gift_parsing_loop:100 - 📊 Gifts fetched - Total: 12, Limited: 1, Unlimited: 11 (will be ignored)
2025-06-03 16:45:35 | INFO | gift_parser:start_gift_parsing_loop:130 - 📝 Updated gift 5782984811920491178: price=350⭐, remaining=91806/500000
2025-06-03 16:45:35 | INFO | gift_parser:start_gift_parsing_loop:150 - ✅ Database updated with LIMITED gifts only
2025-06-03 16:45:35 | INFO | gift_parser:start_gift_parsing_loop:158 - 👥 Found 1 users with autobuy enabled
2025-06-03 16:45:35 | DEBUG | gift_parser:start_gift_parsing_loop:174 - Cycle 1/1 for user 1487757625
2025-06-03 16:45:38 | DEBUG | gifts:aio_get_available_gifts:31 - Fetched 12 gifts from API
2025-06-03 16:45:38 | INFO | gift_parser:start_gift_parsing_loop:100 - 📊 Gifts fetched - Total: 12, Limited: 1, Unlimited: 11 (will be ignored)
2025-06-03 16:45:38 | INFO | gift_parser:start_gift_parsing_loop:130 - 📝 Updated gift 5782984811920491178: price=350⭐, remaining=91805/500000
2025-06-03 16:45:38 | INFO | gift_parser:start_gift_parsing_loop:150 - ✅ Database updated with LIMITED gifts only
2025-06-03 16:45:38 | INFO | gift_parser:start_gift_parsing_loop:158 - 👥 Found 1 users with autobuy enabled
2025-06-03 16:45:38 | DEBUG | gift_parser:start_gift_parsing_loop:174 - Cycle 1/1 for user 1487757625
2025-06-03 16:45:41 | DEBUG | gifts:aio_get_available_gifts:31 - Fetched 12 gifts from API
2025-06-03 16:45:41 | INFO | gift_parser:start_gift_parsing_loop:100 - 📊 Gifts fetched - Total: 12, Limited: 1, Unlimited: 11 (will be ignored)
2025-06-03 16:45:41 | INFO | gift_parser:start_gift_parsing_loop:130 - 📝 Updated gift 5782984811920491178: price=350⭐, remaining=91807/500000
2025-06-03 16:45:41 | INFO | gift_parser:start_gift_parsing_loop:150 - ✅ Database updated with LIMITED gifts only
2025-06-03 16:45:41 | INFO | gift_parser:start_gift_parsing_loop:158 - 👥 Found 1 users with autobuy enabled
2025-06-03 16:45:41 | DEBUG | gift_parser:start_gift_parsing_loop:174 - Cycle 1/1 for user 1487757625
2025-06-03 16:45:45 | DEBUG | gifts:aio_get_available_gifts:31 - Fetched 12 gifts from API
2025-06-03 16:45:45 | INFO | gift_parser:start_gift_parsing_loop:100 - 📊 Gifts fetched - Total: 12, Limited: 1, Unlimited: 11 (will be ignored)
2025-06-03 16:45:45 | INFO | gift_parser:start_gift_parsing_loop:150 - ✅ Database updated with LIMITED gifts only
2025-06-03 16:45:45 | INFO | gift_parser:start_gift_parsing_loop:158 - 👥 Found 1 users with autobuy enabled
2025-06-03 16:45:45 | DEBUG | gift_parser:start_gift_parsing_loop:174 - Cycle 1/1 for user 1487757625
2025-06-03 16:45:48 | DEBUG | gifts:aio_get_available_gifts:31 - Fetched 12 gifts from API
2025-06-03 16:45:48 | INFO | gift_parser:start_gift_parsing_loop:100 - 📊 Gifts fetched - Total: 12, Limited: 1, Unlimited: 11 (will be ignored)
2025-06-03 16:45:48 | INFO | gift_parser:start_gift_parsing_loop:130 - 📝 Updated gift 5782984811920491178: price=350⭐, remaining=91805/500000
2025-06-03 16:45:48 | INFO | gift_parser:start_gift_parsing_loop:150 - ✅ Database updated with LIMITED gifts only
2025-06-03 16:45:48 | INFO | gift_parser:start_gift_parsing_loop:158 - 👥 Found 1 users with autobuy enabled
2025-06-03 16:45:48 | DEBUG | gift_parser:start_gift_parsing_loop:174 - Cycle 1/1 for user 1487757625
2025-06-03 16:45:51 | DEBUG | gifts:aio_get_available_gifts:31 - Fetched 12 gifts from API
2025-06-03 16:45:51 | INFO | gift_parser:start_gift_parsing_loop:100 - 📊 Gifts fetched - Total: 12, Limited: 1, Unlimited: 11 (will be ignored)
2025-06-03 16:45:51 | INFO | gift_parser:start_gift_parsing_loop:130 - 📝 Updated gift 5782984811920491178: price=350⭐, remaining=91807/500000
2025-06-03 16:45:51 | INFO | gift_parser:start_gift_parsing_loop:150 - ✅ Database updated with LIMITED gifts only
2025-06-03 16:45:51 | INFO | gift_parser:start_gift_parsing_loop:158 - 👥 Found 1 users with autobuy enabled
2025-06-03 16:45:51 | DEBUG | gift_parser:start_gift_parsing_loop:174 - Cycle 1/1 for user 1487757625
2025-06-03 16:45:55 | DEBUG | gifts:aio_get_available_gifts:31 - Fetched 12 gifts from API
2025-06-03 16:45:55 | INFO | gift_parser:start_gift_parsing_loop:100 - 📊 Gifts fetched - Total: 12, Limited: 1, Unlimited: 11 (will be ignored)
2025-06-03 16:45:55 | INFO | gift_parser:start_gift_parsing_loop:150 - ✅ Database updated with LIMITED gifts only
2025-06-03 16:45:55 | INFO | gift_parser:start_gift_parsing_loop:158 - 👥 Found 1 users with autobuy enabled
2025-06-03 16:45:55 | DEBUG | gift_parser:start_gift_parsing_loop:174 - Cycle 1/1 for user 1487757625
2025-06-03 16:45:58 | DEBUG | gifts:aio_get_available_gifts:31 - Fetched 12 gifts from API
2025-06-03 16:45:58 | INFO | gift_parser:start_gift_parsing_loop:100 - 📊 Gifts fetched - Total: 12, Limited: 1, Unlimited: 11 (will be ignored)
2025-06-03 16:45:58 | INFO | gift_parser:start_gift_parsing_loop:130 - 📝 Updated gift 5782984811920491178: price=350⭐, remaining=91805/500000
2025-06-03 16:45:58 | INFO | gift_parser:start_gift_parsing_loop:150 - ✅ Database updated with LIMITED gifts only
2025-06-03 16:45:58 | INFO | gift_parser:start_gift_parsing_loop:158 - 👥 Found 1 users with autobuy enabled
2025-06-03 16:45:58 | DEBUG | gift_parser:start_gift_parsing_loop:174 - Cycle 1/1 for user 1487757625
2025-06-03 16:46:01 | DEBUG | gifts:aio_get_available_gifts:31 - Fetched 12 gifts from API
2025-06-03 16:46:01 | INFO | gift_parser:start_gift_parsing_loop:100 - 📊 Gifts fetched - Total: 12, Limited: 1, Unlimited: 11 (will be ignored)
2025-06-03 16:46:01 | INFO | gift_parser:start_gift_parsing_loop:150 - ✅ Database updated with LIMITED gifts only
2025-06-03 16:46:01 | INFO | gift_parser:start_gift_parsing_loop:158 - 👥 Found 1 users with autobuy enabled
2025-06-03 16:46:01 | DEBUG | gift_parser:start_gift_parsing_loop:174 - Cycle 1/1 for user 1487757625
2025-06-03 16:46:04 | DEBUG | gifts:aio_get_available_gifts:31 - Fetched 12 gifts from API
2025-06-03 16:46:04 | INFO | gift_parser:start_gift_parsing_loop:100 - 📊 Gifts fetched - Total: 12, Limited: 1, Unlimited: 11 (will be ignored)
2025-06-03 16:46:04 | INFO | gift_parser:start_gift_parsing_loop:130 - 📝 Updated gift 5782984811920491178: price=350⭐, remaining=91807/500000
2025-06-03 16:46:04 | INFO | gift_parser:start_gift_parsing_loop:150 - ✅ Database updated with LIMITED gifts only
2025-06-03 16:46:04 | INFO | gift_parser:start_gift_parsing_loop:158 - 👥 Found 1 users with autobuy enabled
2025-06-03 16:46:04 | DEBUG | gift_parser:start_gift_parsing_loop:174 - Cycle 1/1 for user 1487757625
2025-06-03 16:46:08 | DEBUG | gifts:aio_get_available_gifts:31 - Fetched 12 gifts from API
2025-06-03 16:46:08 | INFO | gift_parser:start_gift_parsing_loop:100 - 📊 Gifts fetched - Total: 12, Limited: 1, Unlimited: 11 (will be ignored)
2025-06-03 16:46:08 | INFO | gift_parser:start_gift_parsing_loop:130 - 📝 Updated gift 5782984811920491178: price=350⭐, remaining=91805/500000
2025-06-03 16:46:08 | INFO | gift_parser:start_gift_parsing_loop:150 - ✅ Database updated with LIMITED gifts only
2025-06-03 16:46:08 | INFO | gift_parser:start_gift_parsing_loop:158 - 👥 Found 1 users with autobuy enabled
2025-06-03 16:46:08 | DEBUG | gift_parser:start_gift_parsing_loop:174 - Cycle 1/1 for user 1487757625
2025-06-03 16:46:11 | DEBUG | gifts:aio_get_available_gifts:31 - Fetched 12 gifts from API
2025-06-03 16:46:11 | INFO | gift_parser:start_gift_parsing_loop:100 - 📊 Gifts fetched - Total: 12, Limited: 1, Unlimited: 11 (will be ignored)
2025-06-03 16:46:11 | INFO | gift_parser:start_gift_parsing_loop:150 - ✅ Database updated with LIMITED gifts only
2025-06-03 16:46:11 | INFO | gift_parser:start_gift_parsing_loop:158 - 👥 Found 1 users with autobuy enabled
2025-06-03 16:46:11 | DEBUG | gift_parser:start_gift_parsing_loop:174 - Cycle 1/1 for user 1487757625
2025-06-03 16:46:14 | DEBUG | gifts:aio_get_available_gifts:31 - Fetched 12 gifts from API
2025-06-03 16:46:14 | INFO | gift_parser:start_gift_parsing_loop:100 - 📊 Gifts fetched - Total: 12, Limited: 1, Unlimited: 11 (will be ignored)
2025-06-03 16:46:14 | INFO | gift_parser:start_gift_parsing_loop:150 - ✅ Database updated with LIMITED gifts only
2025-06-03 16:46:14 | INFO | gift_parser:start_gift_parsing_loop:158 - 👥 Found 1 users with autobuy enabled
2025-06-03 16:46:14 | DEBUG | gift_parser:start_gift_parsing_loop:174 - Cycle 1/1 for user 1487757625
2025-06-03 16:46:17 | DEBUG | gifts:aio_get_available_gifts:31 - Fetched 12 gifts from API
2025-06-03 16:46:17 | INFO | gift_parser:start_gift_parsing_loop:100 - 📊 Gifts fetched - Total: 12, Limited: 1, Unlimited: 11 (will be ignored)
2025-06-03 16:46:17 | INFO | gift_parser:start_gift_parsing_loop:150 - ✅ Database updated with LIMITED gifts only
2025-06-03 16:46:17 | INFO | gift_parser:start_gift_parsing_loop:158 - 👥 Found 1 users with autobuy enabled
2025-06-03 16:46:17 | DEBUG | gift_parser:start_gift_parsing_loop:174 - Cycle 1/1 for user 1487757625
2025-06-03 16:46:21 | DEBUG | gifts:aio_get_available_gifts:31 - Fetched 12 gifts from API
2025-06-03 16:46:21 | INFO | gift_parser:start_gift_parsing_loop:100 - 📊 Gifts fetched - Total: 12, Limited: 1, Unlimited: 11 (will be ignored)
2025-06-03 16:46:21 | INFO | gift_parser:start_gift_parsing_loop:150 - ✅ Database updated with LIMITED gifts only
2025-06-03 16:46:21 | INFO | gift_parser:start_gift_parsing_loop:158 - 👥 Found 1 users with autobuy enabled
2025-06-03 16:46:21 | DEBUG | gift_parser:start_gift_parsing_loop:174 - Cycle 1/1 for user 1487757625
2025-06-03 16:46:24 | DEBUG | gifts:aio_get_available_gifts:31 - Fetched 12 gifts from API
2025-06-03 16:46:24 | INFO | gift_parser:start_gift_parsing_loop:100 - 📊 Gifts fetched - Total: 12, Limited: 1, Unlimited: 11 (will be ignored)
2025-06-03 16:46:24 | INFO | gift_parser:start_gift_parsing_loop:150 - ✅ Database updated with LIMITED gifts only
2025-06-03 16:46:24 | INFO | gift_parser:start_gift_parsing_loop:158 - 👥 Found 1 users with autobuy enabled
2025-06-03 16:46:24 | DEBUG | gift_parser:start_gift_parsing_loop:174 - Cycle 1/1 for user 1487757625
2025-06-03 16:46:27 | DEBUG | gifts:aio_get_available_gifts:31 - Fetched 12 gifts from API
2025-06-03 16:46:27 | INFO | gift_parser:start_gift_parsing_loop:100 - 📊 Gifts fetched - Total: 12, Limited: 1, Unlimited: 11 (will be ignored)
2025-06-03 16:46:27 | INFO | gift_parser:start_gift_parsing_loop:150 - ✅ Database updated with LIMITED gifts only
2025-06-03 16:46:27 | INFO | gift_parser:start_gift_parsing_loop:158 - 👥 Found 1 users with autobuy enabled
2025-06-03 16:46:27 | DEBUG | gift_parser:start_gift_parsing_loop:174 - Cycle 1/1 for user 1487757625
2025-06-03 16:46:30 | DEBUG | gifts:aio_get_available_gifts:31 - Fetched 12 gifts from API
2025-06-03 16:46:30 | INFO | gift_parser:start_gift_parsing_loop:100 - 📊 Gifts fetched - Total: 12, Limited: 1, Unlimited: 11 (will be ignored)
2025-06-03 16:46:30 | INFO | gift_parser:start_gift_parsing_loop:150 - ✅ Database updated with LIMITED gifts only
2025-06-03 16:46:30 | INFO | gift_parser:start_gift_parsing_loop:158 - 👥 Found 1 users with autobuy enabled
2025-06-03 16:46:30 | DEBUG | gift_parser:start_gift_parsing_loop:174 - Cycle 1/1 for user 1487757625
2025-06-03 16:46:34 | DEBUG | gifts:aio_get_available_gifts:31 - Fetched 12 gifts from API
2025-06-03 16:46:34 | INFO | gift_parser:start_gift_parsing_loop:100 - 📊 Gifts fetched - Total: 12, Limited: 1, Unlimited: 11 (will be ignored)
2025-06-03 16:46:34 | INFO | gift_parser:start_gift_parsing_loop:150 - ✅ Database updated with LIMITED gifts only
2025-06-03 16:46:34 | INFO | gift_parser:start_gift_parsing_loop:158 - 👥 Found 1 users with autobuy enabled
2025-06-03 16:46:34 | DEBUG | gift_parser:start_gift_parsing_loop:174 - Cycle 1/1 for user 1487757625
2025-06-03 16:46:37 | DEBUG | gifts:aio_get_available_gifts:31 - Fetched 12 gifts from API
2025-06-03 16:46:37 | INFO | gift_parser:start_gift_parsing_loop:100 - 📊 Gifts fetched - Total: 12, Limited: 1, Unlimited: 11 (will be ignored)
2025-06-03 16:46:37 | INFO | gift_parser:start_gift_parsing_loop:150 - ✅ Database updated with LIMITED gifts only
2025-06-03 16:46:37 | INFO | gift_parser:start_gift_parsing_loop:158 - 👥 Found 1 users with autobuy enabled
2025-06-03 16:46:37 | DEBUG | gift_parser:start_gift_parsing_loop:174 - Cycle 1/1 for user 1487757625
2025-06-03 16:46:40 | DEBUG | gifts:aio_get_available_gifts:31 - Fetched 12 gifts from API
2025-06-03 16:46:40 | INFO | gift_parser:start_gift_parsing_loop:100 - 📊 Gifts fetched - Total: 12, Limited: 1, Unlimited: 11 (will be ignored)
2025-06-03 16:46:40 | INFO | gift_parser:start_gift_parsing_loop:150 - ✅ Database updated with LIMITED gifts only
2025-06-03 16:46:40 | INFO | gift_parser:start_gift_parsing_loop:158 - 👥 Found 1 users with autobuy enabled
2025-06-03 16:46:40 | DEBUG | gift_parser:start_gift_parsing_loop:174 - Cycle 1/1 for user 1487757625
2025-06-03 16:46:43 | DEBUG | gifts:aio_get_available_gifts:31 - Fetched 12 gifts from API
2025-06-03 16:46:43 | INFO | gift_parser:start_gift_parsing_loop:100 - 📊 Gifts fetched - Total: 12, Limited: 1, Unlimited: 11 (will be ignored)
2025-06-03 16:46:43 | INFO | gift_parser:start_gift_parsing_loop:150 - ✅ Database updated with LIMITED gifts only
2025-06-03 16:46:43 | INFO | gift_parser:start_gift_parsing_loop:158 - 👥 Found 1 users with autobuy enabled
2025-06-03 16:46:43 | DEBUG | gift_parser:start_gift_parsing_loop:174 - Cycle 1/1 for user 1487757625
2025-06-03 16:46:47 | DEBUG | gifts:aio_get_available_gifts:31 - Fetched 12 gifts from API
2025-06-03 16:46:47 | INFO | gift_parser:start_gift_parsing_loop:100 - 📊 Gifts fetched - Total: 12, Limited: 1, Unlimited: 11 (will be ignored)
2025-06-03 16:46:47 | INFO | gift_parser:start_gift_parsing_loop:150 - ✅ Database updated with LIMITED gifts only
2025-06-03 16:46:47 | INFO | gift_parser:start_gift_parsing_loop:158 - 👥 Found 1 users with autobuy enabled
2025-06-03 16:46:47 | DEBUG | gift_parser:start_gift_parsing_loop:174 - Cycle 1/1 for user 1487757625
2025-06-03 16:46:50 | DEBUG | gifts:aio_get_available_gifts:31 - Fetched 12 gifts from API
2025-06-03 16:46:50 | INFO | gift_parser:start_gift_parsing_loop:100 - 📊 Gifts fetched - Total: 12, Limited: 1, Unlimited: 11 (will be ignored)
2025-06-03 16:46:50 | INFO | gift_parser:start_gift_parsing_loop:150 - ✅ Database updated with LIMITED gifts only
2025-06-03 16:46:50 | INFO | gift_parser:start_gift_parsing_loop:158 - 👥 Found 1 users with autobuy enabled
2025-06-03 16:46:50 | DEBUG | gift_parser:start_gift_parsing_loop:174 - Cycle 1/1 for user 1487757625
2025-06-03 16:46:53 | DEBUG | gifts:aio_get_available_gifts:31 - Fetched 12 gifts from API
2025-06-03 16:46:53 | INFO | gift_parser:start_gift_parsing_loop:100 - 📊 Gifts fetched - Total: 12, Limited: 1, Unlimited: 11 (will be ignored)
2025-06-03 16:46:53 | INFO | gift_parser:start_gift_parsing_loop:150 - ✅ Database updated with LIMITED gifts only
2025-06-03 16:46:53 | INFO | gift_parser:start_gift_parsing_loop:158 - 👥 Found 1 users with autobuy enabled
2025-06-03 16:46:53 | DEBUG | gift_parser:start_gift_parsing_loop:174 - Cycle 1/1 for user 1487757625
2025-06-03 16:46:57 | DEBUG | gifts:aio_get_available_gifts:31 - Fetched 12 gifts from API
2025-06-03 16:46:57 | INFO | gift_parser:start_gift_parsing_loop:100 - 📊 Gifts fetched - Total: 12, Limited: 1, Unlimited: 11 (will be ignored)
2025-06-03 16:46:57 | INFO | gift_parser:start_gift_parsing_loop:130 - 📝 Updated gift 5782984811920491178: price=350⭐, remaining=91802/500000
2025-06-03 16:46:57 | INFO | gift_parser:start_gift_parsing_loop:150 - ✅ Database updated with LIMITED gifts only
2025-06-03 16:46:57 | INFO | gift_parser:start_gift_parsing_loop:158 - 👥 Found 1 users with autobuy enabled
2025-06-03 16:46:57 | DEBUG | gift_parser:start_gift_parsing_loop:174 - Cycle 1/1 for user 1487757625
2025-06-03 16:47:00 | DEBUG | gifts:aio_get_available_gifts:31 - Fetched 12 gifts from API
2025-06-03 16:47:00 | INFO | gift_parser:start_gift_parsing_loop:100 - 📊 Gifts fetched - Total: 12, Limited: 1, Unlimited: 11 (will be ignored)
2025-06-03 16:47:00 | INFO | gift_parser:start_gift_parsing_loop:130 - 📝 Updated gift 5782984811920491178: price=350⭐, remaining=91800/500000
2025-06-03 16:47:00 | INFO | gift_parser:start_gift_parsing_loop:150 - ✅ Database updated with LIMITED gifts only
2025-06-03 16:47:00 | INFO | gift_parser:start_gift_parsing_loop:158 - 👥 Found 1 users with autobuy enabled
2025-06-03 16:47:00 | DEBUG | gift_parser:start_gift_parsing_loop:174 - Cycle 1/1 for user 1487757625
2025-06-03 16:47:03 | DEBUG | gifts:aio_get_available_gifts:31 - Fetched 12 gifts from API
2025-06-03 16:47:03 | INFO | gift_parser:start_gift_parsing_loop:100 - 📊 Gifts fetched - Total: 12, Limited: 1, Unlimited: 11 (will be ignored)
2025-06-03 16:47:03 | INFO | gift_parser:start_gift_parsing_loop:130 - 📝 Updated gift 5782984811920491178: price=350⭐, remaining=91802/500000
2025-06-03 16:47:03 | INFO | gift_parser:start_gift_parsing_loop:150 - ✅ Database updated with LIMITED gifts only
2025-06-03 16:47:03 | INFO | gift_parser:start_gift_parsing_loop:158 - 👥 Found 1 users with autobuy enabled
2025-06-03 16:47:03 | DEBUG | gift_parser:start_gift_parsing_loop:174 - Cycle 1/1 for user 1487757625
2025-06-03 16:47:07 | DEBUG | gifts:aio_get_available_gifts:31 - Fetched 12 gifts from API
2025-06-03 16:47:07 | INFO | gift_parser:start_gift_parsing_loop:100 - 📊 Gifts fetched - Total: 12, Limited: 1, Unlimited: 11 (will be ignored)
2025-06-03 16:47:07 | INFO | gift_parser:start_gift_parsing_loop:130 - 📝 Updated gift 5782984811920491178: price=350⭐, remaining=91800/500000
2025-06-03 16:47:07 | INFO | gift_parser:start_gift_parsing_loop:150 - ✅ Database updated with LIMITED gifts only
2025-06-03 16:47:07 | INFO | gift_parser:start_gift_parsing_loop:158 - 👥 Found 1 users with autobuy enabled
2025-06-03 16:47:07 | DEBUG | gift_parser:start_gift_parsing_loop:174 - Cycle 1/1 for user 1487757625
2025-06-03 16:47:10 | DEBUG | gifts:aio_get_available_gifts:31 - Fetched 12 gifts from API
2025-06-03 16:47:10 | INFO | gift_parser:start_gift_parsing_loop:100 - 📊 Gifts fetched - Total: 12, Limited: 1, Unlimited: 11 (will be ignored)
2025-06-03 16:47:10 | INFO | gift_parser:start_gift_parsing_loop:150 - ✅ Database updated with LIMITED gifts only
2025-06-03 16:47:10 | INFO | gift_parser:start_gift_parsing_loop:158 - 👥 Found 1 users with autobuy enabled
2025-06-03 16:47:10 | DEBUG | gift_parser:start_gift_parsing_loop:174 - Cycle 1/1 for user 1487757625
2025-06-03 16:47:13 | DEBUG | gifts:aio_get_available_gifts:31 - Fetched 12 gifts from API
2025-06-03 16:47:13 | INFO | gift_parser:start_gift_parsing_loop:100 - 📊 Gifts fetched - Total: 12, Limited: 1, Unlimited: 11 (will be ignored)
2025-06-03 16:47:13 | INFO | gift_parser:start_gift_parsing_loop:150 - ✅ Database updated with LIMITED gifts only
2025-06-03 16:47:13 | INFO | gift_parser:start_gift_parsing_loop:158 - 👥 Found 1 users with autobuy enabled
2025-06-03 16:47:13 | DEBUG | gift_parser:start_gift_parsing_loop:174 - Cycle 1/1 for user 1487757625
2025-06-03 16:47:16 | DEBUG | gifts:aio_get_available_gifts:31 - Fetched 12 gifts from API
2025-06-03 16:47:16 | INFO | gift_parser:start_gift_parsing_loop:100 - 📊 Gifts fetched - Total: 12, Limited: 1, Unlimited: 11 (will be ignored)
2025-06-03 16:47:16 | INFO | gift_parser:start_gift_parsing_loop:150 - ✅ Database updated with LIMITED gifts only
2025-06-03 16:47:16 | INFO | gift_parser:start_gift_parsing_loop:158 - 👥 Found 1 users with autobuy enabled
2025-06-03 16:47:16 | DEBUG | gift_parser:start_gift_parsing_loop:174 - Cycle 1/1 for user 1487757625
2025-06-03 16:47:19 | DEBUG | gifts:aio_get_available_gifts:31 - Fetched 12 gifts from API
2025-06-03 16:47:19 | INFO | gift_parser:start_gift_parsing_loop:100 - 📊 Gifts fetched - Total: 12, Limited: 1, Unlimited: 11 (will be ignored)
2025-06-03 16:47:19 | INFO | gift_parser:start_gift_parsing_loop:150 - ✅ Database updated with LIMITED gifts only
2025-06-03 16:47:19 | INFO | gift_parser:start_gift_parsing_loop:158 - 👥 Found 1 users with autobuy enabled
2025-06-03 16:47:19 | DEBUG | gift_parser:start_gift_parsing_loop:174 - Cycle 1/1 for user 1487757625
2025-06-03 16:47:23 | DEBUG | gifts:aio_get_available_gifts:31 - Fetched 12 gifts from API
2025-06-03 16:47:23 | INFO | gift_parser:start_gift_parsing_loop:100 - 📊 Gifts fetched - Total: 12, Limited: 1, Unlimited: 11 (will be ignored)
2025-06-03 16:47:23 | INFO | gift_parser:start_gift_parsing_loop:150 - ✅ Database updated with LIMITED gifts only
2025-06-03 16:47:23 | INFO | gift_parser:start_gift_parsing_loop:158 - 👥 Found 1 users with autobuy enabled
2025-06-03 16:47:23 | DEBUG | gift_parser:start_gift_parsing_loop:174 - Cycle 1/1 for user 1487757625
2025-06-03 16:47:26 | DEBUG | gifts:aio_get_available_gifts:31 - Fetched 12 gifts from API
2025-06-03 16:47:26 | INFO | gift_parser:start_gift_parsing_loop:100 - 📊 Gifts fetched - Total: 12, Limited: 1, Unlimited: 11 (will be ignored)
2025-06-03 16:47:26 | INFO | gift_parser:start_gift_parsing_loop:150 - ✅ Database updated with LIMITED gifts only
2025-06-03 16:47:26 | INFO | gift_parser:start_gift_parsing_loop:158 - 👥 Found 1 users with autobuy enabled
2025-06-03 16:47:26 | DEBUG | gift_parser:start_gift_parsing_loop:174 - Cycle 1/1 for user 1487757625
2025-06-03 16:47:29 | DEBUG | gifts:aio_get_available_gifts:31 - Fetched 12 gifts from API
2025-06-03 16:47:29 | INFO | gift_parser:start_gift_parsing_loop:100 - 📊 Gifts fetched - Total: 12, Limited: 1, Unlimited: 11 (will be ignored)
2025-06-03 16:47:29 | INFO | gift_parser:start_gift_parsing_loop:150 - ✅ Database updated with LIMITED gifts only
2025-06-03 16:47:29 | INFO | gift_parser:start_gift_parsing_loop:158 - 👥 Found 1 users with autobuy enabled
2025-06-03 16:47:29 | DEBUG | gift_parser:start_gift_parsing_loop:174 - Cycle 1/1 for user 1487757625
2025-06-03 16:47:32 | DEBUG | gifts:aio_get_available_gifts:31 - Fetched 12 gifts from API
2025-06-03 16:47:32 | INFO | gift_parser:start_gift_parsing_loop:100 - 📊 Gifts fetched - Total: 12, Limited: 1, Unlimited: 11 (will be ignored)
2025-06-03 16:47:32 | INFO | gift_parser:start_gift_parsing_loop:150 - ✅ Database updated with LIMITED gifts only
2025-06-03 16:47:32 | INFO | gift_parser:start_gift_parsing_loop:158 - 👥 Found 1 users with autobuy enabled
2025-06-03 16:47:32 | DEBUG | gift_parser:start_gift_parsing_loop:174 - Cycle 1/1 for user 1487757625
2025-06-03 16:47:36 | DEBUG | gifts:aio_get_available_gifts:31 - Fetched 12 gifts from API
2025-06-03 16:47:36 | INFO | gift_parser:start_gift_parsing_loop:100 - 📊 Gifts fetched - Total: 12, Limited: 1, Unlimited: 11 (will be ignored)
2025-06-03 16:47:36 | INFO | gift_parser:start_gift_parsing_loop:130 - 📝 Updated gift 5782984811920491178: price=350⭐, remaining=91802/500000
2025-06-03 16:47:36 | INFO | gift_parser:start_gift_parsing_loop:150 - ✅ Database updated with LIMITED gifts only
2025-06-03 16:47:36 | INFO | gift_parser:start_gift_parsing_loop:158 - 👥 Found 1 users with autobuy enabled
2025-06-03 16:47:36 | DEBUG | gift_parser:start_gift_parsing_loop:174 - Cycle 1/1 for user 1487757625
2025-06-03 16:47:39 | DEBUG | gifts:aio_get_available_gifts:31 - Fetched 12 gifts from API
2025-06-03 16:47:39 | INFO | gift_parser:start_gift_parsing_loop:100 - 📊 Gifts fetched - Total: 12, Limited: 1, Unlimited: 11 (will be ignored)
2025-06-03 16:47:39 | INFO | gift_parser:start_gift_parsing_loop:130 - 📝 Updated gift 5782984811920491178: price=350⭐, remaining=91800/500000
2025-06-03 16:47:39 | INFO | gift_parser:start_gift_parsing_loop:150 - ✅ Database updated with LIMITED gifts only
2025-06-03 16:47:39 | INFO | gift_parser:start_gift_parsing_loop:158 - 👥 Found 1 users with autobuy enabled
2025-06-03 16:47:39 | DEBUG | gift_parser:start_gift_parsing_loop:174 - Cycle 1/1 for user 1487757625
2025-06-03 16:47:42 | DEBUG | gifts:aio_get_available_gifts:31 - Fetched 12 gifts from API
2025-06-03 16:47:42 | INFO | gift_parser:start_gift_parsing_loop:100 - 📊 Gifts fetched - Total: 12, Limited: 1, Unlimited: 11 (will be ignored)
2025-06-03 16:47:42 | INFO | gift_parser:start_gift_parsing_loop:150 - ✅ Database updated with LIMITED gifts only
2025-06-03 16:47:42 | INFO | gift_parser:start_gift_parsing_loop:158 - 👥 Found 1 users with autobuy enabled
2025-06-03 16:47:42 | DEBUG | gift_parser:start_gift_parsing_loop:174 - Cycle 1/1 for user 1487757625
2025-06-03 16:47:45 | DEBUG | gifts:aio_get_available_gifts:31 - Fetched 12 gifts from API
2025-06-03 16:47:45 | INFO | gift_parser:start_gift_parsing_loop:100 - 📊 Gifts fetched - Total: 12, Limited: 1, Unlimited: 11 (will be ignored)
2025-06-03 16:47:45 | INFO | gift_parser:start_gift_parsing_loop:130 - 📝 Updated gift 5782984811920491178: price=350⭐, remaining=91799/500000
2025-06-03 16:47:45 | INFO | gift_parser:start_gift_parsing_loop:150 - ✅ Database updated with LIMITED gifts only
2025-06-03 16:47:45 | INFO | gift_parser:start_gift_parsing_loop:158 - 👥 Found 1 users with autobuy enabled
2025-06-03 16:47:45 | DEBUG | gift_parser:start_gift_parsing_loop:174 - Cycle 1/1 for user 1487757625
2025-06-03 16:47:49 | DEBUG | gifts:aio_get_available_gifts:31 - Fetched 12 gifts from API
2025-06-03 16:47:49 | INFO | gift_parser:start_gift_parsing_loop:100 - 📊 Gifts fetched - Total: 12, Limited: 1, Unlimited: 11 (will be ignored)
2025-06-03 16:47:49 | INFO | gift_parser:start_gift_parsing_loop:150 - ✅ Database updated with LIMITED gifts only
2025-06-03 16:47:49 | INFO | gift_parser:start_gift_parsing_loop:158 - 👥 Found 1 users with autobuy enabled
2025-06-03 16:47:49 | DEBUG | gift_parser:start_gift_parsing_loop:174 - Cycle 1/1 for user 1487757625
2025-06-03 16:47:52 | DEBUG | gifts:aio_get_available_gifts:31 - Fetched 12 gifts from API
2025-06-03 16:47:52 | INFO | gift_parser:start_gift_parsing_loop:100 - 📊 Gifts fetched - Total: 12, Limited: 1, Unlimited: 11 (will be ignored)
2025-06-03 16:47:52 | INFO | gift_parser:start_gift_parsing_loop:150 - ✅ Database updated with LIMITED gifts only
2025-06-03 16:47:52 | INFO | gift_parser:start_gift_parsing_loop:158 - 👥 Found 1 users with autobuy enabled
2025-06-03 16:47:52 | DEBUG | gift_parser:start_gift_parsing_loop:174 - Cycle 1/1 for user 1487757625
2025-06-03 16:47:55 | DEBUG | gifts:aio_get_available_gifts:31 - Fetched 12 gifts from API
2025-06-03 16:47:55 | INFO | gift_parser:start_gift_parsing_loop:100 - 📊 Gifts fetched - Total: 12, Limited: 1, Unlimited: 11 (will be ignored)
2025-06-03 16:47:55 | INFO | gift_parser:start_gift_parsing_loop:130 - 📝 Updated gift 5782984811920491178: price=350⭐, remaining=91800/500000
2025-06-03 16:47:55 | INFO | gift_parser:start_gift_parsing_loop:150 - ✅ Database updated with LIMITED gifts only
2025-06-03 16:47:55 | INFO | gift_parser:start_gift_parsing_loop:158 - 👥 Found 1 users with autobuy enabled
2025-06-03 16:47:55 | DEBUG | gift_parser:start_gift_parsing_loop:174 - Cycle 1/1 for user 1487757625
2025-06-03 16:47:58 | DEBUG | gifts:aio_get_available_gifts:31 - Fetched 12 gifts from API
2025-06-03 16:47:58 | INFO | gift_parser:start_gift_parsing_loop:100 - 📊 Gifts fetched - Total: 12, Limited: 1, Unlimited: 11 (will be ignored)
2025-06-03 16:47:58 | INFO | gift_parser:start_gift_parsing_loop:130 - 📝 Updated gift 5782984811920491178: price=350⭐, remaining=91799/500000
2025-06-03 16:47:58 | INFO | gift_parser:start_gift_parsing_loop:150 - ✅ Database updated with LIMITED gifts only
2025-06-03 16:47:58 | INFO | gift_parser:start_gift_parsing_loop:158 - 👥 Found 1 users with autobuy enabled
2025-06-03 16:47:58 | DEBUG | gift_parser:start_gift_parsing_loop:174 - Cycle 1/1 for user 1487757625
2025-06-03 16:48:01 | DEBUG | gifts:aio_get_available_gifts:31 - Fetched 12 gifts from API
2025-06-03 16:48:01 | INFO | gift_parser:start_gift_parsing_loop:100 - 📊 Gifts fetched - Total: 12, Limited: 1, Unlimited: 11 (will be ignored)
2025-06-03 16:48:01 | INFO | gift_parser:start_gift_parsing_loop:150 - ✅ Database updated with LIMITED gifts only
2025-06-03 16:48:01 | INFO | gift_parser:start_gift_parsing_loop:158 - 👥 Found 1 users with autobuy enabled
2025-06-03 16:48:01 | DEBUG | gift_parser:start_gift_parsing_loop:174 - Cycle 1/1 for user 1487757625
2025-06-03 16:48:05 | DEBUG | gifts:aio_get_available_gifts:31 - Fetched 12 gifts from API
2025-06-03 16:48:05 | INFO | gift_parser:start_gift_parsing_loop:100 - 📊 Gifts fetched - Total: 12, Limited: 1, Unlimited: 11 (will be ignored)
2025-06-03 16:48:05 | INFO | gift_parser:start_gift_parsing_loop:130 - 📝 Updated gift 5782984811920491178: price=350⭐, remaining=91800/500000
2025-06-03 16:48:05 | INFO | gift_parser:start_gift_parsing_loop:150 - ✅ Database updated with LIMITED gifts only
2025-06-03 16:48:05 | INFO | gift_parser:start_gift_parsing_loop:158 - 👥 Found 1 users with autobuy enabled
2025-06-03 16:48:05 | DEBUG | gift_parser:start_gift_parsing_loop:174 - Cycle 1/1 for user 1487757625
2025-06-03 16:48:08 | DEBUG | gifts:aio_get_available_gifts:31 - Fetched 12 gifts from API
2025-06-03 16:48:08 | INFO | gift_parser:start_gift_parsing_loop:100 - 📊 Gifts fetched - Total: 12, Limited: 1, Unlimited: 11 (will be ignored)
2025-06-03 16:48:08 | INFO | gift_parser:start_gift_parsing_loop:130 - 📝 Updated gift 5782984811920491178: price=350⭐, remaining=91799/500000
2025-06-03 16:48:08 | INFO | gift_parser:start_gift_parsing_loop:150 - ✅ Database updated with LIMITED gifts only
2025-06-03 16:48:08 | INFO | gift_parser:start_gift_parsing_loop:158 - 👥 Found 1 users with autobuy enabled
2025-06-03 16:48:08 | DEBUG | gift_parser:start_gift_parsing_loop:174 - Cycle 1/1 for user 1487757625
2025-06-03 16:48:11 | DEBUG | gifts:aio_get_available_gifts:31 - Fetched 12 gifts from API
2025-06-03 16:48:11 | INFO | gift_parser:start_gift_parsing_loop:100 - 📊 Gifts fetched - Total: 12, Limited: 1, Unlimited: 11 (will be ignored)
2025-06-03 16:48:11 | INFO | gift_parser:start_gift_parsing_loop:150 - ✅ Database updated with LIMITED gifts only
2025-06-03 16:48:11 | INFO | gift_parser:start_gift_parsing_loop:158 - 👥 Found 1 users with autobuy enabled
2025-06-03 16:48:11 | DEBUG | gift_parser:start_gift_parsing_loop:174 - Cycle 1/1 for user 1487757625
2025-06-03 16:48:15 | DEBUG | gifts:aio_get_available_gifts:31 - Fetched 12 gifts from API
2025-06-03 16:48:15 | INFO | gift_parser:start_gift_parsing_loop:100 - 📊 Gifts fetched - Total: 12, Limited: 1, Unlimited: 11 (will be ignored)
2025-06-03 16:48:15 | INFO | gift_parser:start_gift_parsing_loop:150 - ✅ Database updated with LIMITED gifts only
2025-06-03 16:48:15 | INFO | gift_parser:start_gift_parsing_loop:158 - 👥 Found 1 users with autobuy enabled
2025-06-03 16:48:15 | DEBUG | gift_parser:start_gift_parsing_loop:174 - Cycle 1/1 for user 1487757625
2025-06-03 16:48:18 | DEBUG | gifts:aio_get_available_gifts:31 - Fetched 12 gifts from API
2025-06-03 16:48:18 | INFO | gift_parser:start_gift_parsing_loop:100 - 📊 Gifts fetched - Total: 12, Limited: 1, Unlimited: 11 (will be ignored)
2025-06-03 16:48:18 | INFO | gift_parser:start_gift_parsing_loop:150 - ✅ Database updated with LIMITED gifts only
2025-06-03 16:48:18 | INFO | gift_parser:start_gift_parsing_loop:158 - 👥 Found 1 users with autobuy enabled
2025-06-03 16:48:18 | DEBUG | gift_parser:start_gift_parsing_loop:174 - Cycle 1/1 for user 1487757625
2025-06-03 16:48:21 | DEBUG | gifts:aio_get_available_gifts:31 - Fetched 12 gifts from API
2025-06-03 16:48:21 | INFO | gift_parser:start_gift_parsing_loop:100 - 📊 Gifts fetched - Total: 12, Limited: 1, Unlimited: 11 (will be ignored)
2025-06-03 16:48:21 | INFO | gift_parser:start_gift_parsing_loop:150 - ✅ Database updated with LIMITED gifts only
2025-06-03 16:48:21 | INFO | gift_parser:start_gift_parsing_loop:158 - 👥 Found 1 users with autobuy enabled
2025-06-03 16:48:21 | DEBUG | gift_parser:start_gift_parsing_loop:174 - Cycle 1/1 for user 1487757625
2025-06-03 16:48:24 | DEBUG | gifts:aio_get_available_gifts:31 - Fetched 12 gifts from API
2025-06-03 16:48:24 | INFO | gift_parser:start_gift_parsing_loop:100 - 📊 Gifts fetched - Total: 12, Limited: 1, Unlimited: 11 (will be ignored)
2025-06-03 16:48:24 | INFO | gift_parser:start_gift_parsing_loop:150 - ✅ Database updated with LIMITED gifts only
2025-06-03 16:48:24 | INFO | gift_parser:start_gift_parsing_loop:158 - 👥 Found 1 users with autobuy enabled
2025-06-03 16:48:24 | DEBUG | gift_parser:start_gift_parsing_loop:174 - Cycle 1/1 for user 1487757625
2025-06-03 16:48:27 | DEBUG | gifts:aio_get_available_gifts:31 - Fetched 12 gifts from API
2025-06-03 16:48:27 | INFO | gift_parser:start_gift_parsing_loop:100 - 📊 Gifts fetched - Total: 12, Limited: 1, Unlimited: 11 (will be ignored)
2025-06-03 16:48:27 | INFO | gift_parser:start_gift_parsing_loop:130 - 📝 Updated gift 5782984811920491178: price=350⭐, remaining=91798/500000
2025-06-03 16:48:27 | INFO | gift_parser:start_gift_parsing_loop:150 - ✅ Database updated with LIMITED gifts only
2025-06-03 16:48:27 | INFO | gift_parser:start_gift_parsing_loop:158 - 👥 Found 1 users with autobuy enabled
2025-06-03 16:48:27 | DEBUG | gift_parser:start_gift_parsing_loop:174 - Cycle 1/1 for user 1487757625
2025-06-03 16:48:31 | DEBUG | gifts:aio_get_available_gifts:31 - Fetched 12 gifts from API
2025-06-03 16:48:31 | INFO | gift_parser:start_gift_parsing_loop:100 - 📊 Gifts fetched - Total: 12, Limited: 1, Unlimited: 11 (will be ignored)
2025-06-03 16:48:31 | INFO | gift_parser:start_gift_parsing_loop:130 - 📝 Updated gift 5782984811920491178: price=350⭐, remaining=91799/500000
2025-06-03 16:48:31 | INFO | gift_parser:start_gift_parsing_loop:150 - ✅ Database updated with LIMITED gifts only
2025-06-03 16:48:31 | INFO | gift_parser:start_gift_parsing_loop:158 - 👥 Found 1 users with autobuy enabled
2025-06-03 16:48:31 | DEBUG | gift_parser:start_gift_parsing_loop:174 - Cycle 1/1 for user 1487757625
2025-06-03 16:48:34 | DEBUG | gifts:aio_get_available_gifts:31 - Fetched 12 gifts from API
2025-06-03 16:48:34 | INFO | gift_parser:start_gift_parsing_loop:100 - 📊 Gifts fetched - Total: 12, Limited: 1, Unlimited: 11 (will be ignored)
2025-06-03 16:48:34 | INFO | gift_parser:start_gift_parsing_loop:150 - ✅ Database updated with LIMITED gifts only
2025-06-03 16:48:34 | INFO | gift_parser:start_gift_parsing_loop:158 - 👥 Found 1 users with autobuy enabled
2025-06-03 16:48:34 | DEBUG | gift_parser:start_gift_parsing_loop:174 - Cycle 1/1 for user 1487757625
2025-06-03 16:48:37 | DEBUG | gifts:aio_get_available_gifts:31 - Fetched 12 gifts from API
2025-06-03 16:48:37 | INFO | gift_parser:start_gift_parsing_loop:100 - 📊 Gifts fetched - Total: 12, Limited: 1, Unlimited: 11 (will be ignored)
2025-06-03 16:48:37 | INFO | gift_parser:start_gift_parsing_loop:130 - 📝 Updated gift 5782984811920491178: price=350⭐, remaining=91798/500000
2025-06-03 16:48:37 | INFO | gift_parser:start_gift_parsing_loop:150 - ✅ Database updated with LIMITED gifts only
2025-06-03 16:48:37 | INFO | gift_parser:start_gift_parsing_loop:158 - 👥 Found 1 users with autobuy enabled
2025-06-03 16:48:37 | DEBUG | gift_parser:start_gift_parsing_loop:174 - Cycle 1/1 for user 1487757625
2025-06-03 16:48:40 | DEBUG | gifts:aio_get_available_gifts:31 - Fetched 12 gifts from API
2025-06-03 16:48:40 | INFO | gift_parser:start_gift_parsing_loop:100 - 📊 Gifts fetched - Total: 12, Limited: 1, Unlimited: 11 (will be ignored)
2025-06-03 16:48:40 | INFO | gift_parser:start_gift_parsing_loop:130 - 📝 Updated gift 5782984811920491178: price=350⭐, remaining=91799/500000
2025-06-03 16:48:40 | INFO | gift_parser:start_gift_parsing_loop:150 - ✅ Database updated with LIMITED gifts only
2025-06-03 16:48:40 | INFO | gift_parser:start_gift_parsing_loop:158 - 👥 Found 1 users with autobuy enabled
2025-06-03 16:48:40 | DEBUG | gift_parser:start_gift_parsing_loop:174 - Cycle 1/1 for user 1487757625
2025-06-03 16:48:44 | DEBUG | gifts:aio_get_available_gifts:31 - Fetched 12 gifts from API
2025-06-03 16:48:44 | INFO | gift_parser:start_gift_parsing_loop:100 - 📊 Gifts fetched - Total: 12, Limited: 1, Unlimited: 11 (will be ignored)
2025-06-03 16:48:44 | INFO | gift_parser:start_gift_parsing_loop:150 - ✅ Database updated with LIMITED gifts only
2025-06-03 16:48:44 | INFO | gift_parser:start_gift_parsing_loop:158 - 👥 Found 1 users with autobuy enabled
2025-06-03 16:48:44 | DEBUG | gift_parser:start_gift_parsing_loop:174 - Cycle 1/1 for user 1487757625
2025-06-03 16:48:47 | DEBUG | gifts:aio_get_available_gifts:31 - Fetched 12 gifts from API
2025-06-03 16:48:47 | INFO | gift_parser:start_gift_parsing_loop:100 - 📊 Gifts fetched - Total: 12, Limited: 1, Unlimited: 11 (will be ignored)
2025-06-03 16:48:47 | INFO | gift_parser:start_gift_parsing_loop:150 - ✅ Database updated with LIMITED gifts only
2025-06-03 16:48:47 | INFO | gift_parser:start_gift_parsing_loop:158 - 👥 Found 1 users with autobuy enabled
2025-06-03 16:48:47 | DEBUG | gift_parser:start_gift_parsing_loop:174 - Cycle 1/1 for user 1487757625
2025-06-03 16:48:50 | DEBUG | gifts:aio_get_available_gifts:31 - Fetched 12 gifts from API
2025-06-03 16:48:50 | INFO | gift_parser:start_gift_parsing_loop:100 - 📊 Gifts fetched - Total: 12, Limited: 1, Unlimited: 11 (will be ignored)
2025-06-03 16:48:50 | INFO | gift_parser:start_gift_parsing_loop:150 - ✅ Database updated with LIMITED gifts only
2025-06-03 16:48:50 | INFO | gift_parser:start_gift_parsing_loop:158 - 👥 Found 1 users with autobuy enabled
2025-06-03 16:48:50 | DEBUG | gift_parser:start_gift_parsing_loop:174 - Cycle 1/1 for user 1487757625
2025-06-03 16:48:53 | DEBUG | gifts:aio_get_available_gifts:31 - Fetched 12 gifts from API
2025-06-03 16:48:53 | INFO | gift_parser:start_gift_parsing_loop:100 - 📊 Gifts fetched - Total: 12, Limited: 1, Unlimited: 11 (will be ignored)
2025-06-03 16:48:53 | INFO | gift_parser:start_gift_parsing_loop:130 - 📝 Updated gift 5782984811920491178: price=350⭐, remaining=91798/500000
2025-06-03 16:48:53 | INFO | gift_parser:start_gift_parsing_loop:150 - ✅ Database updated with LIMITED gifts only
2025-06-03 16:48:53 | INFO | gift_parser:start_gift_parsing_loop:158 - 👥 Found 1 users with autobuy enabled
2025-06-03 16:48:53 | DEBUG | gift_parser:start_gift_parsing_loop:174 - Cycle 1/1 for user 1487757625
2025-06-03 16:48:57 | DEBUG | gifts:aio_get_available_gifts:31 - Fetched 12 gifts from API
2025-06-03 16:48:57 | INFO | gift_parser:start_gift_parsing_loop:100 - 📊 Gifts fetched - Total: 12, Limited: 1, Unlimited: 11 (will be ignored)
2025-06-03 16:48:57 | INFO | gift_parser:start_gift_parsing_loop:150 - ✅ Database updated with LIMITED gifts only
2025-06-03 16:48:57 | INFO | gift_parser:start_gift_parsing_loop:158 - 👥 Found 1 users with autobuy enabled
2025-06-03 16:48:57 | DEBUG | gift_parser:start_gift_parsing_loop:174 - Cycle 1/1 for user 1487757625
2025-06-03 16:49:00 | DEBUG | gifts:aio_get_available_gifts:31 - Fetched 12 gifts from API
2025-06-03 16:49:00 | INFO | gift_parser:start_gift_parsing_loop:100 - 📊 Gifts fetched - Total: 12, Limited: 1, Unlimited: 11 (will be ignored)
2025-06-03 16:49:00 | INFO | gift_parser:start_gift_parsing_loop:150 - ✅ Database updated with LIMITED gifts only
2025-06-03 16:49:00 | INFO | gift_parser:start_gift_parsing_loop:158 - 👥 Found 1 users with autobuy enabled
2025-06-03 16:49:00 | DEBUG | gift_parser:start_gift_parsing_loop:174 - Cycle 1/1 for user 1487757625
2025-06-03 16:49:03 | DEBUG | gifts:aio_get_available_gifts:31 - Fetched 12 gifts from API
2025-06-03 16:49:03 | INFO | gift_parser:start_gift_parsing_loop:100 - 📊 Gifts fetched - Total: 12, Limited: 1, Unlimited: 11 (will be ignored)
2025-06-03 16:49:03 | INFO | gift_parser:start_gift_parsing_loop:130 - 📝 Updated gift 5782984811920491178: price=350⭐, remaining=91799/500000
2025-06-03 16:49:03 | INFO | gift_parser:start_gift_parsing_loop:150 - ✅ Database updated with LIMITED gifts only
2025-06-03 16:49:03 | INFO | gift_parser:start_gift_parsing_loop:158 - 👥 Found 1 users with autobuy enabled
2025-06-03 16:49:03 | DEBUG | gift_parser:start_gift_parsing_loop:174 - Cycle 1/1 for user 1487757625
2025-06-03 16:49:06 | DEBUG | gifts:aio_get_available_gifts:31 - Fetched 12 gifts from API
2025-06-03 16:49:06 | INFO | gift_parser:start_gift_parsing_loop:100 - 📊 Gifts fetched - Total: 12, Limited: 1, Unlimited: 11 (will be ignored)
2025-06-03 16:49:06 | INFO | gift_parser:start_gift_parsing_loop:130 - 📝 Updated gift 5782984811920491178: price=350⭐, remaining=91798/500000
2025-06-03 16:49:06 | INFO | gift_parser:start_gift_parsing_loop:150 - ✅ Database updated with LIMITED gifts only
2025-06-03 16:49:06 | INFO | gift_parser:start_gift_parsing_loop:158 - 👥 Found 1 users with autobuy enabled
2025-06-03 16:49:06 | DEBUG | gift_parser:start_gift_parsing_loop:174 - Cycle 1/1 for user 1487757625
2025-06-03 16:49:10 | DEBUG | gifts:aio_get_available_gifts:31 - Fetched 12 gifts from API
2025-06-03 16:49:10 | INFO | gift_parser:start_gift_parsing_loop:100 - 📊 Gifts fetched - Total: 12, Limited: 1, Unlimited: 11 (will be ignored)
2025-06-03 16:49:10 | INFO | gift_parser:start_gift_parsing_loop:150 - ✅ Database updated with LIMITED gifts only
2025-06-03 16:49:10 | INFO | gift_parser:start_gift_parsing_loop:158 - 👥 Found 1 users with autobuy enabled
2025-06-03 16:49:10 | DEBUG | gift_parser:start_gift_parsing_loop:174 - Cycle 1/1 for user 1487757625
2025-06-03 16:49:13 | DEBUG | gifts:aio_get_available_gifts:31 - Fetched 12 gifts from API
2025-06-03 16:49:13 | INFO | gift_parser:start_gift_parsing_loop:100 - 📊 Gifts fetched - Total: 12, Limited: 1, Unlimited: 11 (will be ignored)
2025-06-03 16:49:13 | INFO | gift_parser:start_gift_parsing_loop:150 - ✅ Database updated with LIMITED gifts only
2025-06-03 16:49:13 | INFO | gift_parser:start_gift_parsing_loop:158 - 👥 Found 1 users with autobuy enabled
2025-06-03 16:49:13 | DEBUG | gift_parser:start_gift_parsing_loop:174 - Cycle 1/1 for user 1487757625
2025-06-03 16:49:16 | DEBUG | gifts:aio_get_available_gifts:31 - Fetched 12 gifts from API
2025-06-03 16:49:16 | INFO | gift_parser:start_gift_parsing_loop:100 - 📊 Gifts fetched - Total: 12, Limited: 1, Unlimited: 11 (will be ignored)
2025-06-03 16:49:16 | INFO | gift_parser:start_gift_parsing_loop:150 - ✅ Database updated with LIMITED gifts only
2025-06-03 16:49:16 | INFO | gift_parser:start_gift_parsing_loop:158 - 👥 Found 1 users with autobuy enabled
2025-06-03 16:49:16 | DEBUG | gift_parser:start_gift_parsing_loop:174 - Cycle 1/1 for user 1487757625
2025-06-03 16:49:19 | DEBUG | gifts:aio_get_available_gifts:31 - Fetched 12 gifts from API
2025-06-03 16:49:19 | INFO | gift_parser:start_gift_parsing_loop:100 - 📊 Gifts fetched - Total: 12, Limited: 1, Unlimited: 11 (will be ignored)
2025-06-03 16:49:19 | INFO | gift_parser:start_gift_parsing_loop:150 - ✅ Database updated with LIMITED gifts only
2025-06-03 16:49:19 | INFO | gift_parser:start_gift_parsing_loop:158 - 👥 Found 1 users with autobuy enabled
2025-06-03 16:49:19 | DEBUG | gift_parser:start_gift_parsing_loop:174 - Cycle 1/1 for user 1487757625
2025-06-03 16:49:22 | DEBUG | gifts:aio_get_available_gifts:31 - Fetched 12 gifts from API
2025-06-03 16:49:22 | INFO | gift_parser:start_gift_parsing_loop:100 - 📊 Gifts fetched - Total: 12, Limited: 1, Unlimited: 11 (will be ignored)
2025-06-03 16:49:22 | INFO | gift_parser:start_gift_parsing_loop:150 - ✅ Database updated with LIMITED gifts only
2025-06-03 16:49:22 | INFO | gift_parser:start_gift_parsing_loop:158 - 👥 Found 1 users with autobuy enabled
2025-06-03 16:49:22 | DEBUG | gift_parser:start_gift_parsing_loop:174 - Cycle 1/1 for user 1487757625
2025-06-03 16:49:26 | DEBUG | gifts:aio_get_available_gifts:31 - Fetched 12 gifts from API
2025-06-03 16:49:26 | INFO | gift_parser:start_gift_parsing_loop:100 - 📊 Gifts fetched - Total: 12, Limited: 1, Unlimited: 11 (will be ignored)
2025-06-03 16:49:26 | INFO | gift_parser:start_gift_parsing_loop:150 - ✅ Database updated with LIMITED gifts only
2025-06-03 16:49:26 | INFO | gift_parser:start_gift_parsing_loop:158 - 👥 Found 1 users with autobuy enabled
2025-06-03 16:49:26 | DEBUG | gift_parser:start_gift_parsing_loop:174 - Cycle 1/1 for user 1487757625
2025-06-03 16:49:29 | DEBUG | gifts:aio_get_available_gifts:31 - Fetched 12 gifts from API
2025-06-03 16:49:29 | INFO | gift_parser:start_gift_parsing_loop:100 - 📊 Gifts fetched - Total: 12, Limited: 1, Unlimited: 11 (will be ignored)
2025-06-03 16:49:29 | INFO | gift_parser:start_gift_parsing_loop:130 - 📝 Updated gift 5782984811920491178: price=350⭐, remaining=91795/500000
2025-06-03 16:49:29 | INFO | gift_parser:start_gift_parsing_loop:150 - ✅ Database updated with LIMITED gifts only
2025-06-03 16:49:29 | INFO | gift_parser:start_gift_parsing_loop:158 - 👥 Found 1 users with autobuy enabled
2025-06-03 16:49:29 | DEBUG | gift_parser:start_gift_parsing_loop:174 - Cycle 1/1 for user 1487757625
2025-06-03 16:49:32 | DEBUG | gifts:aio_get_available_gifts:31 - Fetched 12 gifts from API
2025-06-03 16:49:32 | INFO | gift_parser:start_gift_parsing_loop:100 - 📊 Gifts fetched - Total: 12, Limited: 1, Unlimited: 11 (will be ignored)
2025-06-03 16:49:32 | INFO | gift_parser:start_gift_parsing_loop:150 - ✅ Database updated with LIMITED gifts only
2025-06-03 16:49:32 | INFO | gift_parser:start_gift_parsing_loop:158 - 👥 Found 1 users with autobuy enabled
2025-06-03 16:49:32 | DEBUG | gift_parser:start_gift_parsing_loop:174 - Cycle 1/1 for user 1487757625
2025-06-03 16:49:35 | DEBUG | gifts:aio_get_available_gifts:31 - Fetched 12 gifts from API
2025-06-03 16:49:35 | INFO | gift_parser:start_gift_parsing_loop:100 - 📊 Gifts fetched - Total: 12, Limited: 1, Unlimited: 11 (will be ignored)
2025-06-03 16:49:35 | INFO | gift_parser:start_gift_parsing_loop:150 - ✅ Database updated with LIMITED gifts only
2025-06-03 16:49:35 | INFO | gift_parser:start_gift_parsing_loop:158 - 👥 Found 1 users with autobuy enabled
2025-06-03 16:49:35 | DEBUG | gift_parser:start_gift_parsing_loop:174 - Cycle 1/1 for user 1487757625
2025-06-03 16:49:39 | DEBUG | gifts:aio_get_available_gifts:31 - Fetched 12 gifts from API
2025-06-03 16:49:39 | INFO | gift_parser:start_gift_parsing_loop:100 - 📊 Gifts fetched - Total: 12, Limited: 1, Unlimited: 11 (will be ignored)
2025-06-03 16:49:39 | INFO | gift_parser:start_gift_parsing_loop:150 - ✅ Database updated with LIMITED gifts only
2025-06-03 16:49:39 | INFO | gift_parser:start_gift_parsing_loop:158 - 👥 Found 1 users with autobuy enabled
2025-06-03 16:49:39 | DEBUG | gift_parser:start_gift_parsing_loop:174 - Cycle 1/1 for user 1487757625
2025-06-03 16:49:42 | DEBUG | gifts:aio_get_available_gifts:31 - Fetched 12 gifts from API
2025-06-03 16:49:42 | INFO | gift_parser:start_gift_parsing_loop:100 - 📊 Gifts fetched - Total: 12, Limited: 1, Unlimited: 11 (will be ignored)
2025-06-03 16:49:42 | INFO | gift_parser:start_gift_parsing_loop:150 - ✅ Database updated with LIMITED gifts only
2025-06-03 16:49:42 | INFO | gift_parser:start_gift_parsing_loop:158 - 👥 Found 1 users with autobuy enabled
2025-06-03 16:49:42 | DEBUG | gift_parser:start_gift_parsing_loop:174 - Cycle 1/1 for user 1487757625
2025-06-03 16:49:45 | DEBUG | gifts:aio_get_available_gifts:31 - Fetched 12 gifts from API
2025-06-03 16:49:45 | INFO | gift_parser:start_gift_parsing_loop:100 - 📊 Gifts fetched - Total: 12, Limited: 1, Unlimited: 11 (will be ignored)
2025-06-03 16:49:45 | INFO | gift_parser:start_gift_parsing_loop:150 - ✅ Database updated with LIMITED gifts only
2025-06-03 16:49:45 | INFO | gift_parser:start_gift_parsing_loop:158 - 👥 Found 1 users with autobuy enabled
2025-06-03 16:49:45 | DEBUG | gift_parser:start_gift_parsing_loop:174 - Cycle 1/1 for user 1487757625
2025-06-03 16:49:48 | DEBUG | gifts:aio_get_available_gifts:31 - Fetched 12 gifts from API
2025-06-03 16:49:48 | INFO | gift_parser:start_gift_parsing_loop:100 - 📊 Gifts fetched - Total: 12, Limited: 1, Unlimited: 11 (will be ignored)
2025-06-03 16:49:48 | INFO | gift_parser:start_gift_parsing_loop:150 - ✅ Database updated with LIMITED gifts only
2025-06-03 16:49:48 | INFO | gift_parser:start_gift_parsing_loop:158 - 👥 Found 1 users with autobuy enabled
2025-06-03 16:49:48 | DEBUG | gift_parser:start_gift_parsing_loop:174 - Cycle 1/1 for user 1487757625
2025-06-03 16:49:51 | DEBUG | gifts:aio_get_available_gifts:31 - Fetched 12 gifts from API
2025-06-03 16:49:51 | INFO | gift_parser:start_gift_parsing_loop:100 - 📊 Gifts fetched - Total: 12, Limited: 1, Unlimited: 11 (will be ignored)
2025-06-03 16:49:51 | INFO | gift_parser:start_gift_parsing_loop:150 - ✅ Database updated with LIMITED gifts only
2025-06-03 16:49:51 | INFO | gift_parser:start_gift_parsing_loop:158 - 👥 Found 1 users with autobuy enabled
2025-06-03 16:49:51 | DEBUG | gift_parser:start_gift_parsing_loop:174 - Cycle 1/1 for user 1487757625
2025-06-03 16:49:55 | DEBUG | gifts:aio_get_available_gifts:31 - Fetched 12 gifts from API
2025-06-03 16:49:55 | INFO | gift_parser:start_gift_parsing_loop:100 - 📊 Gifts fetched - Total: 12, Limited: 1, Unlimited: 11 (will be ignored)
2025-06-03 16:49:55 | INFO | gift_parser:start_gift_parsing_loop:150 - ✅ Database updated with LIMITED gifts only
2025-06-03 16:49:55 | INFO | gift_parser:start_gift_parsing_loop:158 - 👥 Found 1 users with autobuy enabled
2025-06-03 16:49:55 | DEBUG | gift_parser:start_gift_parsing_loop:174 - Cycle 1/1 for user 1487757625
2025-06-03 16:49:58 | DEBUG | gifts:aio_get_available_gifts:31 - Fetched 12 gifts from API
2025-06-03 16:49:58 | INFO | gift_parser:start_gift_parsing_loop:100 - 📊 Gifts fetched - Total: 12, Limited: 1, Unlimited: 11 (will be ignored)
2025-06-03 16:49:58 | INFO | gift_parser:start_gift_parsing_loop:150 - ✅ Database updated with LIMITED gifts only
2025-06-03 16:49:58 | INFO | gift_parser:start_gift_parsing_loop:158 - 👥 Found 1 users with autobuy enabled
2025-06-03 16:49:58 | DEBUG | gift_parser:start_gift_parsing_loop:174 - Cycle 1/1 for user 1487757625
2025-06-03 16:50:01 | DEBUG | gifts:aio_get_available_gifts:31 - Fetched 12 gifts from API
2025-06-03 16:50:01 | INFO | gift_parser:start_gift_parsing_loop:100 - 📊 Gifts fetched - Total: 12, Limited: 1, Unlimited: 11 (will be ignored)
2025-06-03 16:50:01 | INFO | gift_parser:start_gift_parsing_loop:150 - ✅ Database updated with LIMITED gifts only
2025-06-03 16:50:01 | INFO | gift_parser:start_gift_parsing_loop:158 - 👥 Found 1 users with autobuy enabled
2025-06-03 16:50:01 | DEBUG | gift_parser:start_gift_parsing_loop:174 - Cycle 1/1 for user 1487757625
2025-06-03 16:50:04 | DEBUG | gifts:aio_get_available_gifts:31 - Fetched 12 gifts from API
2025-06-03 16:50:04 | INFO | gift_parser:start_gift_parsing_loop:100 - 📊 Gifts fetched - Total: 12, Limited: 1, Unlimited: 11 (will be ignored)
2025-06-03 16:50:04 | INFO | gift_parser:start_gift_parsing_loop:150 - ✅ Database updated with LIMITED gifts only
2025-06-03 16:50:04 | INFO | gift_parser:start_gift_parsing_loop:158 - 👥 Found 1 users with autobuy enabled
2025-06-03 16:50:04 | DEBUG | gift_parser:start_gift_parsing_loop:174 - Cycle 1/1 for user 1487757625
2025-06-03 16:50:07 | DEBUG | gifts:aio_get_available_gifts:31 - Fetched 12 gifts from API
2025-06-03 16:50:07 | INFO | gift_parser:start_gift_parsing_loop:100 - 📊 Gifts fetched - Total: 12, Limited: 1, Unlimited: 11 (will be ignored)
2025-06-03 16:50:07 | INFO | gift_parser:start_gift_parsing_loop:150 - ✅ Database updated with LIMITED gifts only
2025-06-03 16:50:07 | INFO | gift_parser:start_gift_parsing_loop:158 - 👥 Found 1 users with autobuy enabled
2025-06-03 16:50:07 | DEBUG | gift_parser:start_gift_parsing_loop:174 - Cycle 1/1 for user 1487757625
2025-06-03 16:50:11 | DEBUG | gifts:aio_get_available_gifts:31 - Fetched 12 gifts from API
2025-06-03 16:50:11 | INFO | gift_parser:start_gift_parsing_loop:100 - 📊 Gifts fetched - Total: 12, Limited: 1, Unlimited: 11 (will be ignored)
2025-06-03 16:50:11 | INFO | gift_parser:start_gift_parsing_loop:150 - ✅ Database updated with LIMITED gifts only
2025-06-03 16:50:11 | INFO | gift_parser:start_gift_parsing_loop:158 - 👥 Found 1 users with autobuy enabled
2025-06-03 16:50:11 | DEBUG | gift_parser:start_gift_parsing_loop:174 - Cycle 1/1 for user 1487757625
2025-06-03 16:50:14 | DEBUG | gifts:aio_get_available_gifts:31 - Fetched 12 gifts from API
2025-06-03 16:50:14 | INFO | gift_parser:start_gift_parsing_loop:100 - 📊 Gifts fetched - Total: 12, Limited: 1, Unlimited: 11 (will be ignored)
2025-06-03 16:50:14 | INFO | gift_parser:start_gift_parsing_loop:150 - ✅ Database updated with LIMITED gifts only
2025-06-03 16:50:14 | INFO | gift_parser:start_gift_parsing_loop:158 - 👥 Found 1 users with autobuy enabled
2025-06-03 16:50:14 | DEBUG | gift_parser:start_gift_parsing_loop:174 - Cycle 1/1 for user 1487757625
2025-06-03 16:50:17 | DEBUG | gifts:aio_get_available_gifts:31 - Fetched 12 gifts from API
2025-06-03 16:50:17 | INFO | gift_parser:start_gift_parsing_loop:100 - 📊 Gifts fetched - Total: 12, Limited: 1, Unlimited: 11 (will be ignored)
2025-06-03 16:50:17 | INFO | gift_parser:start_gift_parsing_loop:150 - ✅ Database updated with LIMITED gifts only
2025-06-03 16:50:17 | INFO | gift_parser:start_gift_parsing_loop:158 - 👥 Found 1 users with autobuy enabled
2025-06-03 16:50:17 | DEBUG | gift_parser:start_gift_parsing_loop:174 - Cycle 1/1 for user 1487757625
2025-06-03 16:50:20 | DEBUG | gifts:aio_get_available_gifts:31 - Fetched 12 gifts from API
2025-06-03 16:50:20 | INFO | gift_parser:start_gift_parsing_loop:100 - 📊 Gifts fetched - Total: 12, Limited: 1, Unlimited: 11 (will be ignored)
2025-06-03 16:50:20 | INFO | gift_parser:start_gift_parsing_loop:150 - ✅ Database updated with LIMITED gifts only
2025-06-03 16:50:20 | INFO | gift_parser:start_gift_parsing_loop:158 - 👥 Found 1 users with autobuy enabled
2025-06-03 16:50:20 | DEBUG | gift_parser:start_gift_parsing_loop:174 - Cycle 1/1 for user 1487757625
2025-06-03 16:50:24 | DEBUG | gifts:aio_get_available_gifts:31 - Fetched 12 gifts from API
2025-06-03 16:50:24 | INFO | gift_parser:start_gift_parsing_loop:100 - 📊 Gifts fetched - Total: 12, Limited: 1, Unlimited: 11 (will be ignored)
2025-06-03 16:50:24 | INFO | gift_parser:start_gift_parsing_loop:150 - ✅ Database updated with LIMITED gifts only
2025-06-03 16:50:24 | INFO | gift_parser:start_gift_parsing_loop:158 - 👥 Found 1 users with autobuy enabled
2025-06-03 16:50:24 | DEBUG | gift_parser:start_gift_parsing_loop:174 - Cycle 1/1 for user 1487757625
2025-06-03 16:50:27 | DEBUG | gifts:aio_get_available_gifts:31 - Fetched 12 gifts from API
2025-06-03 16:50:27 | INFO | gift_parser:start_gift_parsing_loop:100 - 📊 Gifts fetched - Total: 12, Limited: 1, Unlimited: 11 (will be ignored)
2025-06-03 16:50:27 | INFO | gift_parser:start_gift_parsing_loop:130 - 📝 Updated gift 5782984811920491178: price=350⭐, remaining=91794/500000
2025-06-03 16:50:27 | INFO | gift_parser:start_gift_parsing_loop:150 - ✅ Database updated with LIMITED gifts only
2025-06-03 16:50:27 | INFO | gift_parser:start_gift_parsing_loop:158 - 👥 Found 1 users with autobuy enabled
2025-06-03 16:50:27 | DEBUG | gift_parser:start_gift_parsing_loop:174 - Cycle 1/1 for user 1487757625
2025-06-03 16:50:30 | DEBUG | gifts:aio_get_available_gifts:31 - Fetched 12 gifts from API
2025-06-03 16:50:30 | INFO | gift_parser:start_gift_parsing_loop:100 - 📊 Gifts fetched - Total: 12, Limited: 1, Unlimited: 11 (will be ignored)
2025-06-03 16:50:30 | INFO | gift_parser:start_gift_parsing_loop:150 - ✅ Database updated with LIMITED gifts only
2025-06-03 16:50:30 | INFO | gift_parser:start_gift_parsing_loop:158 - 👥 Found 1 users with autobuy enabled
2025-06-03 16:50:30 | DEBUG | gift_parser:start_gift_parsing_loop:174 - Cycle 1/1 for user 1487757625
2025-06-03 16:50:33 | DEBUG | gifts:aio_get_available_gifts:31 - Fetched 12 gifts from API
2025-06-03 16:50:33 | INFO | gift_parser:start_gift_parsing_loop:100 - 📊 Gifts fetched - Total: 12, Limited: 1, Unlimited: 11 (will be ignored)
2025-06-03 16:50:33 | INFO | gift_parser:start_gift_parsing_loop:150 - ✅ Database updated with LIMITED gifts only
2025-06-03 16:50:33 | INFO | gift_parser:start_gift_parsing_loop:158 - 👥 Found 1 users with autobuy enabled
2025-06-03 16:50:33 | DEBUG | gift_parser:start_gift_parsing_loop:174 - Cycle 1/1 for user 1487757625
2025-06-03 16:50:37 | DEBUG | gifts:aio_get_available_gifts:31 - Fetched 12 gifts from API
2025-06-03 16:50:37 | INFO | gift_parser:start_gift_parsing_loop:100 - 📊 Gifts fetched - Total: 12, Limited: 1, Unlimited: 11 (will be ignored)
2025-06-03 16:50:37 | INFO | gift_parser:start_gift_parsing_loop:130 - 📝 Updated gift 5782984811920491178: price=350⭐, remaining=91795/500000
2025-06-03 16:50:37 | INFO | gift_parser:start_gift_parsing_loop:150 - ✅ Database updated with LIMITED gifts only
2025-06-03 16:50:37 | INFO | gift_parser:start_gift_parsing_loop:158 - 👥 Found 1 users with autobuy enabled
2025-06-03 16:50:37 | DEBUG | gift_parser:start_gift_parsing_loop:174 - Cycle 1/1 for user 1487757625
2025-06-03 16:50:40 | DEBUG | gifts:aio_get_available_gifts:31 - Fetched 12 gifts from API
2025-06-03 16:50:40 | INFO | gift_parser:start_gift_parsing_loop:100 - 📊 Gifts fetched - Total: 12, Limited: 1, Unlimited: 11 (will be ignored)
2025-06-03 16:50:40 | INFO | gift_parser:start_gift_parsing_loop:130 - 📝 Updated gift 5782984811920491178: price=350⭐, remaining=91794/500000
2025-06-03 16:50:40 | INFO | gift_parser:start_gift_parsing_loop:150 - ✅ Database updated with LIMITED gifts only
2025-06-03 16:50:40 | INFO | gift_parser:start_gift_parsing_loop:158 - 👥 Found 1 users with autobuy enabled
2025-06-03 16:50:40 | DEBUG | gift_parser:start_gift_parsing_loop:174 - Cycle 1/1 for user 1487757625
2025-06-03 16:50:43 | DEBUG | gifts:aio_get_available_gifts:31 - Fetched 12 gifts from API
2025-06-03 16:50:43 | INFO | gift_parser:start_gift_parsing_loop:100 - 📊 Gifts fetched - Total: 12, Limited: 1, Unlimited: 11 (will be ignored)
2025-06-03 16:50:43 | INFO | gift_parser:start_gift_parsing_loop:150 - ✅ Database updated with LIMITED gifts only
2025-06-03 16:50:43 | INFO | gift_parser:start_gift_parsing_loop:158 - 👥 Found 1 users with autobuy enabled
2025-06-03 16:50:43 | DEBUG | gift_parser:start_gift_parsing_loop:174 - Cycle 1/1 for user 1487757625
2025-06-03 16:50:46 | DEBUG | gifts:aio_get_available_gifts:31 - Fetched 12 gifts from API
2025-06-03 16:50:46 | INFO | gift_parser:start_gift_parsing_loop:100 - 📊 Gifts fetched - Total: 12, Limited: 1, Unlimited: 11 (will be ignored)
2025-06-03 16:50:46 | INFO | gift_parser:start_gift_parsing_loop:150 - ✅ Database updated with LIMITED gifts only
2025-06-03 16:50:46 | INFO | gift_parser:start_gift_parsing_loop:158 - 👥 Found 1 users with autobuy enabled
2025-06-03 16:50:46 | DEBUG | gift_parser:start_gift_parsing_loop:174 - Cycle 1/1 for user 1487757625
2025-06-03 16:50:50 | DEBUG | gifts:aio_get_available_gifts:31 - Fetched 12 gifts from API
2025-06-03 16:50:50 | INFO | gift_parser:start_gift_parsing_loop:100 - 📊 Gifts fetched - Total: 12, Limited: 1, Unlimited: 11 (will be ignored)
2025-06-03 16:50:50 | INFO | gift_parser:start_gift_parsing_loop:150 - ✅ Database updated with LIMITED gifts only
2025-06-03 16:50:50 | INFO | gift_parser:start_gift_parsing_loop:158 - 👥 Found 1 users with autobuy enabled
2025-06-03 16:50:50 | DEBUG | gift_parser:start_gift_parsing_loop:174 - Cycle 1/1 for user 1487757625
2025-06-03 16:50:53 | DEBUG | gifts:aio_get_available_gifts:31 - Fetched 12 gifts from API
2025-06-03 16:50:53 | INFO | gift_parser:start_gift_parsing_loop:100 - 📊 Gifts fetched - Total: 12, Limited: 1, Unlimited: 11 (will be ignored)
2025-06-03 16:50:53 | INFO | gift_parser:start_gift_parsing_loop:150 - ✅ Database updated with LIMITED gifts only
2025-06-03 16:50:53 | INFO | gift_parser:start_gift_parsing_loop:158 - 👥 Found 1 users with autobuy enabled
2025-06-03 16:50:53 | DEBUG | gift_parser:start_gift_parsing_loop:174 - Cycle 1/1 for user 1487757625
2025-06-03 16:50:56 | DEBUG | gifts:aio_get_available_gifts:31 - Fetched 12 gifts from API
2025-06-03 16:50:56 | INFO | gift_parser:start_gift_parsing_loop:100 - 📊 Gifts fetched - Total: 12, Limited: 1, Unlimited: 11 (will be ignored)
2025-06-03 16:50:56 | INFO | gift_parser:start_gift_parsing_loop:150 - ✅ Database updated with LIMITED gifts only
2025-06-03 16:50:56 | INFO | gift_parser:start_gift_parsing_loop:158 - 👥 Found 1 users with autobuy enabled
2025-06-03 16:50:56 | DEBUG | gift_parser:start_gift_parsing_loop:174 - Cycle 1/1 for user 1487757625
2025-06-03 16:50:59 | DEBUG | gifts:aio_get_available_gifts:31 - Fetched 12 gifts from API
2025-06-03 16:50:59 | INFO | gift_parser:start_gift_parsing_loop:100 - 📊 Gifts fetched - Total: 12, Limited: 1, Unlimited: 11 (will be ignored)
2025-06-03 16:50:59 | INFO | gift_parser:start_gift_parsing_loop:150 - ✅ Database updated with LIMITED gifts only
2025-06-03 16:50:59 | INFO | gift_parser:start_gift_parsing_loop:158 - 👥 Found 1 users with autobuy enabled
2025-06-03 16:50:59 | DEBUG | gift_parser:start_gift_parsing_loop:174 - Cycle 1/1 for user 1487757625
2025-06-03 16:51:03 | DEBUG | gifts:aio_get_available_gifts:31 - Fetched 12 gifts from API
2025-06-03 16:51:03 | INFO | gift_parser:start_gift_parsing_loop:100 - 📊 Gifts fetched - Total: 12, Limited: 1, Unlimited: 11 (will be ignored)
2025-06-03 16:51:03 | INFO | gift_parser:start_gift_parsing_loop:130 - 📝 Updated gift 5782984811920491178: price=350⭐, remaining=91793/500000
2025-06-03 16:51:03 | INFO | gift_parser:start_gift_parsing_loop:150 - ✅ Database updated with LIMITED gifts only
2025-06-03 16:51:03 | INFO | gift_parser:start_gift_parsing_loop:158 - 👥 Found 1 users with autobuy enabled
2025-06-03 16:51:03 | DEBUG | gift_parser:start_gift_parsing_loop:174 - Cycle 1/1 for user 1487757625
2025-06-03 16:51:06 | DEBUG | gifts:aio_get_available_gifts:31 - Fetched 12 gifts from API
2025-06-03 16:51:06 | INFO | gift_parser:start_gift_parsing_loop:100 - 📊 Gifts fetched - Total: 12, Limited: 1, Unlimited: 11 (will be ignored)
2025-06-03 16:51:06 | INFO | gift_parser:start_gift_parsing_loop:130 - 📝 Updated gift 5782984811920491178: price=350⭐, remaining=91792/500000
2025-06-03 16:51:06 | INFO | gift_parser:start_gift_parsing_loop:150 - ✅ Database updated with LIMITED gifts only
2025-06-03 16:51:06 | INFO | gift_parser:start_gift_parsing_loop:158 - 👥 Found 1 users with autobuy enabled
2025-06-03 16:51:06 | DEBUG | gift_parser:start_gift_parsing_loop:174 - Cycle 1/1 for user 1487757625
2025-06-03 16:51:09 | DEBUG | gifts:aio_get_available_gifts:31 - Fetched 12 gifts from API
2025-06-03 16:51:09 | INFO | gift_parser:start_gift_parsing_loop:100 - 📊 Gifts fetched - Total: 12, Limited: 1, Unlimited: 11 (will be ignored)
2025-06-03 16:51:09 | INFO | gift_parser:start_gift_parsing_loop:130 - 📝 Updated gift 5782984811920491178: price=350⭐, remaining=91788/500000
2025-06-03 16:51:09 | INFO | gift_parser:start_gift_parsing_loop:150 - ✅ Database updated with LIMITED gifts only
2025-06-03 16:51:09 | INFO | gift_parser:start_gift_parsing_loop:158 - 👥 Found 1 users with autobuy enabled
2025-06-03 16:51:09 | DEBUG | gift_parser:start_gift_parsing_loop:174 - Cycle 1/1 for user 1487757625
2025-06-03 16:51:12 | DEBUG | gifts:aio_get_available_gifts:31 - Fetched 12 gifts from API
2025-06-03 16:51:12 | INFO | gift_parser:start_gift_parsing_loop:100 - 📊 Gifts fetched - Total: 12, Limited: 1, Unlimited: 11 (will be ignored)
2025-06-03 16:51:12 | INFO | gift_parser:start_gift_parsing_loop:150 - ✅ Database updated with LIMITED gifts only
2025-06-03 16:51:12 | INFO | gift_parser:start_gift_parsing_loop:158 - 👥 Found 1 users with autobuy enabled
2025-06-03 16:51:12 | DEBUG | gift_parser:start_gift_parsing_loop:174 - Cycle 1/1 for user 1487757625
2025-06-03 16:51:16 | DEBUG | gifts:aio_get_available_gifts:31 - Fetched 12 gifts from API
2025-06-03 16:51:16 | INFO | gift_parser:start_gift_parsing_loop:100 - 📊 Gifts fetched - Total: 12, Limited: 1, Unlimited: 11 (will be ignored)
2025-06-03 16:51:16 | INFO | gift_parser:start_gift_parsing_loop:130 - 📝 Updated gift 5782984811920491178: price=350⭐, remaining=91792/500000
2025-06-03 16:51:16 | INFO | gift_parser:start_gift_parsing_loop:150 - ✅ Database updated with LIMITED gifts only
2025-06-03 16:51:16 | INFO | gift_parser:start_gift_parsing_loop:158 - 👥 Found 1 users with autobuy enabled
2025-06-03 16:51:16 | DEBUG | gift_parser:start_gift_parsing_loop:174 - Cycle 1/1 for user 1487757625
2025-06-03 16:51:19 | DEBUG | gifts:aio_get_available_gifts:31 - Fetched 12 gifts from API
2025-06-03 16:51:19 | INFO | gift_parser:start_gift_parsing_loop:100 - 📊 Gifts fetched - Total: 12, Limited: 1, Unlimited: 11 (will be ignored)
2025-06-03 16:51:19 | INFO | gift_parser:start_gift_parsing_loop:130 - 📝 Updated gift 5782984811920491178: price=350⭐, remaining=91788/500000
2025-06-03 16:51:19 | INFO | gift_parser:start_gift_parsing_loop:150 - ✅ Database updated with LIMITED gifts only
2025-06-03 16:51:19 | INFO | gift_parser:start_gift_parsing_loop:158 - 👥 Found 1 users with autobuy enabled
2025-06-03 16:51:19 | DEBUG | gift_parser:start_gift_parsing_loop:174 - Cycle 1/1 for user 1487757625
2025-06-03 16:51:22 | DEBUG | gifts:aio_get_available_gifts:31 - Fetched 12 gifts from API
2025-06-03 16:51:22 | INFO | gift_parser:start_gift_parsing_loop:100 - 📊 Gifts fetched - Total: 12, Limited: 1, Unlimited: 11 (will be ignored)
2025-06-03 16:51:22 | INFO | gift_parser:start_gift_parsing_loop:130 - 📝 Updated gift 5782984811920491178: price=350⭐, remaining=91786/500000
2025-06-03 16:51:22 | INFO | gift_parser:start_gift_parsing_loop:150 - ✅ Database updated with LIMITED gifts only
2025-06-03 16:51:22 | INFO | gift_parser:start_gift_parsing_loop:158 - 👥 Found 1 users with autobuy enabled
2025-06-03 16:51:22 | DEBUG | gift_parser:start_gift_parsing_loop:174 - Cycle 1/1 for user 1487757625
2025-06-03 16:51:25 | DEBUG | gifts:aio_get_available_gifts:31 - Fetched 12 gifts from API
2025-06-03 16:51:25 | INFO | gift_parser:start_gift_parsing_loop:100 - 📊 Gifts fetched - Total: 12, Limited: 1, Unlimited: 11 (will be ignored)
2025-06-03 16:51:25 | INFO | gift_parser:start_gift_parsing_loop:130 - 📝 Updated gift 5782984811920491178: price=350⭐, remaining=91792/500000
2025-06-03 16:51:25 | INFO | gift_parser:start_gift_parsing_loop:150 - ✅ Database updated with LIMITED gifts only
2025-06-03 16:51:26 | INFO | gift_parser:start_gift_parsing_loop:158 - 👥 Found 1 users with autobuy enabled
2025-06-03 16:51:26 | DEBUG | gift_parser:start_gift_parsing_loop:174 - Cycle 1/1 for user 1487757625
2025-06-03 16:51:29 | DEBUG | gifts:aio_get_available_gifts:31 - Fetched 12 gifts from API
2025-06-03 16:51:29 | INFO | gift_parser:start_gift_parsing_loop:100 - 📊 Gifts fetched - Total: 12, Limited: 1, Unlimited: 11 (will be ignored)
2025-06-03 16:51:29 | INFO | gift_parser:start_gift_parsing_loop:130 - 📝 Updated gift 5782984811920491178: price=350⭐, remaining=91788/500000
2025-06-03 16:51:29 | INFO | gift_parser:start_gift_parsing_loop:150 - ✅ Database updated with LIMITED gifts only
2025-06-03 16:51:29 | INFO | gift_parser:start_gift_parsing_loop:158 - 👥 Found 1 users with autobuy enabled
2025-06-03 16:51:29 | DEBUG | gift_parser:start_gift_parsing_loop:174 - Cycle 1/1 for user 1487757625
2025-06-03 16:51:32 | DEBUG | gifts:aio_get_available_gifts:31 - Fetched 12 gifts from API
2025-06-03 16:51:32 | INFO | gift_parser:start_gift_parsing_loop:100 - 📊 Gifts fetched - Total: 12, Limited: 1, Unlimited: 11 (will be ignored)
2025-06-03 16:51:32 | INFO | gift_parser:start_gift_parsing_loop:150 - ✅ Database updated with LIMITED gifts only
2025-06-03 16:51:32 | INFO | gift_parser:start_gift_parsing_loop:158 - 👥 Found 1 users with autobuy enabled
2025-06-03 16:51:32 | DEBUG | gift_parser:start_gift_parsing_loop:174 - Cycle 1/1 for user 1487757625
2025-06-03 16:51:35 | DEBUG | gifts:aio_get_available_gifts:31 - Fetched 12 gifts from API
2025-06-03 16:51:35 | INFO | gift_parser:start_gift_parsing_loop:100 - 📊 Gifts fetched - Total: 12, Limited: 1, Unlimited: 11 (will be ignored)
2025-06-03 16:51:35 | INFO | gift_parser:start_gift_parsing_loop:130 - 📝 Updated gift 5782984811920491178: price=350⭐, remaining=91792/500000
2025-06-03 16:51:35 | INFO | gift_parser:start_gift_parsing_loop:150 - ✅ Database updated with LIMITED gifts only
2025-06-03 16:51:35 | INFO | gift_parser:start_gift_parsing_loop:158 - 👥 Found 1 users with autobuy enabled
2025-06-03 16:51:35 | DEBUG | gift_parser:start_gift_parsing_loop:174 - Cycle 1/1 for user 1487757625
2025-06-03 16:51:38 | DEBUG | gifts:aio_get_available_gifts:31 - Fetched 12 gifts from API
2025-06-03 16:51:38 | INFO | gift_parser:start_gift_parsing_loop:100 - 📊 Gifts fetched - Total: 12, Limited: 1, Unlimited: 11 (will be ignored)
2025-06-03 16:51:38 | INFO | gift_parser:start_gift_parsing_loop:130 - 📝 Updated gift 5782984811920491178: price=350⭐, remaining=91788/500000
2025-06-03 16:51:38 | INFO | gift_parser:start_gift_parsing_loop:150 - ✅ Database updated with LIMITED gifts only
2025-06-03 16:51:38 | INFO | gift_parser:start_gift_parsing_loop:158 - 👥 Found 1 users with autobuy enabled
2025-06-03 16:51:38 | DEBUG | gift_parser:start_gift_parsing_loop:174 - Cycle 1/1 for user 1487757625
2025-06-03 16:51:42 | DEBUG | gifts:aio_get_available_gifts:31 - Fetched 12 gifts from API
2025-06-03 16:51:42 | INFO | gift_parser:start_gift_parsing_loop:100 - 📊 Gifts fetched - Total: 12, Limited: 1, Unlimited: 11 (will be ignored)
2025-06-03 16:51:42 | INFO | gift_parser:start_gift_parsing_loop:130 - 📝 Updated gift 5782984811920491178: price=350⭐, remaining=91786/500000
2025-06-03 16:51:42 | INFO | gift_parser:start_gift_parsing_loop:150 - ✅ Database updated with LIMITED gifts only
2025-06-03 16:51:42 | INFO | gift_parser:start_gift_parsing_loop:158 - 👥 Found 1 users with autobuy enabled
2025-06-03 16:51:42 | DEBUG | gift_parser:start_gift_parsing_loop:174 - Cycle 1/1 for user 1487757625
2025-06-03 16:51:45 | DEBUG | gifts:aio_get_available_gifts:31 - Fetched 12 gifts from API
2025-06-03 16:51:45 | INFO | gift_parser:start_gift_parsing_loop:100 - 📊 Gifts fetched - Total: 12, Limited: 1, Unlimited: 11 (will be ignored)
2025-06-03 16:51:45 | INFO | gift_parser:start_gift_parsing_loop:130 - 📝 Updated gift 5782984811920491178: price=350⭐, remaining=91788/500000
2025-06-03 16:51:45 | INFO | gift_parser:start_gift_parsing_loop:150 - ✅ Database updated with LIMITED gifts only
2025-06-03 16:51:45 | INFO | gift_parser:start_gift_parsing_loop:158 - 👥 Found 1 users with autobuy enabled
2025-06-03 16:51:45 | DEBUG | gift_parser:start_gift_parsing_loop:174 - Cycle 1/1 for user 1487757625
2025-06-03 16:51:48 | DEBUG | gifts:aio_get_available_gifts:31 - Fetched 12 gifts from API
2025-06-03 16:51:48 | INFO | gift_parser:start_gift_parsing_loop:100 - 📊 Gifts fetched - Total: 12, Limited: 1, Unlimited: 11 (will be ignored)
2025-06-03 16:51:48 | INFO | gift_parser:start_gift_parsing_loop:150 - ✅ Database updated with LIMITED gifts only
2025-06-03 16:51:48 | INFO | gift_parser:start_gift_parsing_loop:158 - 👥 Found 1 users with autobuy enabled
2025-06-03 16:51:48 | DEBUG | gift_parser:start_gift_parsing_loop:174 - Cycle 1/1 for user 1487757625
2025-06-03 16:51:51 | DEBUG | gifts:aio_get_available_gifts:31 - Fetched 12 gifts from API
2025-06-03 16:51:51 | INFO | gift_parser:start_gift_parsing_loop:100 - 📊 Gifts fetched - Total: 12, Limited: 1, Unlimited: 11 (will be ignored)
2025-06-03 16:51:51 | INFO | gift_parser:start_gift_parsing_loop:150 - ✅ Database updated with LIMITED gifts only
2025-06-03 16:51:51 | INFO | gift_parser:start_gift_parsing_loop:158 - 👥 Found 1 users with autobuy enabled
2025-06-03 16:51:51 | DEBUG | gift_parser:start_gift_parsing_loop:174 - Cycle 1/1 for user 1487757625
2025-06-03 16:51:55 | DEBUG | gifts:aio_get_available_gifts:31 - Fetched 12 gifts from API
2025-06-03 16:51:55 | INFO | gift_parser:start_gift_parsing_loop:100 - 📊 Gifts fetched - Total: 12, Limited: 1, Unlimited: 11 (will be ignored)
2025-06-03 16:51:55 | INFO | gift_parser:start_gift_parsing_loop:150 - ✅ Database updated with LIMITED gifts only
2025-06-03 16:51:55 | INFO | gift_parser:start_gift_parsing_loop:158 - 👥 Found 1 users with autobuy enabled
2025-06-03 16:51:55 | DEBUG | gift_parser:start_gift_parsing_loop:174 - Cycle 1/1 for user 1487757625
2025-06-03 16:51:58 | DEBUG | gifts:aio_get_available_gifts:31 - Fetched 12 gifts from API
2025-06-03 16:51:58 | INFO | gift_parser:start_gift_parsing_loop:100 - 📊 Gifts fetched - Total: 12, Limited: 1, Unlimited: 11 (will be ignored)
2025-06-03 16:51:58 | INFO | gift_parser:start_gift_parsing_loop:130 - 📝 Updated gift 5782984811920491178: price=350⭐, remaining=91786/500000
2025-06-03 16:51:58 | INFO | gift_parser:start_gift_parsing_loop:150 - ✅ Database updated with LIMITED gifts only
2025-06-03 16:51:58 | INFO | gift_parser:start_gift_parsing_loop:158 - 👥 Found 1 users with autobuy enabled
2025-06-03 16:51:58 | DEBUG | gift_parser:start_gift_parsing_loop:174 - Cycle 1/1 for user 1487757625
2025-06-03 16:52:01 | DEBUG | gifts:aio_get_available_gifts:31 - Fetched 12 gifts from API
2025-06-03 16:52:01 | INFO | gift_parser:start_gift_parsing_loop:100 - 📊 Gifts fetched - Total: 12, Limited: 1, Unlimited: 11 (will be ignored)
2025-06-03 16:52:01 | INFO | gift_parser:start_gift_parsing_loop:130 - 📝 Updated gift 5782984811920491178: price=350⭐, remaining=91788/500000
2025-06-03 16:52:01 | INFO | gift_parser:start_gift_parsing_loop:150 - ✅ Database updated with LIMITED gifts only
2025-06-03 16:52:01 | INFO | gift_parser:start_gift_parsing_loop:158 - 👥 Found 1 users with autobuy enabled
2025-06-03 16:52:01 | DEBUG | gift_parser:start_gift_parsing_loop:174 - Cycle 1/1 for user 1487757625
2025-06-03 16:52:04 | DEBUG | gifts:aio_get_available_gifts:31 - Fetched 12 gifts from API
2025-06-03 16:52:04 | INFO | gift_parser:start_gift_parsing_loop:100 - 📊 Gifts fetched - Total: 12, Limited: 1, Unlimited: 11 (will be ignored)
2025-06-03 16:52:04 | INFO | gift_parser:start_gift_parsing_loop:150 - ✅ Database updated with LIMITED gifts only
2025-06-03 16:52:04 | INFO | gift_parser:start_gift_parsing_loop:158 - 👥 Found 1 users with autobuy enabled
2025-06-03 16:52:04 | DEBUG | gift_parser:start_gift_parsing_loop:174 - Cycle 1/1 for user 1487757625
2025-06-03 16:52:08 | DEBUG | gifts:aio_get_available_gifts:31 - Fetched 12 gifts from API
2025-06-03 16:52:08 | INFO | gift_parser:start_gift_parsing_loop:100 - 📊 Gifts fetched - Total: 12, Limited: 1, Unlimited: 11 (will be ignored)
2025-06-03 16:52:08 | INFO | gift_parser:start_gift_parsing_loop:130 - 📝 Updated gift 5782984811920491178: price=350⭐, remaining=91784/500000
2025-06-03 16:52:08 | INFO | gift_parser:start_gift_parsing_loop:150 - ✅ Database updated with LIMITED gifts only
2025-06-03 16:52:08 | INFO | gift_parser:start_gift_parsing_loop:158 - 👥 Found 1 users with autobuy enabled
2025-06-03 16:52:08 | DEBUG | gift_parser:start_gift_parsing_loop:174 - Cycle 1/1 for user 1487757625
2025-06-03 16:52:11 | DEBUG | gifts:aio_get_available_gifts:31 - Fetched 12 gifts from API
2025-06-03 16:52:11 | INFO | gift_parser:start_gift_parsing_loop:100 - 📊 Gifts fetched - Total: 12, Limited: 1, Unlimited: 11 (will be ignored)
2025-06-03 16:52:11 | INFO | gift_parser:start_gift_parsing_loop:150 - ✅ Database updated with LIMITED gifts only
2025-06-03 16:52:11 | INFO | gift_parser:start_gift_parsing_loop:158 - 👥 Found 1 users with autobuy enabled
2025-06-03 16:52:11 | DEBUG | gift_parser:start_gift_parsing_loop:174 - Cycle 1/1 for user 1487757625
2025-06-03 16:52:14 | DEBUG | gifts:aio_get_available_gifts:31 - Fetched 12 gifts from API
2025-06-03 16:52:14 | INFO | gift_parser:start_gift_parsing_loop:100 - 📊 Gifts fetched - Total: 12, Limited: 1, Unlimited: 11 (will be ignored)
2025-06-03 16:52:14 | INFO | gift_parser:start_gift_parsing_loop:130 - 📝 Updated gift 5782984811920491178: price=350⭐, remaining=91783/500000
2025-06-03 16:52:14 | INFO | gift_parser:start_gift_parsing_loop:150 - ✅ Database updated with LIMITED gifts only
2025-06-03 16:52:14 | INFO | gift_parser:start_gift_parsing_loop:158 - 👥 Found 1 users with autobuy enabled
2025-06-03 16:52:14 | DEBUG | gift_parser:start_gift_parsing_loop:174 - Cycle 1/1 for user 1487757625
2025-06-03 16:52:17 | DEBUG | gifts:aio_get_available_gifts:31 - Fetched 12 gifts from API
2025-06-03 16:52:17 | INFO | gift_parser:start_gift_parsing_loop:100 - 📊 Gifts fetched - Total: 12, Limited: 1, Unlimited: 11 (will be ignored)
2025-06-03 16:52:17 | INFO | gift_parser:start_gift_parsing_loop:130 - 📝 Updated gift 5782984811920491178: price=350⭐, remaining=91784/500000
2025-06-03 16:52:17 | INFO | gift_parser:start_gift_parsing_loop:150 - ✅ Database updated with LIMITED gifts only
2025-06-03 16:52:17 | INFO | gift_parser:start_gift_parsing_loop:158 - 👥 Found 1 users with autobuy enabled
2025-06-03 16:52:17 | DEBUG | gift_parser:start_gift_parsing_loop:174 - Cycle 1/1 for user 1487757625
2025-06-03 16:52:21 | DEBUG | gifts:aio_get_available_gifts:31 - Fetched 12 gifts from API
2025-06-03 16:52:21 | INFO | gift_parser:start_gift_parsing_loop:100 - 📊 Gifts fetched - Total: 12, Limited: 1, Unlimited: 11 (will be ignored)
2025-06-03 16:52:21 | INFO | gift_parser:start_gift_parsing_loop:150 - ✅ Database updated with LIMITED gifts only
2025-06-03 16:52:21 | INFO | gift_parser:start_gift_parsing_loop:158 - 👥 Found 1 users with autobuy enabled
2025-06-03 16:52:21 | DEBUG | gift_parser:start_gift_parsing_loop:174 - Cycle 1/1 for user 1487757625
2025-06-03 16:52:24 | DEBUG | gifts:aio_get_available_gifts:31 - Fetched 12 gifts from API
2025-06-03 16:52:24 | INFO | gift_parser:start_gift_parsing_loop:100 - 📊 Gifts fetched - Total: 12, Limited: 1, Unlimited: 11 (will be ignored)
2025-06-03 16:52:24 | INFO | gift_parser:start_gift_parsing_loop:130 - 📝 Updated gift 5782984811920491178: price=350⭐, remaining=91786/500000
2025-06-03 16:52:24 | INFO | gift_parser:start_gift_parsing_loop:150 - ✅ Database updated with LIMITED gifts only
2025-06-03 16:52:24 | INFO | gift_parser:start_gift_parsing_loop:158 - 👥 Found 1 users with autobuy enabled
2025-06-03 16:52:24 | DEBUG | gift_parser:start_gift_parsing_loop:174 - Cycle 1/1 for user 1487757625
2025-06-03 16:52:27 | DEBUG | gifts:aio_get_available_gifts:31 - Fetched 12 gifts from API
2025-06-03 16:52:27 | INFO | gift_parser:start_gift_parsing_loop:100 - 📊 Gifts fetched - Total: 12, Limited: 1, Unlimited: 11 (will be ignored)
2025-06-03 16:52:27 | INFO | gift_parser:start_gift_parsing_loop:150 - ✅ Database updated with LIMITED gifts only
2025-06-03 16:52:27 | INFO | gift_parser:start_gift_parsing_loop:158 - 👥 Found 1 users with autobuy enabled
2025-06-03 16:52:27 | DEBUG | gift_parser:start_gift_parsing_loop:174 - Cycle 1/1 for user 1487757625
2025-06-03 16:52:30 | DEBUG | gifts:aio_get_available_gifts:31 - Fetched 12 gifts from API
2025-06-03 16:52:30 | INFO | gift_parser:start_gift_parsing_loop:100 - 📊 Gifts fetched - Total: 12, Limited: 1, Unlimited: 11 (will be ignored)
2025-06-03 16:52:30 | INFO | gift_parser:start_gift_parsing_loop:130 - 📝 Updated gift 5782984811920491178: price=350⭐, remaining=91784/500000
2025-06-03 16:52:30 | INFO | gift_parser:start_gift_parsing_loop:150 - ✅ Database updated with LIMITED gifts only
2025-06-03 16:52:30 | INFO | gift_parser:start_gift_parsing_loop:158 - 👥 Found 1 users with autobuy enabled
2025-06-03 16:52:30 | DEBUG | gift_parser:start_gift_parsing_loop:174 - Cycle 1/1 for user 1487757625
2025-06-03 16:52:34 | DEBUG | gifts:aio_get_available_gifts:31 - Fetched 12 gifts from API
2025-06-03 16:52:34 | INFO | gift_parser:start_gift_parsing_loop:100 - 📊 Gifts fetched - Total: 12, Limited: 1, Unlimited: 11 (will be ignored)
2025-06-03 16:52:34 | INFO | gift_parser:start_gift_parsing_loop:150 - ✅ Database updated with LIMITED gifts only
2025-06-03 16:52:34 | INFO | gift_parser:start_gift_parsing_loop:158 - 👥 Found 1 users with autobuy enabled
2025-06-03 16:52:34 | DEBUG | gift_parser:start_gift_parsing_loop:174 - Cycle 1/1 for user 1487757625
2025-06-03 16:52:37 | DEBUG | gifts:aio_get_available_gifts:31 - Fetched 12 gifts from API
2025-06-03 16:52:37 | INFO | gift_parser:start_gift_parsing_loop:100 - 📊 Gifts fetched - Total: 12, Limited: 1, Unlimited: 11 (will be ignored)
2025-06-03 16:52:37 | INFO | gift_parser:start_gift_parsing_loop:130 - 📝 Updated gift 5782984811920491178: price=350⭐, remaining=91781/500000
2025-06-03 16:52:37 | INFO | gift_parser:start_gift_parsing_loop:150 - ✅ Database updated with LIMITED gifts only
2025-06-03 16:52:37 | INFO | gift_parser:start_gift_parsing_loop:158 - 👥 Found 1 users with autobuy enabled
2025-06-03 16:52:37 | DEBUG | gift_parser:start_gift_parsing_loop:174 - Cycle 1/1 for user 1487757625
2025-06-03 16:52:40 | DEBUG | gifts:aio_get_available_gifts:31 - Fetched 12 gifts from API
2025-06-03 16:52:40 | INFO | gift_parser:start_gift_parsing_loop:100 - 📊 Gifts fetched - Total: 12, Limited: 1, Unlimited: 11 (will be ignored)
2025-06-03 16:52:40 | INFO | gift_parser:start_gift_parsing_loop:130 - 📝 Updated gift 5782984811920491178: price=350⭐, remaining=91784/500000
2025-06-03 16:52:40 | INFO | gift_parser:start_gift_parsing_loop:150 - ✅ Database updated with LIMITED gifts only
2025-06-03 16:52:40 | INFO | gift_parser:start_gift_parsing_loop:158 - 👥 Found 1 users with autobuy enabled
2025-06-03 16:52:40 | DEBUG | gift_parser:start_gift_parsing_loop:174 - Cycle 1/1 for user 1487757625
2025-06-03 16:52:43 | DEBUG | gifts:aio_get_available_gifts:31 - Fetched 12 gifts from API
2025-06-03 16:52:43 | INFO | gift_parser:start_gift_parsing_loop:100 - 📊 Gifts fetched - Total: 12, Limited: 1, Unlimited: 11 (will be ignored)
2025-06-03 16:52:43 | INFO | gift_parser:start_gift_parsing_loop:130 - 📝 Updated gift 5782984811920491178: price=350⭐, remaining=91783/500000
2025-06-03 16:52:43 | INFO | gift_parser:start_gift_parsing_loop:150 - ✅ Database updated with LIMITED gifts only
2025-06-03 16:52:43 | INFO | gift_parser:start_gift_parsing_loop:158 - 👥 Found 1 users with autobuy enabled
2025-06-03 16:52:43 | DEBUG | gift_parser:start_gift_parsing_loop:174 - Cycle 1/1 for user 1487757625
2025-06-03 16:52:47 | DEBUG | gifts:aio_get_available_gifts:31 - Fetched 12 gifts from API
2025-06-03 16:52:47 | INFO | gift_parser:start_gift_parsing_loop:100 - 📊 Gifts fetched - Total: 12, Limited: 1, Unlimited: 11 (will be ignored)
2025-06-03 16:52:47 | INFO | gift_parser:start_gift_parsing_loop:130 - 📝 Updated gift 5782984811920491178: price=350⭐, remaining=91784/500000
2025-06-03 16:52:47 | INFO | gift_parser:start_gift_parsing_loop:150 - ✅ Database updated with LIMITED gifts only
2025-06-03 16:52:47 | INFO | gift_parser:start_gift_parsing_loop:158 - 👥 Found 1 users with autobuy enabled
2025-06-03 16:52:47 | DEBUG | gift_parser:start_gift_parsing_loop:174 - Cycle 1/1 for user 1487757625
2025-06-03 16:52:50 | DEBUG | gifts:aio_get_available_gifts:31 - Fetched 12 gifts from API
2025-06-03 16:52:50 | INFO | gift_parser:start_gift_parsing_loop:100 - 📊 Gifts fetched - Total: 12, Limited: 1, Unlimited: 11 (will be ignored)
2025-06-03 16:52:50 | INFO | gift_parser:start_gift_parsing_loop:130 - 📝 Updated gift 5782984811920491178: price=350⭐, remaining=91781/500000
2025-06-03 16:52:50 | INFO | gift_parser:start_gift_parsing_loop:150 - ✅ Database updated with LIMITED gifts only
2025-06-03 16:52:50 | INFO | gift_parser:start_gift_parsing_loop:158 - 👥 Found 1 users with autobuy enabled
2025-06-03 16:52:50 | DEBUG | gift_parser:start_gift_parsing_loop:174 - Cycle 1/1 for user 1487757625
2025-06-03 16:52:54 | DEBUG | gifts:aio_get_available_gifts:31 - Fetched 12 gifts from API
2025-06-03 16:52:54 | INFO | gift_parser:start_gift_parsing_loop:100 - 📊 Gifts fetched - Total: 12, Limited: 1, Unlimited: 11 (will be ignored)
2025-06-03 16:52:54 | INFO | gift_parser:start_gift_parsing_loop:130 - 📝 Updated gift 5782984811920491178: price=350⭐, remaining=91784/500000
2025-06-03 16:52:54 | INFO | gift_parser:start_gift_parsing_loop:150 - ✅ Database updated with LIMITED gifts only
2025-06-03 16:52:54 | INFO | gift_parser:start_gift_parsing_loop:158 - 👥 Found 1 users with autobuy enabled
2025-06-03 16:52:54 | DEBUG | gift_parser:start_gift_parsing_loop:174 - Cycle 1/1 for user 1487757625
2025-06-03 16:52:57 | DEBUG | gifts:aio_get_available_gifts:31 - Fetched 12 gifts from API
2025-06-03 16:52:57 | INFO | gift_parser:start_gift_parsing_loop:100 - 📊 Gifts fetched - Total: 12, Limited: 1, Unlimited: 11 (will be ignored)
2025-06-03 16:52:57 | INFO | gift_parser:start_gift_parsing_loop:150 - ✅ Database updated with LIMITED gifts only
2025-06-03 16:52:57 | INFO | gift_parser:start_gift_parsing_loop:158 - 👥 Found 1 users with autobuy enabled
2025-06-03 16:52:57 | DEBUG | gift_parser:start_gift_parsing_loop:174 - Cycle 1/1 for user 1487757625
2025-06-03 16:53:00 | DEBUG | gifts:aio_get_available_gifts:31 - Fetched 12 gifts from API
2025-06-03 16:53:00 | INFO | gift_parser:start_gift_parsing_loop:100 - 📊 Gifts fetched - Total: 12, Limited: 1, Unlimited: 11 (will be ignored)
2025-06-03 16:53:00 | INFO | gift_parser:start_gift_parsing_loop:130 - 📝 Updated gift 5782984811920491178: price=350⭐, remaining=91783/500000
2025-06-03 16:53:00 | INFO | gift_parser:start_gift_parsing_loop:150 - ✅ Database updated with LIMITED gifts only
2025-06-03 16:53:00 | INFO | gift_parser:start_gift_parsing_loop:158 - 👥 Found 1 users with autobuy enabled
2025-06-03 16:53:00 | DEBUG | gift_parser:start_gift_parsing_loop:174 - Cycle 1/1 for user 1487757625
2025-06-03 16:53:03 | DEBUG | gifts:aio_get_available_gifts:31 - Fetched 12 gifts from API
2025-06-03 16:53:03 | INFO | gift_parser:start_gift_parsing_loop:100 - 📊 Gifts fetched - Total: 12, Limited: 1, Unlimited: 11 (will be ignored)
2025-06-03 16:53:03 | INFO | gift_parser:start_gift_parsing_loop:150 - ✅ Database updated with LIMITED gifts only
2025-06-03 16:53:03 | INFO | gift_parser:start_gift_parsing_loop:158 - 👥 Found 1 users with autobuy enabled
2025-06-03 16:53:03 | DEBUG | gift_parser:start_gift_parsing_loop:174 - Cycle 1/1 for user 1487757625
2025-06-03 16:53:06 | DEBUG | gifts:aio_get_available_gifts:31 - Fetched 12 gifts from API
2025-06-03 16:53:06 | INFO | gift_parser:start_gift_parsing_loop:100 - 📊 Gifts fetched - Total: 12, Limited: 1, Unlimited: 11 (will be ignored)
2025-06-03 16:53:06 | INFO | gift_parser:start_gift_parsing_loop:130 - 📝 Updated gift 5782984811920491178: price=350⭐, remaining=91778/500000
2025-06-03 16:53:06 | INFO | gift_parser:start_gift_parsing_loop:150 - ✅ Database updated with LIMITED gifts only
2025-06-03 16:53:06 | INFO | gift_parser:start_gift_parsing_loop:158 - 👥 Found 1 users with autobuy enabled
2025-06-03 16:53:06 | DEBUG | gift_parser:start_gift_parsing_loop:174 - Cycle 1/1 for user 1487757625
2025-06-03 16:53:10 | DEBUG | gifts:aio_get_available_gifts:31 - Fetched 12 gifts from API
2025-06-03 16:53:10 | INFO | gift_parser:start_gift_parsing_loop:100 - 📊 Gifts fetched - Total: 12, Limited: 1, Unlimited: 11 (will be ignored)
2025-06-03 16:53:10 | INFO | gift_parser:start_gift_parsing_loop:150 - ✅ Database updated with LIMITED gifts only
2025-06-03 16:53:10 | INFO | gift_parser:start_gift_parsing_loop:158 - 👥 Found 1 users with autobuy enabled
2025-06-03 16:53:10 | DEBUG | gift_parser:start_gift_parsing_loop:174 - Cycle 1/1 for user 1487757625
2025-06-03 16:53:13 | DEBUG | gifts:aio_get_available_gifts:31 - Fetched 12 gifts from API
2025-06-03 16:53:13 | INFO | gift_parser:start_gift_parsing_loop:100 - 📊 Gifts fetched - Total: 12, Limited: 1, Unlimited: 11 (will be ignored)
2025-06-03 16:53:13 | INFO | gift_parser:start_gift_parsing_loop:150 - ✅ Database updated with LIMITED gifts only
2025-06-03 16:53:13 | INFO | gift_parser:start_gift_parsing_loop:158 - 👥 Found 1 users with autobuy enabled
2025-06-03 16:53:13 | DEBUG | gift_parser:start_gift_parsing_loop:174 - Cycle 1/1 for user 1487757625
2025-06-03 16:53:16 | DEBUG | gifts:aio_get_available_gifts:31 - Fetched 12 gifts from API
2025-06-03 16:53:16 | INFO | gift_parser:start_gift_parsing_loop:100 - 📊 Gifts fetched - Total: 12, Limited: 1, Unlimited: 11 (will be ignored)
2025-06-03 16:53:16 | INFO | gift_parser:start_gift_parsing_loop:150 - ✅ Database updated with LIMITED gifts only
2025-06-03 16:53:16 | INFO | gift_parser:start_gift_parsing_loop:158 - 👥 Found 1 users with autobuy enabled
2025-06-03 16:53:16 | DEBUG | gift_parser:start_gift_parsing_loop:174 - Cycle 1/1 for user 1487757625
2025-06-03 16:53:19 | DEBUG | gifts:aio_get_available_gifts:31 - Fetched 12 gifts from API
2025-06-03 16:53:19 | INFO | gift_parser:start_gift_parsing_loop:100 - 📊 Gifts fetched - Total: 12, Limited: 1, Unlimited: 11 (will be ignored)
2025-06-03 16:53:19 | INFO | gift_parser:start_gift_parsing_loop:130 - 📝 Updated gift 5782984811920491178: price=350⭐, remaining=91781/500000
2025-06-03 16:53:19 | INFO | gift_parser:start_gift_parsing_loop:150 - ✅ Database updated with LIMITED gifts only
2025-06-03 16:53:19 | INFO | gift_parser:start_gift_parsing_loop:158 - 👥 Found 1 users with autobuy enabled
2025-06-03 16:53:19 | DEBUG | gift_parser:start_gift_parsing_loop:174 - Cycle 1/1 for user 1487757625
2025-06-03 16:53:23 | DEBUG | gifts:aio_get_available_gifts:31 - Fetched 12 gifts from API
2025-06-03 16:53:23 | INFO | gift_parser:start_gift_parsing_loop:100 - 📊 Gifts fetched - Total: 12, Limited: 1, Unlimited: 11 (will be ignored)
2025-06-03 16:53:23 | INFO | gift_parser:start_gift_parsing_loop:130 - 📝 Updated gift 5782984811920491178: price=350⭐, remaining=91778/500000
2025-06-03 16:53:23 | INFO | gift_parser:start_gift_parsing_loop:150 - ✅ Database updated with LIMITED gifts only
2025-06-03 16:53:23 | INFO | gift_parser:start_gift_parsing_loop:158 - 👥 Found 1 users with autobuy enabled
2025-06-03 16:53:23 | DEBUG | gift_parser:start_gift_parsing_loop:174 - Cycle 1/1 for user 1487757625
2025-06-03 16:53:26 | DEBUG | gifts:aio_get_available_gifts:31 - Fetched 12 gifts from API
2025-06-03 16:53:26 | INFO | gift_parser:start_gift_parsing_loop:100 - 📊 Gifts fetched - Total: 12, Limited: 1, Unlimited: 11 (will be ignored)
2025-06-03 16:53:26 | INFO | gift_parser:start_gift_parsing_loop:150 - ✅ Database updated with LIMITED gifts only
2025-06-03 16:53:26 | INFO | gift_parser:start_gift_parsing_loop:158 - 👥 Found 1 users with autobuy enabled
2025-06-03 16:53:26 | DEBUG | gift_parser:start_gift_parsing_loop:174 - Cycle 1/1 for user 1487757625
2025-06-03 16:53:29 | DEBUG | gifts:aio_get_available_gifts:31 - Fetched 12 gifts from API
2025-06-03 16:53:29 | INFO | gift_parser:start_gift_parsing_loop:100 - 📊 Gifts fetched - Total: 12, Limited: 1, Unlimited: 11 (will be ignored)
2025-06-03 16:53:29 | INFO | gift_parser:start_gift_parsing_loop:150 - ✅ Database updated with LIMITED gifts only
2025-06-03 16:53:29 | INFO | gift_parser:start_gift_parsing_loop:158 - 👥 Found 1 users with autobuy enabled
2025-06-03 16:53:29 | DEBUG | gift_parser:start_gift_parsing_loop:174 - Cycle 1/1 for user 1487757625
2025-06-03 16:53:32 | DEBUG | gifts:aio_get_available_gifts:31 - Fetched 12 gifts from API
2025-06-03 16:53:32 | INFO | gift_parser:start_gift_parsing_loop:100 - 📊 Gifts fetched - Total: 12, Limited: 1, Unlimited: 11 (will be ignored)
2025-06-03 16:53:32 | INFO | gift_parser:start_gift_parsing_loop:150 - ✅ Database updated with LIMITED gifts only
2025-06-03 16:53:32 | INFO | gift_parser:start_gift_parsing_loop:158 - 👥 Found 1 users with autobuy enabled
2025-06-03 16:53:32 | DEBUG | gift_parser:start_gift_parsing_loop:174 - Cycle 1/1 for user 1487757625
2025-06-03 16:53:35 | DEBUG | gifts:aio_get_available_gifts:31 - Fetched 12 gifts from API
2025-06-03 16:53:35 | INFO | gift_parser:start_gift_parsing_loop:100 - 📊 Gifts fetched - Total: 12, Limited: 1, Unlimited: 11 (will be ignored)
2025-06-03 16:53:35 | INFO | gift_parser:start_gift_parsing_loop:150 - ✅ Database updated with LIMITED gifts only
2025-06-03 16:53:35 | INFO | gift_parser:start_gift_parsing_loop:158 - 👥 Found 1 users with autobuy enabled
2025-06-03 16:53:35 | DEBUG | gift_parser:start_gift_parsing_loop:174 - Cycle 1/1 for user 1487757625
2025-06-03 16:53:39 | DEBUG | gifts:aio_get_available_gifts:31 - Fetched 12 gifts from API
2025-06-03 16:53:39 | INFO | gift_parser:start_gift_parsing_loop:100 - 📊 Gifts fetched - Total: 12, Limited: 1, Unlimited: 11 (will be ignored)
2025-06-03 16:53:39 | INFO | gift_parser:start_gift_parsing_loop:150 - ✅ Database updated with LIMITED gifts only
2025-06-03 16:53:39 | INFO | gift_parser:start_gift_parsing_loop:158 - 👥 Found 1 users with autobuy enabled
2025-06-03 16:53:39 | DEBUG | gift_parser:start_gift_parsing_loop:174 - Cycle 1/1 for user 1487757625
2025-06-03 16:53:42 | DEBUG | gifts:aio_get_available_gifts:31 - Fetched 12 gifts from API
2025-06-03 16:53:42 | INFO | gift_parser:start_gift_parsing_loop:100 - 📊 Gifts fetched - Total: 12, Limited: 1, Unlimited: 11 (will be ignored)
2025-06-03 16:53:42 | INFO | gift_parser:start_gift_parsing_loop:150 - ✅ Database updated with LIMITED gifts only
2025-06-03 16:53:42 | INFO | gift_parser:start_gift_parsing_loop:158 - 👥 Found 1 users with autobuy enabled
2025-06-03 16:53:42 | DEBUG | gift_parser:start_gift_parsing_loop:174 - Cycle 1/1 for user 1487757625
2025-06-03 16:53:45 | DEBUG | gifts:aio_get_available_gifts:31 - Fetched 12 gifts from API
2025-06-03 16:53:45 | INFO | gift_parser:start_gift_parsing_loop:100 - 📊 Gifts fetched - Total: 12, Limited: 1, Unlimited: 11 (will be ignored)
2025-06-03 16:53:45 | INFO | gift_parser:start_gift_parsing_loop:150 - ✅ Database updated with LIMITED gifts only
2025-06-03 16:53:45 | INFO | gift_parser:start_gift_parsing_loop:158 - 👥 Found 1 users with autobuy enabled
2025-06-03 16:53:45 | DEBUG | gift_parser:start_gift_parsing_loop:174 - Cycle 1/1 for user 1487757625
2025-06-03 16:53:48 | DEBUG | gifts:aio_get_available_gifts:31 - Fetched 12 gifts from API
2025-06-03 16:53:48 | INFO | gift_parser:start_gift_parsing_loop:100 - 📊 Gifts fetched - Total: 12, Limited: 1, Unlimited: 11 (will be ignored)
2025-06-03 16:53:48 | INFO | gift_parser:start_gift_parsing_loop:150 - ✅ Database updated with LIMITED gifts only
2025-06-03 16:53:48 | INFO | gift_parser:start_gift_parsing_loop:158 - 👥 Found 1 users with autobuy enabled
2025-06-03 16:53:48 | DEBUG | gift_parser:start_gift_parsing_loop:174 - Cycle 1/1 for user 1487757625
2025-06-03 16:53:51 | DEBUG | gifts:aio_get_available_gifts:31 - Fetched 12 gifts from API
2025-06-03 16:53:51 | INFO | gift_parser:start_gift_parsing_loop:100 - 📊 Gifts fetched - Total: 12, Limited: 1, Unlimited: 11 (will be ignored)
2025-06-03 16:53:51 | INFO | gift_parser:start_gift_parsing_loop:150 - ✅ Database updated with LIMITED gifts only
2025-06-03 16:53:51 | INFO | gift_parser:start_gift_parsing_loop:158 - 👥 Found 1 users with autobuy enabled
2025-06-03 16:53:51 | DEBUG | gift_parser:start_gift_parsing_loop:174 - Cycle 1/1 for user 1487757625
2025-06-03 16:53:55 | DEBUG | gifts:aio_get_available_gifts:31 - Fetched 12 gifts from API
2025-06-03 16:53:55 | INFO | gift_parser:start_gift_parsing_loop:100 - 📊 Gifts fetched - Total: 12, Limited: 1, Unlimited: 11 (will be ignored)
2025-06-03 16:53:55 | INFO | gift_parser:start_gift_parsing_loop:130 - 📝 Updated gift 5782984811920491178: price=350⭐, remaining=91774/500000
2025-06-03 16:53:55 | INFO | gift_parser:start_gift_parsing_loop:150 - ✅ Database updated with LIMITED gifts only
2025-06-03 16:53:55 | INFO | gift_parser:start_gift_parsing_loop:158 - 👥 Found 1 users with autobuy enabled
2025-06-03 16:53:55 | DEBUG | gift_parser:start_gift_parsing_loop:174 - Cycle 1/1 for user 1487757625
2025-06-03 16:53:58 | DEBUG | gifts:aio_get_available_gifts:31 - Fetched 12 gifts from API
2025-06-03 16:53:58 | INFO | gift_parser:start_gift_parsing_loop:100 - 📊 Gifts fetched - Total: 12, Limited: 1, Unlimited: 11 (will be ignored)
2025-06-03 16:53:58 | INFO | gift_parser:start_gift_parsing_loop:130 - 📝 Updated gift 5782984811920491178: price=350⭐, remaining=91778/500000
2025-06-03 16:53:58 | INFO | gift_parser:start_gift_parsing_loop:150 - ✅ Database updated with LIMITED gifts only
2025-06-03 16:53:58 | INFO | gift_parser:start_gift_parsing_loop:158 - 👥 Found 1 users with autobuy enabled
2025-06-03 16:53:58 | DEBUG | gift_parser:start_gift_parsing_loop:174 - Cycle 1/1 for user 1487757625
2025-06-03 16:54:01 | DEBUG | gifts:aio_get_available_gifts:31 - Fetched 12 gifts from API
2025-06-03 16:54:01 | INFO | gift_parser:start_gift_parsing_loop:100 - 📊 Gifts fetched - Total: 12, Limited: 1, Unlimited: 11 (will be ignored)
2025-06-03 16:54:01 | INFO | gift_parser:start_gift_parsing_loop:130 - 📝 Updated gift 5782984811920491178: price=350⭐, remaining=91773/500000
2025-06-03 16:54:01 | INFO | gift_parser:start_gift_parsing_loop:150 - ✅ Database updated with LIMITED gifts only
2025-06-03 16:54:01 | INFO | gift_parser:start_gift_parsing_loop:158 - 👥 Found 1 users with autobuy enabled
2025-06-03 16:54:01 | DEBUG | gift_parser:start_gift_parsing_loop:174 - Cycle 1/1 for user 1487757625
2025-06-03 16:54:04 | DEBUG | gifts:aio_get_available_gifts:31 - Fetched 12 gifts from API
2025-06-03 16:54:04 | INFO | gift_parser:start_gift_parsing_loop:100 - 📊 Gifts fetched - Total: 12, Limited: 1, Unlimited: 11 (will be ignored)
2025-06-03 16:54:04 | INFO | gift_parser:start_gift_parsing_loop:130 - 📝 Updated gift 5782984811920491178: price=350⭐, remaining=91772/500000
2025-06-03 16:54:04 | INFO | gift_parser:start_gift_parsing_loop:150 - ✅ Database updated with LIMITED gifts only
2025-06-03 16:54:04 | INFO | gift_parser:start_gift_parsing_loop:158 - 👥 Found 1 users with autobuy enabled
2025-06-03 16:54:04 | DEBUG | gift_parser:start_gift_parsing_loop:174 - Cycle 1/1 for user 1487757625
2025-06-03 16:54:08 | DEBUG | gifts:aio_get_available_gifts:31 - Fetched 12 gifts from API
2025-06-03 16:54:08 | INFO | gift_parser:start_gift_parsing_loop:100 - 📊 Gifts fetched - Total: 12, Limited: 1, Unlimited: 11 (will be ignored)
2025-06-03 16:54:08 | INFO | gift_parser:start_gift_parsing_loop:130 - 📝 Updated gift 5782984811920491178: price=350⭐, remaining=91773/500000
2025-06-03 16:54:08 | INFO | gift_parser:start_gift_parsing_loop:150 - ✅ Database updated with LIMITED gifts only
2025-06-03 16:54:08 | INFO | gift_parser:start_gift_parsing_loop:158 - 👥 Found 1 users with autobuy enabled
2025-06-03 16:54:08 | DEBUG | gift_parser:start_gift_parsing_loop:174 - Cycle 1/1 for user 1487757625
2025-06-03 16:54:11 | DEBUG | gifts:aio_get_available_gifts:31 - Fetched 12 gifts from API
2025-06-03 16:54:11 | INFO | gift_parser:start_gift_parsing_loop:100 - 📊 Gifts fetched - Total: 12, Limited: 1, Unlimited: 11 (will be ignored)
2025-06-03 16:54:11 | INFO | gift_parser:start_gift_parsing_loop:150 - ✅ Database updated with LIMITED gifts only
2025-06-03 16:54:11 | INFO | gift_parser:start_gift_parsing_loop:158 - 👥 Found 1 users with autobuy enabled
2025-06-03 16:54:11 | DEBUG | gift_parser:start_gift_parsing_loop:174 - Cycle 1/1 for user 1487757625
2025-06-03 16:54:14 | DEBUG | gifts:aio_get_available_gifts:31 - Fetched 12 gifts from API
2025-06-03 16:54:14 | INFO | gift_parser:start_gift_parsing_loop:100 - 📊 Gifts fetched - Total: 12, Limited: 1, Unlimited: 11 (will be ignored)
2025-06-03 16:54:14 | INFO | gift_parser:start_gift_parsing_loop:150 - ✅ Database updated with LIMITED gifts only
2025-06-03 16:54:14 | INFO | gift_parser:start_gift_parsing_loop:158 - 👥 Found 1 users with autobuy enabled
2025-06-03 16:54:14 | DEBUG | gift_parser:start_gift_parsing_loop:174 - Cycle 1/1 for user 1487757625
2025-06-03 16:54:17 | DEBUG | gifts:aio_get_available_gifts:31 - Fetched 12 gifts from API
2025-06-03 16:54:17 | INFO | gift_parser:start_gift_parsing_loop:100 - 📊 Gifts fetched - Total: 12, Limited: 1, Unlimited: 11 (will be ignored)
2025-06-03 16:54:17 | INFO | gift_parser:start_gift_parsing_loop:150 - ✅ Database updated with LIMITED gifts only
2025-06-03 16:54:17 | INFO | gift_parser:start_gift_parsing_loop:158 - 👥 Found 1 users with autobuy enabled
2025-06-03 16:54:17 | DEBUG | gift_parser:start_gift_parsing_loop:174 - Cycle 1/1 for user 1487757625
2025-06-03 16:54:21 | DEBUG | gifts:aio_get_available_gifts:31 - Fetched 12 gifts from API
2025-06-03 16:54:21 | INFO | gift_parser:start_gift_parsing_loop:100 - 📊 Gifts fetched - Total: 12, Limited: 1, Unlimited: 11 (will be ignored)
2025-06-03 16:54:21 | INFO | gift_parser:start_gift_parsing_loop:150 - ✅ Database updated with LIMITED gifts only
2025-06-03 16:54:21 | INFO | gift_parser:start_gift_parsing_loop:158 - 👥 Found 1 users with autobuy enabled
2025-06-03 16:54:21 | DEBUG | gift_parser:start_gift_parsing_loop:174 - Cycle 1/1 for user 1487757625
2025-06-03 16:54:24 | DEBUG | gifts:aio_get_available_gifts:31 - Fetched 12 gifts from API
2025-06-03 16:54:24 | INFO | gift_parser:start_gift_parsing_loop:100 - 📊 Gifts fetched - Total: 12, Limited: 1, Unlimited: 11 (will be ignored)
2025-06-03 16:54:24 | INFO | gift_parser:start_gift_parsing_loop:130 - 📝 Updated gift 5782984811920491178: price=350⭐, remaining=91772/500000
2025-06-03 16:54:24 | INFO | gift_parser:start_gift_parsing_loop:150 - ✅ Database updated with LIMITED gifts only
2025-06-03 16:54:24 | INFO | gift_parser:start_gift_parsing_loop:158 - 👥 Found 1 users with autobuy enabled
2025-06-03 16:54:24 | DEBUG | gift_parser:start_gift_parsing_loop:174 - Cycle 1/1 for user 1487757625
2025-06-03 16:54:27 | DEBUG | gifts:aio_get_available_gifts:31 - Fetched 12 gifts from API
2025-06-03 16:54:27 | INFO | gift_parser:start_gift_parsing_loop:100 - 📊 Gifts fetched - Total: 12, Limited: 1, Unlimited: 11 (will be ignored)
2025-06-03 16:54:27 | INFO | gift_parser:start_gift_parsing_loop:150 - ✅ Database updated with LIMITED gifts only
2025-06-03 16:54:27 | INFO | gift_parser:start_gift_parsing_loop:158 - 👥 Found 1 users with autobuy enabled
2025-06-03 16:54:27 | DEBUG | gift_parser:start_gift_parsing_loop:174 - Cycle 1/1 for user 1487757625
2025-06-03 16:54:30 | DEBUG | gifts:aio_get_available_gifts:31 - Fetched 12 gifts from API
2025-06-03 16:54:30 | INFO | gift_parser:start_gift_parsing_loop:100 - 📊 Gifts fetched - Total: 12, Limited: 1, Unlimited: 11 (will be ignored)
2025-06-03 16:54:30 | INFO | gift_parser:start_gift_parsing_loop:150 - ✅ Database updated with LIMITED gifts only
2025-06-03 16:54:30 | INFO | gift_parser:start_gift_parsing_loop:158 - 👥 Found 1 users with autobuy enabled
2025-06-03 16:54:30 | DEBUG | gift_parser:start_gift_parsing_loop:174 - Cycle 1/1 for user 1487757625
2025-06-03 16:54:34 | DEBUG | gifts:aio_get_available_gifts:31 - Fetched 12 gifts from API
2025-06-03 16:54:34 | INFO | gift_parser:start_gift_parsing_loop:100 - 📊 Gifts fetched - Total: 12, Limited: 1, Unlimited: 11 (will be ignored)
2025-06-03 16:54:34 | INFO | gift_parser:start_gift_parsing_loop:150 - ✅ Database updated with LIMITED gifts only
2025-06-03 16:54:34 | INFO | gift_parser:start_gift_parsing_loop:158 - 👥 Found 1 users with autobuy enabled
2025-06-03 16:54:34 | DEBUG | gift_parser:start_gift_parsing_loop:174 - Cycle 1/1 for user 1487757625
2025-06-03 16:54:37 | DEBUG | gifts:aio_get_available_gifts:31 - Fetched 12 gifts from API
2025-06-03 16:54:37 | INFO | gift_parser:start_gift_parsing_loop:100 - 📊 Gifts fetched - Total: 12, Limited: 1, Unlimited: 11 (will be ignored)
2025-06-03 16:54:37 | INFO | gift_parser:start_gift_parsing_loop:130 - 📝 Updated gift 5782984811920491178: price=350⭐, remaining=91773/500000
2025-06-03 16:54:37 | INFO | gift_parser:start_gift_parsing_loop:150 - ✅ Database updated with LIMITED gifts only
2025-06-03 16:54:37 | INFO | gift_parser:start_gift_parsing_loop:158 - 👥 Found 1 users with autobuy enabled
2025-06-03 16:54:37 | DEBUG | gift_parser:start_gift_parsing_loop:174 - Cycle 1/1 for user 1487757625
2025-06-03 16:54:40 | DEBUG | gifts:aio_get_available_gifts:31 - Fetched 12 gifts from API
2025-06-03 16:54:40 | INFO | gift_parser:start_gift_parsing_loop:100 - 📊 Gifts fetched - Total: 12, Limited: 1, Unlimited: 11 (will be ignored)
2025-06-03 16:54:40 | INFO | gift_parser:start_gift_parsing_loop:150 - ✅ Database updated with LIMITED gifts only
2025-06-03 16:54:40 | INFO | gift_parser:start_gift_parsing_loop:158 - 👥 Found 1 users with autobuy enabled
2025-06-03 16:54:40 | DEBUG | gift_parser:start_gift_parsing_loop:174 - Cycle 1/1 for user 1487757625
2025-06-03 16:54:43 | DEBUG | gifts:aio_get_available_gifts:31 - Fetched 12 gifts from API
2025-06-03 16:54:43 | INFO | gift_parser:start_gift_parsing_loop:100 - 📊 Gifts fetched - Total: 12, Limited: 1, Unlimited: 11 (will be ignored)
2025-06-03 16:54:43 | INFO | gift_parser:start_gift_parsing_loop:130 - 📝 Updated gift 5782984811920491178: price=350⭐, remaining=91772/500000
2025-06-03 16:54:43 | INFO | gift_parser:start_gift_parsing_loop:150 - ✅ Database updated with LIMITED gifts only
2025-06-03 16:54:43 | INFO | gift_parser:start_gift_parsing_loop:158 - 👥 Found 1 users with autobuy enabled
2025-06-03 16:54:43 | DEBUG | gift_parser:start_gift_parsing_loop:174 - Cycle 1/1 for user 1487757625
2025-06-03 16:54:47 | DEBUG | gifts:aio_get_available_gifts:31 - Fetched 12 gifts from API
2025-06-03 16:54:47 | INFO | gift_parser:start_gift_parsing_loop:100 - 📊 Gifts fetched - Total: 12, Limited: 1, Unlimited: 11 (will be ignored)
2025-06-03 16:54:47 | INFO | gift_parser:start_gift_parsing_loop:130 - 📝 Updated gift 5782984811920491178: price=350⭐, remaining=91768/500000
2025-06-03 16:54:47 | INFO | gift_parser:start_gift_parsing_loop:150 - ✅ Database updated with LIMITED gifts only
2025-06-03 16:54:47 | INFO | gift_parser:start_gift_parsing_loop:158 - 👥 Found 1 users with autobuy enabled
2025-06-03 16:54:47 | DEBUG | gift_parser:start_gift_parsing_loop:174 - Cycle 1/1 for user 1487757625
2025-06-03 16:54:50 | DEBUG | gifts:aio_get_available_gifts:31 - Fetched 12 gifts from API
2025-06-03 16:54:50 | INFO | gift_parser:start_gift_parsing_loop:100 - 📊 Gifts fetched - Total: 12, Limited: 1, Unlimited: 11 (will be ignored)
2025-06-03 16:54:50 | INFO | gift_parser:start_gift_parsing_loop:150 - ✅ Database updated with LIMITED gifts only
2025-06-03 16:54:50 | INFO | gift_parser:start_gift_parsing_loop:158 - 👥 Found 1 users with autobuy enabled
2025-06-03 16:54:50 | DEBUG | gift_parser:start_gift_parsing_loop:174 - Cycle 1/1 for user 1487757625
2025-06-03 16:54:53 | DEBUG | gifts:aio_get_available_gifts:31 - Fetched 12 gifts from API
2025-06-03 16:54:53 | INFO | gift_parser:start_gift_parsing_loop:100 - 📊 Gifts fetched - Total: 12, Limited: 1, Unlimited: 11 (will be ignored)
2025-06-03 16:54:53 | INFO | gift_parser:start_gift_parsing_loop:150 - ✅ Database updated with LIMITED gifts only
2025-06-03 16:54:53 | INFO | gift_parser:start_gift_parsing_loop:158 - 👥 Found 1 users with autobuy enabled
2025-06-03 16:54:53 | DEBUG | gift_parser:start_gift_parsing_loop:174 - Cycle 1/1 for user 1487757625
2025-06-03 16:54:56 | DEBUG | gifts:aio_get_available_gifts:31 - Fetched 12 gifts from API
2025-06-03 16:54:56 | INFO | gift_parser:start_gift_parsing_loop:100 - 📊 Gifts fetched - Total: 12, Limited: 1, Unlimited: 11 (will be ignored)
2025-06-03 16:54:56 | INFO | gift_parser:start_gift_parsing_loop:150 - ✅ Database updated with LIMITED gifts only
2025-06-03 16:54:56 | INFO | gift_parser:start_gift_parsing_loop:158 - 👥 Found 1 users with autobuy enabled
2025-06-03 16:54:56 | DEBUG | gift_parser:start_gift_parsing_loop:174 - Cycle 1/1 for user 1487757625
2025-06-03 16:55:00 | DEBUG | gifts:aio_get_available_gifts:31 - Fetched 12 gifts from API
2025-06-03 16:55:00 | INFO | gift_parser:start_gift_parsing_loop:100 - 📊 Gifts fetched - Total: 12, Limited: 1, Unlimited: 11 (will be ignored)
2025-06-03 16:55:00 | INFO | gift_parser:start_gift_parsing_loop:150 - ✅ Database updated with LIMITED gifts only
2025-06-03 16:55:00 | INFO | gift_parser:start_gift_parsing_loop:158 - 👥 Found 1 users with autobuy enabled
2025-06-03 16:55:00 | DEBUG | gift_parser:start_gift_parsing_loop:174 - Cycle 1/1 for user 1487757625
2025-06-03 16:55:03 | DEBUG | gifts:aio_get_available_gifts:31 - Fetched 12 gifts from API
2025-06-03 16:55:03 | INFO | gift_parser:start_gift_parsing_loop:100 - 📊 Gifts fetched - Total: 12, Limited: 1, Unlimited: 11 (will be ignored)
2025-06-03 16:55:03 | INFO | gift_parser:start_gift_parsing_loop:150 - ✅ Database updated with LIMITED gifts only
2025-06-03 16:55:03 | INFO | gift_parser:start_gift_parsing_loop:158 - 👥 Found 1 users with autobuy enabled
2025-06-03 16:55:03 | DEBUG | gift_parser:start_gift_parsing_loop:174 - Cycle 1/1 for user 1487757625
2025-06-03 16:55:06 | DEBUG | gifts:aio_get_available_gifts:31 - Fetched 12 gifts from API
2025-06-03 16:55:06 | INFO | gift_parser:start_gift_parsing_loop:100 - 📊 Gifts fetched - Total: 12, Limited: 1, Unlimited: 11 (will be ignored)
2025-06-03 16:55:06 | INFO | gift_parser:start_gift_parsing_loop:150 - ✅ Database updated with LIMITED gifts only
2025-06-03 16:55:06 | INFO | gift_parser:start_gift_parsing_loop:158 - 👥 Found 1 users with autobuy enabled
2025-06-03 16:55:06 | DEBUG | gift_parser:start_gift_parsing_loop:174 - Cycle 1/1 for user 1487757625
2025-06-03 16:55:09 | DEBUG | gifts:aio_get_available_gifts:31 - Fetched 12 gifts from API
2025-06-03 16:55:09 | INFO | gift_parser:start_gift_parsing_loop:100 - 📊 Gifts fetched - Total: 12, Limited: 1, Unlimited: 11 (will be ignored)
2025-06-03 16:55:09 | INFO | gift_parser:start_gift_parsing_loop:150 - ✅ Database updated with LIMITED gifts only
2025-06-03 16:55:09 | INFO | gift_parser:start_gift_parsing_loop:158 - 👥 Found 1 users with autobuy enabled
2025-06-03 16:55:09 | DEBUG | gift_parser:start_gift_parsing_loop:174 - Cycle 1/1 for user 1487757625
2025-06-03 16:55:13 | DEBUG | gifts:aio_get_available_gifts:31 - Fetched 12 gifts from API
2025-06-03 16:55:13 | INFO | gift_parser:start_gift_parsing_loop:100 - 📊 Gifts fetched - Total: 12, Limited: 1, Unlimited: 11 (will be ignored)
2025-06-03 16:55:13 | INFO | gift_parser:start_gift_parsing_loop:150 - ✅ Database updated with LIMITED gifts only
2025-06-03 16:55:13 | INFO | gift_parser:start_gift_parsing_loop:158 - 👥 Found 1 users with autobuy enabled
2025-06-03 16:55:13 | DEBUG | gift_parser:start_gift_parsing_loop:174 - Cycle 1/1 for user 1487757625
2025-06-03 16:55:16 | DEBUG | gifts:aio_get_available_gifts:31 - Fetched 12 gifts from API
2025-06-03 16:55:16 | INFO | gift_parser:start_gift_parsing_loop:100 - 📊 Gifts fetched - Total: 12, Limited: 1, Unlimited: 11 (will be ignored)
2025-06-03 16:55:16 | INFO | gift_parser:start_gift_parsing_loop:150 - ✅ Database updated with LIMITED gifts only
2025-06-03 16:55:16 | INFO | gift_parser:start_gift_parsing_loop:158 - 👥 Found 1 users with autobuy enabled
2025-06-03 16:55:16 | DEBUG | gift_parser:start_gift_parsing_loop:174 - Cycle 1/1 for user 1487757625
2025-06-03 16:55:19 | DEBUG | gifts:aio_get_available_gifts:31 - Fetched 12 gifts from API
2025-06-03 16:55:19 | INFO | gift_parser:start_gift_parsing_loop:100 - 📊 Gifts fetched - Total: 12, Limited: 1, Unlimited: 11 (will be ignored)
2025-06-03 16:55:19 | INFO | gift_parser:start_gift_parsing_loop:150 - ✅ Database updated with LIMITED gifts only
2025-06-03 16:55:19 | INFO | gift_parser:start_gift_parsing_loop:158 - 👥 Found 1 users with autobuy enabled
2025-06-03 16:55:19 | DEBUG | gift_parser:start_gift_parsing_loop:174 - Cycle 1/1 for user 1487757625
2025-06-03 16:55:22 | DEBUG | gifts:aio_get_available_gifts:31 - Fetched 12 gifts from API
2025-06-03 16:55:22 | INFO | gift_parser:start_gift_parsing_loop:100 - 📊 Gifts fetched - Total: 12, Limited: 1, Unlimited: 11 (will be ignored)
2025-06-03 16:55:22 | INFO | gift_parser:start_gift_parsing_loop:150 - ✅ Database updated with LIMITED gifts only
2025-06-03 16:55:22 | INFO | gift_parser:start_gift_parsing_loop:158 - 👥 Found 1 users with autobuy enabled
2025-06-03 16:55:22 | DEBUG | gift_parser:start_gift_parsing_loop:174 - Cycle 1/1 for user 1487757625
2025-06-03 16:55:25 | DEBUG | gifts:aio_get_available_gifts:31 - Fetched 12 gifts from API
2025-06-03 16:55:25 | INFO | gift_parser:start_gift_parsing_loop:100 - 📊 Gifts fetched - Total: 12, Limited: 1, Unlimited: 11 (will be ignored)
2025-06-03 16:55:25 | INFO | gift_parser:start_gift_parsing_loop:150 - ✅ Database updated with LIMITED gifts only
2025-06-03 16:55:25 | INFO | gift_parser:start_gift_parsing_loop:158 - 👥 Found 1 users with autobuy enabled
2025-06-03 16:55:25 | DEBUG | gift_parser:start_gift_parsing_loop:174 - Cycle 1/1 for user 1487757625
2025-06-03 16:55:29 | DEBUG | gifts:aio_get_available_gifts:31 - Fetched 12 gifts from API
2025-06-03 16:55:29 | INFO | gift_parser:start_gift_parsing_loop:100 - 📊 Gifts fetched - Total: 12, Limited: 1, Unlimited: 11 (will be ignored)
2025-06-03 16:55:29 | INFO | gift_parser:start_gift_parsing_loop:150 - ✅ Database updated with LIMITED gifts only
2025-06-03 16:55:29 | INFO | gift_parser:start_gift_parsing_loop:158 - 👥 Found 1 users with autobuy enabled
2025-06-03 16:55:29 | DEBUG | gift_parser:start_gift_parsing_loop:174 - Cycle 1/1 for user 1487757625
2025-06-03 16:55:32 | DEBUG | gifts:aio_get_available_gifts:31 - Fetched 12 gifts from API
2025-06-03 16:55:32 | INFO | gift_parser:start_gift_parsing_loop:100 - 📊 Gifts fetched - Total: 12, Limited: 1, Unlimited: 11 (will be ignored)
2025-06-03 16:55:32 | INFO | gift_parser:start_gift_parsing_loop:150 - ✅ Database updated with LIMITED gifts only
2025-06-03 16:55:32 | INFO | gift_parser:start_gift_parsing_loop:158 - 👥 Found 1 users with autobuy enabled
2025-06-03 16:55:32 | DEBUG | gift_parser:start_gift_parsing_loop:174 - Cycle 1/1 for user 1487757625
2025-06-03 16:55:35 | DEBUG | gifts:aio_get_available_gifts:31 - Fetched 12 gifts from API
2025-06-03 16:55:35 | INFO | gift_parser:start_gift_parsing_loop:100 - 📊 Gifts fetched - Total: 12, Limited: 1, Unlimited: 11 (will be ignored)
2025-06-03 16:55:35 | INFO | gift_parser:start_gift_parsing_loop:150 - ✅ Database updated with LIMITED gifts only
2025-06-03 16:55:35 | INFO | gift_parser:start_gift_parsing_loop:158 - 👥 Found 1 users with autobuy enabled
2025-06-03 16:55:35 | DEBUG | gift_parser:start_gift_parsing_loop:174 - Cycle 1/1 for user 1487757625
2025-06-03 16:55:38 | DEBUG | gifts:aio_get_available_gifts:31 - Fetched 12 gifts from API
2025-06-03 16:55:38 | INFO | gift_parser:start_gift_parsing_loop:100 - 📊 Gifts fetched - Total: 12, Limited: 1, Unlimited: 11 (will be ignored)
2025-06-03 16:55:38 | INFO | gift_parser:start_gift_parsing_loop:130 - 📝 Updated gift 5782984811920491178: price=350⭐, remaining=91763/500000
2025-06-03 16:55:38 | INFO | gift_parser:start_gift_parsing_loop:150 - ✅ Database updated with LIMITED gifts only
2025-06-03 16:55:38 | INFO | gift_parser:start_gift_parsing_loop:158 - 👥 Found 1 users with autobuy enabled
2025-06-03 16:55:38 | DEBUG | gift_parser:start_gift_parsing_loop:174 - Cycle 1/1 for user 1487757625
2025-06-03 16:55:41 | DEBUG | gifts:aio_get_available_gifts:31 - Fetched 12 gifts from API
2025-06-03 16:55:41 | INFO | gift_parser:start_gift_parsing_loop:100 - 📊 Gifts fetched - Total: 12, Limited: 1, Unlimited: 11 (will be ignored)
2025-06-03 16:55:41 | INFO | gift_parser:start_gift_parsing_loop:150 - ✅ Database updated with LIMITED gifts only
2025-06-03 16:55:41 | INFO | gift_parser:start_gift_parsing_loop:158 - 👥 Found 1 users with autobuy enabled
2025-06-03 16:55:41 | DEBUG | gift_parser:start_gift_parsing_loop:174 - Cycle 1/1 for user 1487757625
2025-06-03 16:55:45 | DEBUG | gifts:aio_get_available_gifts:31 - Fetched 12 gifts from API
2025-06-03 16:55:45 | INFO | gift_parser:start_gift_parsing_loop:100 - 📊 Gifts fetched - Total: 12, Limited: 1, Unlimited: 11 (will be ignored)
2025-06-03 16:55:45 | INFO | gift_parser:start_gift_parsing_loop:130 - 📝 Updated gift 5782984811920491178: price=350⭐, remaining=91762/500000
2025-06-03 16:55:45 | INFO | gift_parser:start_gift_parsing_loop:150 - ✅ Database updated with LIMITED gifts only
2025-06-03 16:55:45 | INFO | gift_parser:start_gift_parsing_loop:158 - 👥 Found 1 users with autobuy enabled
2025-06-03 16:55:45 | DEBUG | gift_parser:start_gift_parsing_loop:174 - Cycle 1/1 for user 1487757625
2025-06-03 16:55:48 | DEBUG | gifts:aio_get_available_gifts:31 - Fetched 12 gifts from API
2025-06-03 16:55:48 | INFO | gift_parser:start_gift_parsing_loop:100 - 📊 Gifts fetched - Total: 12, Limited: 1, Unlimited: 11 (will be ignored)
2025-06-03 16:55:48 | INFO | gift_parser:start_gift_parsing_loop:150 - ✅ Database updated with LIMITED gifts only
2025-06-03 16:55:48 | INFO | gift_parser:start_gift_parsing_loop:158 - 👥 Found 1 users with autobuy enabled
2025-06-03 16:55:48 | DEBUG | gift_parser:start_gift_parsing_loop:174 - Cycle 1/1 for user 1487757625
2025-06-03 16:55:51 | DEBUG | gifts:aio_get_available_gifts:31 - Fetched 12 gifts from API
2025-06-03 16:55:51 | INFO | gift_parser:start_gift_parsing_loop:100 - 📊 Gifts fetched - Total: 12, Limited: 1, Unlimited: 11 (will be ignored)
2025-06-03 16:55:51 | INFO | gift_parser:start_gift_parsing_loop:150 - ✅ Database updated with LIMITED gifts only
2025-06-03 16:55:51 | INFO | gift_parser:start_gift_parsing_loop:158 - 👥 Found 1 users with autobuy enabled
2025-06-03 16:55:51 | DEBUG | gift_parser:start_gift_parsing_loop:174 - Cycle 1/1 for user 1487757625
2025-06-03 16:55:54 | DEBUG | gifts:aio_get_available_gifts:31 - Fetched 12 gifts from API
2025-06-03 16:55:54 | INFO | gift_parser:start_gift_parsing_loop:100 - 📊 Gifts fetched - Total: 12, Limited: 1, Unlimited: 11 (will be ignored)
2025-06-03 16:55:54 | INFO | gift_parser:start_gift_parsing_loop:130 - 📝 Updated gift 5782984811920491178: price=350⭐, remaining=91763/500000
2025-06-03 16:55:54 | INFO | gift_parser:start_gift_parsing_loop:150 - ✅ Database updated with LIMITED gifts only
2025-06-03 16:55:54 | INFO | gift_parser:start_gift_parsing_loop:158 - 👥 Found 1 users with autobuy enabled
2025-06-03 16:55:54 | DEBUG | gift_parser:start_gift_parsing_loop:174 - Cycle 1/1 for user 1487757625
2025-06-03 16:55:58 | DEBUG | gifts:aio_get_available_gifts:31 - Fetched 12 gifts from API
2025-06-03 16:55:58 | INFO | gift_parser:start_gift_parsing_loop:100 - 📊 Gifts fetched - Total: 12, Limited: 1, Unlimited: 11 (will be ignored)
2025-06-03 16:55:58 | INFO | gift_parser:start_gift_parsing_loop:130 - 📝 Updated gift 5782984811920491178: price=350⭐, remaining=91760/500000
2025-06-03 16:55:58 | INFO | gift_parser:start_gift_parsing_loop:150 - ✅ Database updated with LIMITED gifts only
2025-06-03 16:55:58 | INFO | gift_parser:start_gift_parsing_loop:158 - 👥 Found 1 users with autobuy enabled
2025-06-03 16:55:58 | DEBUG | gift_parser:start_gift_parsing_loop:174 - Cycle 1/1 for user 1487757625
2025-06-03 16:56:01 | DEBUG | gifts:aio_get_available_gifts:31 - Fetched 12 gifts from API
2025-06-03 16:56:01 | INFO | gift_parser:start_gift_parsing_loop:100 - 📊 Gifts fetched - Total: 12, Limited: 1, Unlimited: 11 (will be ignored)
2025-06-03 16:56:01 | INFO | gift_parser:start_gift_parsing_loop:130 - 📝 Updated gift 5782984811920491178: price=350⭐, remaining=91764/500000
2025-06-03 16:56:01 | INFO | gift_parser:start_gift_parsing_loop:150 - ✅ Database updated with LIMITED gifts only
2025-06-03 16:56:01 | INFO | gift_parser:start_gift_parsing_loop:158 - 👥 Found 1 users with autobuy enabled
2025-06-03 16:56:01 | DEBUG | gift_parser:start_gift_parsing_loop:174 - Cycle 1/1 for user 1487757625
2025-06-03 16:56:04 | DEBUG | gifts:aio_get_available_gifts:31 - Fetched 12 gifts from API
2025-06-03 16:56:04 | INFO | gift_parser:start_gift_parsing_loop:100 - 📊 Gifts fetched - Total: 12, Limited: 1, Unlimited: 11 (will be ignored)
2025-06-03 16:56:04 | INFO | gift_parser:start_gift_parsing_loop:130 - 📝 Updated gift 5782984811920491178: price=350⭐, remaining=91762/500000
2025-06-03 16:56:04 | INFO | gift_parser:start_gift_parsing_loop:150 - ✅ Database updated with LIMITED gifts only
2025-06-03 16:56:04 | INFO | gift_parser:start_gift_parsing_loop:158 - 👥 Found 1 users with autobuy enabled
2025-06-03 16:56:04 | DEBUG | gift_parser:start_gift_parsing_loop:174 - Cycle 1/1 for user 1487757625
2025-06-03 16:56:07 | DEBUG | gifts:aio_get_available_gifts:31 - Fetched 12 gifts from API
2025-06-03 16:56:07 | INFO | gift_parser:start_gift_parsing_loop:100 - 📊 Gifts fetched - Total: 12, Limited: 1, Unlimited: 11 (will be ignored)
2025-06-03 16:56:07 | INFO | gift_parser:start_gift_parsing_loop:130 - 📝 Updated gift 5782984811920491178: price=350⭐, remaining=91757/500000
2025-06-03 16:56:07 | INFO | gift_parser:start_gift_parsing_loop:150 - ✅ Database updated with LIMITED gifts only
2025-06-03 16:56:07 | INFO | gift_parser:start_gift_parsing_loop:158 - 👥 Found 1 users with autobuy enabled
2025-06-03 16:56:07 | DEBUG | gift_parser:start_gift_parsing_loop:174 - Cycle 1/1 for user 1487757625
2025-06-03 16:56:11 | DEBUG | gifts:aio_get_available_gifts:31 - Fetched 12 gifts from API
2025-06-03 16:56:11 | INFO | gift_parser:start_gift_parsing_loop:100 - 📊 Gifts fetched - Total: 12, Limited: 1, Unlimited: 11 (will be ignored)
2025-06-03 16:56:11 | INFO | gift_parser:start_gift_parsing_loop:130 - 📝 Updated gift 5782984811920491178: price=350⭐, remaining=91762/500000
2025-06-03 16:56:11 | INFO | gift_parser:start_gift_parsing_loop:150 - ✅ Database updated with LIMITED gifts only
2025-06-03 16:56:11 | INFO | gift_parser:start_gift_parsing_loop:158 - 👥 Found 1 users with autobuy enabled
2025-06-03 16:56:11 | DEBUG | gift_parser:start_gift_parsing_loop:174 - Cycle 1/1 for user 1487757625
2025-06-03 16:56:14 | DEBUG | gifts:aio_get_available_gifts:31 - Fetched 12 gifts from API
2025-06-03 16:56:14 | INFO | gift_parser:start_gift_parsing_loop:100 - 📊 Gifts fetched - Total: 12, Limited: 1, Unlimited: 11 (will be ignored)
2025-06-03 16:56:14 | INFO | gift_parser:start_gift_parsing_loop:150 - ✅ Database updated with LIMITED gifts only
2025-06-03 16:56:14 | INFO | gift_parser:start_gift_parsing_loop:158 - 👥 Found 1 users with autobuy enabled
2025-06-03 16:56:14 | DEBUG | gift_parser:start_gift_parsing_loop:174 - Cycle 1/1 for user 1487757625
2025-06-03 16:56:17 | DEBUG | gifts:aio_get_available_gifts:31 - Fetched 12 gifts from API
2025-06-03 16:56:17 | INFO | gift_parser:start_gift_parsing_loop:100 - 📊 Gifts fetched - Total: 12, Limited: 1, Unlimited: 11 (will be ignored)
2025-06-03 16:56:17 | INFO | gift_parser:start_gift_parsing_loop:150 - ✅ Database updated with LIMITED gifts only
2025-06-03 16:56:17 | INFO | gift_parser:start_gift_parsing_loop:158 - 👥 Found 1 users with autobuy enabled
2025-06-03 16:56:17 | DEBUG | gift_parser:start_gift_parsing_loop:174 - Cycle 1/1 for user 1487757625
2025-06-03 16:56:21 | DEBUG | gifts:aio_get_available_gifts:31 - Fetched 12 gifts from API
2025-06-03 16:56:21 | INFO | gift_parser:start_gift_parsing_loop:100 - 📊 Gifts fetched - Total: 12, Limited: 1, Unlimited: 11 (will be ignored)
2025-06-03 16:56:21 | INFO | gift_parser:start_gift_parsing_loop:150 - ✅ Database updated with LIMITED gifts only
2025-06-03 16:56:21 | INFO | gift_parser:start_gift_parsing_loop:158 - 👥 Found 1 users with autobuy enabled
2025-06-03 16:56:21 | DEBUG | gift_parser:start_gift_parsing_loop:174 - Cycle 1/1 for user 1487757625
2025-06-03 16:56:24 | DEBUG | gifts:aio_get_available_gifts:31 - Fetched 12 gifts from API
2025-06-03 16:56:24 | INFO | gift_parser:start_gift_parsing_loop:100 - 📊 Gifts fetched - Total: 12, Limited: 1, Unlimited: 11 (will be ignored)
2025-06-03 16:56:24 | INFO | gift_parser:start_gift_parsing_loop:150 - ✅ Database updated with LIMITED gifts only
2025-06-03 16:56:24 | INFO | gift_parser:start_gift_parsing_loop:158 - 👥 Found 1 users with autobuy enabled
2025-06-03 16:56:24 | DEBUG | gift_parser:start_gift_parsing_loop:174 - Cycle 1/1 for user 1487757625
2025-06-03 16:56:27 | DEBUG | gifts:aio_get_available_gifts:31 - Fetched 12 gifts from API
2025-06-03 16:56:27 | INFO | gift_parser:start_gift_parsing_loop:100 - 📊 Gifts fetched - Total: 12, Limited: 1, Unlimited: 11 (will be ignored)
2025-06-03 16:56:27 | INFO | gift_parser:start_gift_parsing_loop:150 - ✅ Database updated with LIMITED gifts only
2025-06-03 16:56:27 | INFO | gift_parser:start_gift_parsing_loop:158 - 👥 Found 1 users with autobuy enabled
2025-06-03 16:56:27 | DEBUG | gift_parser:start_gift_parsing_loop:174 - Cycle 1/1 for user 1487757625
2025-06-03 16:56:30 | DEBUG | gifts:aio_get_available_gifts:31 - Fetched 12 gifts from API
2025-06-03 16:56:30 | INFO | gift_parser:start_gift_parsing_loop:100 - 📊 Gifts fetched - Total: 12, Limited: 1, Unlimited: 11 (will be ignored)
2025-06-03 16:56:30 | INFO | gift_parser:start_gift_parsing_loop:130 - 📝 Updated gift 5782984811920491178: price=350⭐, remaining=91760/500000
2025-06-03 16:56:30 | INFO | gift_parser:start_gift_parsing_loop:150 - ✅ Database updated with LIMITED gifts only
2025-06-03 16:56:30 | INFO | gift_parser:start_gift_parsing_loop:158 - 👥 Found 1 users with autobuy enabled
2025-06-03 16:56:30 | DEBUG | gift_parser:start_gift_parsing_loop:174 - Cycle 1/1 for user 1487757625
2025-06-03 16:56:34 | DEBUG | gifts:aio_get_available_gifts:31 - Fetched 12 gifts from API
2025-06-03 16:56:34 | INFO | gift_parser:start_gift_parsing_loop:100 - 📊 Gifts fetched - Total: 12, Limited: 1, Unlimited: 11 (will be ignored)
2025-06-03 16:56:34 | INFO | gift_parser:start_gift_parsing_loop:130 - 📝 Updated gift 5782984811920491178: price=350⭐, remaining=91756/500000
2025-06-03 16:56:34 | INFO | gift_parser:start_gift_parsing_loop:150 - ✅ Database updated with LIMITED gifts only
2025-06-03 16:56:34 | INFO | gift_parser:start_gift_parsing_loop:158 - 👥 Found 1 users with autobuy enabled
2025-06-03 16:56:34 | DEBUG | gift_parser:start_gift_parsing_loop:174 - Cycle 1/1 for user 1487757625
2025-06-03 16:56:37 | DEBUG | gifts:aio_get_available_gifts:31 - Fetched 12 gifts from API
2025-06-03 16:56:37 | INFO | gift_parser:start_gift_parsing_loop:100 - 📊 Gifts fetched - Total: 12, Limited: 1, Unlimited: 11 (will be ignored)
2025-06-03 16:56:37 | INFO | gift_parser:start_gift_parsing_loop:130 - 📝 Updated gift 5782984811920491178: price=350⭐, remaining=91754/500000
2025-06-03 16:56:37 | INFO | gift_parser:start_gift_parsing_loop:150 - ✅ Database updated with LIMITED gifts only
2025-06-03 16:56:37 | INFO | gift_parser:start_gift_parsing_loop:158 - 👥 Found 1 users with autobuy enabled
2025-06-03 16:56:37 | DEBUG | gift_parser:start_gift_parsing_loop:174 - Cycle 1/1 for user 1487757625
2025-06-03 16:56:40 | DEBUG | gifts:aio_get_available_gifts:31 - Fetched 12 gifts from API
2025-06-03 16:56:40 | INFO | gift_parser:start_gift_parsing_loop:100 - 📊 Gifts fetched - Total: 12, Limited: 1, Unlimited: 11 (will be ignored)
2025-06-03 16:56:40 | INFO | gift_parser:start_gift_parsing_loop:150 - ✅ Database updated with LIMITED gifts only
2025-06-03 16:56:40 | INFO | gift_parser:start_gift_parsing_loop:158 - 👥 Found 1 users with autobuy enabled
2025-06-03 16:56:40 | DEBUG | gift_parser:start_gift_parsing_loop:174 - Cycle 1/1 for user 1487757625
2025-06-03 16:56:43 | DEBUG | gifts:aio_get_available_gifts:31 - Fetched 12 gifts from API
2025-06-03 16:56:43 | INFO | gift_parser:start_gift_parsing_loop:100 - 📊 Gifts fetched - Total: 12, Limited: 1, Unlimited: 11 (will be ignored)
2025-06-03 16:56:43 | INFO | gift_parser:start_gift_parsing_loop:150 - ✅ Database updated with LIMITED gifts only
2025-06-03 16:56:43 | INFO | gift_parser:start_gift_parsing_loop:158 - 👥 Found 1 users with autobuy enabled
2025-06-03 16:56:43 | DEBUG | gift_parser:start_gift_parsing_loop:174 - Cycle 1/1 for user 1487757625
2025-06-03 16:56:47 | DEBUG | gifts:aio_get_available_gifts:31 - Fetched 12 gifts from API
2025-06-03 16:56:47 | INFO | gift_parser:start_gift_parsing_loop:100 - 📊 Gifts fetched - Total: 12, Limited: 1, Unlimited: 11 (will be ignored)
2025-06-03 16:56:47 | INFO | gift_parser:start_gift_parsing_loop:130 - 📝 Updated gift 5782984811920491178: price=350⭐, remaining=91756/500000
2025-06-03 16:56:47 | INFO | gift_parser:start_gift_parsing_loop:150 - ✅ Database updated with LIMITED gifts only
2025-06-03 16:56:47 | INFO | gift_parser:start_gift_parsing_loop:158 - 👥 Found 1 users with autobuy enabled
2025-06-03 16:56:47 | DEBUG | gift_parser:start_gift_parsing_loop:174 - Cycle 1/1 for user 1487757625
2025-06-03 16:56:50 | DEBUG | gifts:aio_get_available_gifts:31 - Fetched 12 gifts from API
2025-06-03 16:56:50 | INFO | gift_parser:start_gift_parsing_loop:100 - 📊 Gifts fetched - Total: 12, Limited: 1, Unlimited: 11 (will be ignored)
2025-06-03 16:56:50 | INFO | gift_parser:start_gift_parsing_loop:150 - ✅ Database updated with LIMITED gifts only
2025-06-03 16:56:50 | INFO | gift_parser:start_gift_parsing_loop:158 - 👥 Found 1 users with autobuy enabled
2025-06-03 16:56:50 | DEBUG | gift_parser:start_gift_parsing_loop:174 - Cycle 1/1 for user 1487757625
2025-06-03 16:56:53 | DEBUG | gifts:aio_get_available_gifts:31 - Fetched 12 gifts from API
2025-06-03 16:56:53 | INFO | gift_parser:start_gift_parsing_loop:100 - 📊 Gifts fetched - Total: 12, Limited: 1, Unlimited: 11 (will be ignored)
2025-06-03 16:56:53 | INFO | gift_parser:start_gift_parsing_loop:150 - ✅ Database updated with LIMITED gifts only
2025-06-03 16:56:53 | INFO | gift_parser:start_gift_parsing_loop:158 - 👥 Found 1 users with autobuy enabled
2025-06-03 16:56:53 | DEBUG | gift_parser:start_gift_parsing_loop:174 - Cycle 1/1 for user 1487757625
2025-06-03 16:56:56 | DEBUG | gifts:aio_get_available_gifts:31 - Fetched 12 gifts from API
2025-06-03 16:56:56 | INFO | gift_parser:start_gift_parsing_loop:100 - 📊 Gifts fetched - Total: 12, Limited: 1, Unlimited: 11 (will be ignored)
2025-06-03 16:56:56 | INFO | gift_parser:start_gift_parsing_loop:130 - 📝 Updated gift 5782984811920491178: price=350⭐, remaining=91754/500000
2025-06-03 16:56:56 | INFO | gift_parser:start_gift_parsing_loop:150 - ✅ Database updated with LIMITED gifts only
2025-06-03 16:56:56 | INFO | gift_parser:start_gift_parsing_loop:158 - 👥 Found 1 users with autobuy enabled
2025-06-03 16:56:56 | DEBUG | gift_parser:start_gift_parsing_loop:174 - Cycle 1/1 for user 1487757625
2025-06-03 16:57:00 | DEBUG | gifts:aio_get_available_gifts:31 - Fetched 12 gifts from API
2025-06-03 16:57:00 | INFO | gift_parser:start_gift_parsing_loop:100 - 📊 Gifts fetched - Total: 12, Limited: 1, Unlimited: 11 (will be ignored)
2025-06-03 16:57:00 | INFO | gift_parser:start_gift_parsing_loop:130 - 📝 Updated gift 5782984811920491178: price=350⭐, remaining=91756/500000
2025-06-03 16:57:00 | INFO | gift_parser:start_gift_parsing_loop:150 - ✅ Database updated with LIMITED gifts only
2025-06-03 16:57:00 | INFO | gift_parser:start_gift_parsing_loop:158 - 👥 Found 1 users with autobuy enabled
2025-06-03 16:57:00 | DEBUG | gift_parser:start_gift_parsing_loop:174 - Cycle 1/1 for user 1487757625
2025-06-03 16:57:03 | DEBUG | gifts:aio_get_available_gifts:31 - Fetched 12 gifts from API
2025-06-03 16:57:03 | INFO | gift_parser:start_gift_parsing_loop:100 - 📊 Gifts fetched - Total: 12, Limited: 1, Unlimited: 11 (will be ignored)
2025-06-03 16:57:03 | INFO | gift_parser:start_gift_parsing_loop:130 - 📝 Updated gift 5782984811920491178: price=350⭐, remaining=91754/500000
2025-06-03 16:57:03 | INFO | gift_parser:start_gift_parsing_loop:150 - ✅ Database updated with LIMITED gifts only
2025-06-03 16:57:03 | INFO | gift_parser:start_gift_parsing_loop:158 - 👥 Found 1 users with autobuy enabled
2025-06-03 16:57:03 | DEBUG | gift_parser:start_gift_parsing_loop:174 - Cycle 1/1 for user 1487757625
2025-06-03 16:57:06 | DEBUG | gifts:aio_get_available_gifts:31 - Fetched 12 gifts from API
2025-06-03 16:57:06 | INFO | gift_parser:start_gift_parsing_loop:100 - 📊 Gifts fetched - Total: 12, Limited: 1, Unlimited: 11 (will be ignored)
2025-06-03 16:57:06 | INFO | gift_parser:start_gift_parsing_loop:150 - ✅ Database updated with LIMITED gifts only
2025-06-03 16:57:06 | INFO | gift_parser:start_gift_parsing_loop:158 - 👥 Found 1 users with autobuy enabled
2025-06-03 16:57:06 | DEBUG | gift_parser:start_gift_parsing_loop:174 - Cycle 1/1 for user 1487757625
2025-06-03 16:57:09 | DEBUG | gifts:aio_get_available_gifts:31 - Fetched 12 gifts from API
2025-06-03 16:57:09 | INFO | gift_parser:start_gift_parsing_loop:100 - 📊 Gifts fetched - Total: 12, Limited: 1, Unlimited: 11 (will be ignored)
2025-06-03 16:57:09 | INFO | gift_parser:start_gift_parsing_loop:130 - 📝 Updated gift 5782984811920491178: price=350⭐, remaining=91756/500000
2025-06-03 16:57:09 | INFO | gift_parser:start_gift_parsing_loop:150 - ✅ Database updated with LIMITED gifts only
2025-06-03 16:57:09 | INFO | gift_parser:start_gift_parsing_loop:158 - 👥 Found 1 users with autobuy enabled
2025-06-03 16:57:09 | DEBUG | gift_parser:start_gift_parsing_loop:174 - Cycle 1/1 for user 1487757625
2025-06-03 16:57:13 | DEBUG | gifts:aio_get_available_gifts:31 - Fetched 12 gifts from API
2025-06-03 16:57:13 | INFO | gift_parser:start_gift_parsing_loop:100 - 📊 Gifts fetched - Total: 12, Limited: 1, Unlimited: 11 (will be ignored)
2025-06-03 16:57:13 | INFO | gift_parser:start_gift_parsing_loop:130 - 📝 Updated gift 5782984811920491178: price=350⭐, remaining=91753/500000
2025-06-03 16:57:13 | INFO | gift_parser:start_gift_parsing_loop:150 - ✅ Database updated with LIMITED gifts only
2025-06-03 16:57:13 | INFO | gift_parser:start_gift_parsing_loop:158 - 👥 Found 1 users with autobuy enabled
2025-06-03 16:57:13 | DEBUG | gift_parser:start_gift_parsing_loop:174 - Cycle 1/1 for user 1487757625
2025-06-03 16:57:16 | DEBUG | gifts:aio_get_available_gifts:31 - Fetched 12 gifts from API
2025-06-03 16:57:16 | INFO | gift_parser:start_gift_parsing_loop:100 - 📊 Gifts fetched - Total: 12, Limited: 1, Unlimited: 11 (will be ignored)
2025-06-03 16:57:16 | INFO | gift_parser:start_gift_parsing_loop:130 - 📝 Updated gift 5782984811920491178: price=350⭐, remaining=91747/500000
2025-06-03 16:57:16 | INFO | gift_parser:start_gift_parsing_loop:150 - ✅ Database updated with LIMITED gifts only
2025-06-03 16:57:16 | INFO | gift_parser:start_gift_parsing_loop:158 - 👥 Found 1 users with autobuy enabled
2025-06-03 16:57:16 | DEBUG | gift_parser:start_gift_parsing_loop:174 - Cycle 1/1 for user 1487757625
2025-06-03 16:57:19 | DEBUG | gifts:aio_get_available_gifts:31 - Fetched 12 gifts from API
2025-06-03 16:57:19 | INFO | gift_parser:start_gift_parsing_loop:100 - 📊 Gifts fetched - Total: 12, Limited: 1, Unlimited: 11 (will be ignored)
2025-06-03 16:57:19 | INFO | gift_parser:start_gift_parsing_loop:150 - ✅ Database updated with LIMITED gifts only
2025-06-03 16:57:19 | INFO | gift_parser:start_gift_parsing_loop:158 - 👥 Found 1 users with autobuy enabled
2025-06-03 16:57:19 | DEBUG | gift_parser:start_gift_parsing_loop:174 - Cycle 1/1 for user 1487757625
2025-06-03 16:57:23 | DEBUG | gifts:aio_get_available_gifts:31 - Fetched 12 gifts from API
2025-06-03 16:57:23 | INFO | gift_parser:start_gift_parsing_loop:100 - 📊 Gifts fetched - Total: 12, Limited: 1, Unlimited: 11 (will be ignored)
2025-06-03 16:57:23 | INFO | gift_parser:start_gift_parsing_loop:130 - 📝 Updated gift 5782984811920491178: price=350⭐, remaining=91750/500000
2025-06-03 16:57:23 | INFO | gift_parser:start_gift_parsing_loop:150 - ✅ Database updated with LIMITED gifts only
2025-06-03 16:57:23 | INFO | gift_parser:start_gift_parsing_loop:158 - 👥 Found 1 users with autobuy enabled
2025-06-03 16:57:23 | DEBUG | gift_parser:start_gift_parsing_loop:174 - Cycle 1/1 for user 1487757625
2025-06-03 16:57:26 | DEBUG | gifts:aio_get_available_gifts:31 - Fetched 12 gifts from API
2025-06-03 16:57:26 | INFO | gift_parser:start_gift_parsing_loop:100 - 📊 Gifts fetched - Total: 12, Limited: 1, Unlimited: 11 (will be ignored)
2025-06-03 16:57:26 | INFO | gift_parser:start_gift_parsing_loop:130 - 📝 Updated gift 5782984811920491178: price=350⭐, remaining=91753/500000
2025-06-03 16:57:26 | INFO | gift_parser:start_gift_parsing_loop:150 - ✅ Database updated with LIMITED gifts only
2025-06-03 16:57:26 | INFO | gift_parser:start_gift_parsing_loop:158 - 👥 Found 1 users with autobuy enabled
2025-06-03 16:57:26 | DEBUG | gift_parser:start_gift_parsing_loop:174 - Cycle 1/1 for user 1487757625
2025-06-03 16:57:29 | DEBUG | gifts:aio_get_available_gifts:31 - Fetched 12 gifts from API
2025-06-03 16:57:29 | INFO | gift_parser:start_gift_parsing_loop:100 - 📊 Gifts fetched - Total: 12, Limited: 1, Unlimited: 11 (will be ignored)
2025-06-03 16:57:29 | INFO | gift_parser:start_gift_parsing_loop:130 - 📝 Updated gift 5782984811920491178: price=350⭐, remaining=91747/500000
2025-06-03 16:57:29 | INFO | gift_parser:start_gift_parsing_loop:150 - ✅ Database updated with LIMITED gifts only
2025-06-03 16:57:29 | INFO | gift_parser:start_gift_parsing_loop:158 - 👥 Found 1 users with autobuy enabled
2025-06-03 16:57:29 | DEBUG | gift_parser:start_gift_parsing_loop:174 - Cycle 1/1 for user 1487757625
2025-06-03 16:57:32 | DEBUG | gifts:aio_get_available_gifts:31 - Fetched 12 gifts from API
2025-06-03 16:57:32 | INFO | gift_parser:start_gift_parsing_loop:100 - 📊 Gifts fetched - Total: 12, Limited: 1, Unlimited: 11 (will be ignored)
2025-06-03 16:57:32 | INFO | gift_parser:start_gift_parsing_loop:130 - 📝 Updated gift 5782984811920491178: price=350⭐, remaining=91746/500000
2025-06-03 16:57:32 | INFO | gift_parser:start_gift_parsing_loop:150 - ✅ Database updated with LIMITED gifts only
2025-06-03 16:57:32 | INFO | gift_parser:start_gift_parsing_loop:158 - 👥 Found 1 users with autobuy enabled
2025-06-03 16:57:32 | DEBUG | gift_parser:start_gift_parsing_loop:174 - Cycle 1/1 for user 1487757625
2025-06-03 16:57:36 | DEBUG | gifts:aio_get_available_gifts:31 - Fetched 12 gifts from API
2025-06-03 16:57:36 | INFO | gift_parser:start_gift_parsing_loop:100 - 📊 Gifts fetched - Total: 12, Limited: 1, Unlimited: 11 (will be ignored)
2025-06-03 16:57:36 | INFO | gift_parser:start_gift_parsing_loop:150 - ✅ Database updated with LIMITED gifts only
2025-06-03 16:57:36 | INFO | gift_parser:start_gift_parsing_loop:158 - 👥 Found 1 users with autobuy enabled
2025-06-03 16:57:36 | DEBUG | gift_parser:start_gift_parsing_loop:174 - Cycle 1/1 for user 1487757625
2025-06-03 16:57:39 | DEBUG | gifts:aio_get_available_gifts:31 - Fetched 12 gifts from API
2025-06-03 16:57:39 | INFO | gift_parser:start_gift_parsing_loop:100 - 📊 Gifts fetched - Total: 12, Limited: 1, Unlimited: 11 (will be ignored)
2025-06-03 16:57:39 | INFO | gift_parser:start_gift_parsing_loop:130 - 📝 Updated gift 5782984811920491178: price=350⭐, remaining=91750/500000
2025-06-03 16:57:39 | INFO | gift_parser:start_gift_parsing_loop:150 - ✅ Database updated with LIMITED gifts only
2025-06-03 16:57:39 | INFO | gift_parser:start_gift_parsing_loop:158 - 👥 Found 1 users with autobuy enabled
2025-06-03 16:57:39 | DEBUG | gift_parser:start_gift_parsing_loop:174 - Cycle 1/1 for user 1487757625
2025-06-03 16:57:42 | DEBUG | gifts:aio_get_available_gifts:31 - Fetched 12 gifts from API
2025-06-03 16:57:42 | INFO | gift_parser:start_gift_parsing_loop:100 - 📊 Gifts fetched - Total: 12, Limited: 1, Unlimited: 11 (will be ignored)
2025-06-03 16:57:42 | INFO | gift_parser:start_gift_parsing_loop:130 - 📝 Updated gift 5782984811920491178: price=350⭐, remaining=91747/500000
2025-06-03 16:57:42 | INFO | gift_parser:start_gift_parsing_loop:150 - ✅ Database updated with LIMITED gifts only
2025-06-03 16:57:42 | INFO | gift_parser:start_gift_parsing_loop:158 - 👥 Found 1 users with autobuy enabled
2025-06-03 16:57:42 | DEBUG | gift_parser:start_gift_parsing_loop:174 - Cycle 1/1 for user 1487757625
2025-06-03 16:57:45 | DEBUG | gifts:aio_get_available_gifts:31 - Fetched 12 gifts from API
2025-06-03 16:57:45 | INFO | gift_parser:start_gift_parsing_loop:100 - 📊 Gifts fetched - Total: 12, Limited: 1, Unlimited: 11 (will be ignored)
2025-06-03 16:57:45 | INFO | gift_parser:start_gift_parsing_loop:150 - ✅ Database updated with LIMITED gifts only
2025-06-03 16:57:45 | INFO | gift_parser:start_gift_parsing_loop:158 - 👥 Found 1 users with autobuy enabled
2025-06-03 16:57:45 | DEBUG | gift_parser:start_gift_parsing_loop:174 - Cycle 1/1 for user 1487757625
2025-06-03 16:57:48 | DEBUG | gifts:aio_get_available_gifts:31 - Fetched 12 gifts from API
2025-06-03 16:57:48 | INFO | gift_parser:start_gift_parsing_loop:100 - 📊 Gifts fetched - Total: 12, Limited: 1, Unlimited: 11 (will be ignored)
2025-06-03 16:57:48 | INFO | gift_parser:start_gift_parsing_loop:130 - 📝 Updated gift 5782984811920491178: price=350⭐, remaining=91746/500000
2025-06-03 16:57:48 | INFO | gift_parser:start_gift_parsing_loop:150 - ✅ Database updated with LIMITED gifts only
2025-06-03 16:57:48 | INFO | gift_parser:start_gift_parsing_loop:158 - 👥 Found 1 users with autobuy enabled
2025-06-03 16:57:48 | DEBUG | gift_parser:start_gift_parsing_loop:174 - Cycle 1/1 for user 1487757625
2025-06-03 16:57:52 | DEBUG | gifts:aio_get_available_gifts:31 - Fetched 12 gifts from API
2025-06-03 16:57:52 | INFO | gift_parser:start_gift_parsing_loop:100 - 📊 Gifts fetched - Total: 12, Limited: 1, Unlimited: 11 (will be ignored)
2025-06-03 16:57:52 | INFO | gift_parser:start_gift_parsing_loop:150 - ✅ Database updated with LIMITED gifts only
2025-06-03 16:57:52 | INFO | gift_parser:start_gift_parsing_loop:158 - 👥 Found 1 users with autobuy enabled
2025-06-03 16:57:52 | DEBUG | gift_parser:start_gift_parsing_loop:174 - Cycle 1/1 for user 1487757625
2025-06-03 16:57:55 | DEBUG | gifts:aio_get_available_gifts:31 - Fetched 12 gifts from API
2025-06-03 16:57:55 | INFO | gift_parser:start_gift_parsing_loop:100 - 📊 Gifts fetched - Total: 12, Limited: 1, Unlimited: 11 (will be ignored)
2025-06-03 16:57:55 | INFO | gift_parser:start_gift_parsing_loop:150 - ✅ Database updated with LIMITED gifts only
2025-06-03 16:57:55 | INFO | gift_parser:start_gift_parsing_loop:158 - 👥 Found 1 users with autobuy enabled
2025-06-03 16:57:55 | DEBUG | gift_parser:start_gift_parsing_loop:174 - Cycle 1/1 for user 1487757625
2025-06-03 16:57:58 | DEBUG | gifts:aio_get_available_gifts:31 - Fetched 12 gifts from API
2025-06-03 16:57:58 | INFO | gift_parser:start_gift_parsing_loop:100 - 📊 Gifts fetched - Total: 12, Limited: 1, Unlimited: 11 (will be ignored)
2025-06-03 16:57:58 | INFO | gift_parser:start_gift_parsing_loop:130 - 📝 Updated gift 5782984811920491178: price=350⭐, remaining=91747/500000
2025-06-03 16:57:58 | INFO | gift_parser:start_gift_parsing_loop:150 - ✅ Database updated with LIMITED gifts only
2025-06-03 16:57:58 | INFO | gift_parser:start_gift_parsing_loop:158 - 👥 Found 1 users with autobuy enabled
2025-06-03 16:57:58 | DEBUG | gift_parser:start_gift_parsing_loop:174 - Cycle 1/1 for user 1487757625
2025-06-03 16:58:01 | DEBUG | gifts:aio_get_available_gifts:31 - Fetched 12 gifts from API
2025-06-03 16:58:01 | INFO | gift_parser:start_gift_parsing_loop:100 - 📊 Gifts fetched - Total: 12, Limited: 1, Unlimited: 11 (will be ignored)
2025-06-03 16:58:01 | INFO | gift_parser:start_gift_parsing_loop:130 - 📝 Updated gift 5782984811920491178: price=350⭐, remaining=91746/500000
2025-06-03 16:58:01 | INFO | gift_parser:start_gift_parsing_loop:150 - ✅ Database updated with LIMITED gifts only
2025-06-03 16:58:01 | INFO | gift_parser:start_gift_parsing_loop:158 - 👥 Found 1 users with autobuy enabled
2025-06-03 16:58:01 | DEBUG | gift_parser:start_gift_parsing_loop:174 - Cycle 1/1 for user 1487757625
2025-06-03 16:58:05 | DEBUG | gifts:aio_get_available_gifts:31 - Fetched 12 gifts from API
2025-06-03 16:58:05 | INFO | gift_parser:start_gift_parsing_loop:100 - 📊 Gifts fetched - Total: 12, Limited: 1, Unlimited: 11 (will be ignored)
2025-06-03 16:58:05 | INFO | gift_parser:start_gift_parsing_loop:130 - 📝 Updated gift 5782984811920491178: price=350⭐, remaining=91742/500000
2025-06-03 16:58:05 | INFO | gift_parser:start_gift_parsing_loop:150 - ✅ Database updated with LIMITED gifts only
2025-06-03 16:58:05 | INFO | gift_parser:start_gift_parsing_loop:158 - 👥 Found 1 users with autobuy enabled
2025-06-03 16:58:05 | DEBUG | gift_parser:start_gift_parsing_loop:174 - Cycle 1/1 for user 1487757625
2025-06-03 16:58:08 | DEBUG | gifts:aio_get_available_gifts:31 - Fetched 12 gifts from API
2025-06-03 16:58:08 | INFO | gift_parser:start_gift_parsing_loop:100 - 📊 Gifts fetched - Total: 12, Limited: 1, Unlimited: 11 (will be ignored)
2025-06-03 16:58:08 | INFO | gift_parser:start_gift_parsing_loop:130 - 📝 Updated gift 5782984811920491178: price=350⭐, remaining=91746/500000
2025-06-03 16:58:08 | INFO | gift_parser:start_gift_parsing_loop:150 - ✅ Database updated with LIMITED gifts only
2025-06-03 16:58:08 | INFO | gift_parser:start_gift_parsing_loop:158 - 👥 Found 1 users with autobuy enabled
2025-06-03 16:58:08 | DEBUG | gift_parser:start_gift_parsing_loop:174 - Cycle 1/1 for user 1487757625
2025-06-03 16:58:11 | DEBUG | gifts:aio_get_available_gifts:31 - Fetched 12 gifts from API
2025-06-03 16:58:11 | INFO | gift_parser:start_gift_parsing_loop:100 - 📊 Gifts fetched - Total: 12, Limited: 1, Unlimited: 11 (will be ignored)
2025-06-03 16:58:11 | INFO | gift_parser:start_gift_parsing_loop:130 - 📝 Updated gift 5782984811920491178: price=350⭐, remaining=91741/500000
2025-06-03 16:58:11 | INFO | gift_parser:start_gift_parsing_loop:150 - ✅ Database updated with LIMITED gifts only
2025-06-03 16:58:11 | INFO | gift_parser:start_gift_parsing_loop:158 - 👥 Found 1 users with autobuy enabled
2025-06-03 16:58:11 | DEBUG | gift_parser:start_gift_parsing_loop:174 - Cycle 1/1 for user 1487757625
2025-06-03 16:58:14 | DEBUG | gifts:aio_get_available_gifts:31 - Fetched 12 gifts from API
2025-06-03 16:58:14 | INFO | gift_parser:start_gift_parsing_loop:100 - 📊 Gifts fetched - Total: 12, Limited: 1, Unlimited: 11 (will be ignored)
2025-06-03 16:58:14 | INFO | gift_parser:start_gift_parsing_loop:150 - ✅ Database updated with LIMITED gifts only
2025-06-03 16:58:14 | INFO | gift_parser:start_gift_parsing_loop:158 - 👥 Found 1 users with autobuy enabled
2025-06-03 16:58:14 | DEBUG | gift_parser:start_gift_parsing_loop:174 - Cycle 1/1 for user 1487757625
2025-06-03 16:58:18 | DEBUG | gifts:aio_get_available_gifts:31 - Fetched 12 gifts from API
2025-06-03 16:58:18 | INFO | gift_parser:start_gift_parsing_loop:100 - 📊 Gifts fetched - Total: 12, Limited: 1, Unlimited: 11 (will be ignored)
2025-06-03 16:58:18 | INFO | gift_parser:start_gift_parsing_loop:150 - ✅ Database updated with LIMITED gifts only
2025-06-03 16:58:18 | INFO | gift_parser:start_gift_parsing_loop:158 - 👥 Found 1 users with autobuy enabled
2025-06-03 16:58:18 | DEBUG | gift_parser:start_gift_parsing_loop:174 - Cycle 1/1 for user 1487757625
2025-06-03 16:58:21 | DEBUG | gifts:aio_get_available_gifts:31 - Fetched 12 gifts from API
2025-06-03 16:58:21 | INFO | gift_parser:start_gift_parsing_loop:100 - 📊 Gifts fetched - Total: 12, Limited: 1, Unlimited: 11 (will be ignored)
2025-06-03 16:58:21 | INFO | gift_parser:start_gift_parsing_loop:150 - ✅ Database updated with LIMITED gifts only
2025-06-03 16:58:21 | INFO | gift_parser:start_gift_parsing_loop:158 - 👥 Found 1 users with autobuy enabled
2025-06-03 16:58:21 | DEBUG | gift_parser:start_gift_parsing_loop:174 - Cycle 1/1 for user 1487757625
2025-06-03 16:58:24 | DEBUG | gifts:aio_get_available_gifts:31 - Fetched 12 gifts from API
2025-06-03 16:58:24 | INFO | gift_parser:start_gift_parsing_loop:100 - 📊 Gifts fetched - Total: 12, Limited: 1, Unlimited: 11 (will be ignored)
2025-06-03 16:58:24 | INFO | gift_parser:start_gift_parsing_loop:150 - ✅ Database updated with LIMITED gifts only
2025-06-03 16:58:24 | INFO | gift_parser:start_gift_parsing_loop:158 - 👥 Found 1 users with autobuy enabled
2025-06-03 16:58:24 | DEBUG | gift_parser:start_gift_parsing_loop:174 - Cycle 1/1 for user 1487757625
2025-06-03 16:58:27 | DEBUG | gifts:aio_get_available_gifts:31 - Fetched 12 gifts from API
2025-06-03 16:58:27 | INFO | gift_parser:start_gift_parsing_loop:100 - 📊 Gifts fetched - Total: 12, Limited: 1, Unlimited: 11 (will be ignored)
2025-06-03 16:58:27 | INFO | gift_parser:start_gift_parsing_loop:150 - ✅ Database updated with LIMITED gifts only
2025-06-03 16:58:27 | INFO | gift_parser:start_gift_parsing_loop:158 - 👥 Found 1 users with autobuy enabled
2025-06-03 16:58:27 | DEBUG | gift_parser:start_gift_parsing_loop:174 - Cycle 1/1 for user 1487757625
2025-06-03 16:58:30 | DEBUG | gifts:aio_get_available_gifts:31 - Fetched 12 gifts from API
2025-06-03 16:58:30 | INFO | gift_parser:start_gift_parsing_loop:100 - 📊 Gifts fetched - Total: 12, Limited: 1, Unlimited: 11 (will be ignored)
2025-06-03 16:58:30 | INFO | gift_parser:start_gift_parsing_loop:130 - 📝 Updated gift 5782984811920491178: price=350⭐, remaining=91742/500000
2025-06-03 16:58:30 | INFO | gift_parser:start_gift_parsing_loop:150 - ✅ Database updated with LIMITED gifts only
2025-06-03 16:58:30 | INFO | gift_parser:start_gift_parsing_loop:158 - 👥 Found 1 users with autobuy enabled
2025-06-03 16:58:30 | DEBUG | gift_parser:start_gift_parsing_loop:174 - Cycle 1/1 for user 1487757625
2025-06-03 16:58:34 | DEBUG | gifts:aio_get_available_gifts:31 - Fetched 12 gifts from API
2025-06-03 16:58:34 | INFO | gift_parser:start_gift_parsing_loop:100 - 📊 Gifts fetched - Total: 12, Limited: 1, Unlimited: 11 (will be ignored)
2025-06-03 16:58:34 | INFO | gift_parser:start_gift_parsing_loop:130 - 📝 Updated gift 5782984811920491178: price=350⭐, remaining=91741/500000
2025-06-03 16:58:34 | INFO | gift_parser:start_gift_parsing_loop:150 - ✅ Database updated with LIMITED gifts only
2025-06-03 16:58:34 | INFO | gift_parser:start_gift_parsing_loop:158 - 👥 Found 1 users with autobuy enabled
2025-06-03 16:58:34 | DEBUG | gift_parser:start_gift_parsing_loop:174 - Cycle 1/1 for user 1487757625
2025-06-03 16:58:37 | DEBUG | gifts:aio_get_available_gifts:31 - Fetched 12 gifts from API
2025-06-03 16:58:37 | INFO | gift_parser:start_gift_parsing_loop:100 - 📊 Gifts fetched - Total: 12, Limited: 1, Unlimited: 11 (will be ignored)
2025-06-03 16:58:37 | INFO | gift_parser:start_gift_parsing_loop:130 - 📝 Updated gift 5782984811920491178: price=350⭐, remaining=91744/500000
2025-06-03 16:58:37 | INFO | gift_parser:start_gift_parsing_loop:150 - ✅ Database updated with LIMITED gifts only
2025-06-03 16:58:37 | INFO | gift_parser:start_gift_parsing_loop:158 - 👥 Found 1 users with autobuy enabled
2025-06-03 16:58:37 | DEBUG | gift_parser:start_gift_parsing_loop:174 - Cycle 1/1 for user 1487757625
2025-06-03 16:58:40 | DEBUG | gifts:aio_get_available_gifts:31 - Fetched 12 gifts from API
2025-06-03 16:58:40 | INFO | gift_parser:start_gift_parsing_loop:100 - 📊 Gifts fetched - Total: 12, Limited: 1, Unlimited: 11 (will be ignored)
2025-06-03 16:58:40 | INFO | gift_parser:start_gift_parsing_loop:130 - 📝 Updated gift 5782984811920491178: price=350⭐, remaining=91742/500000
2025-06-03 16:58:40 | INFO | gift_parser:start_gift_parsing_loop:150 - ✅ Database updated with LIMITED gifts only
2025-06-03 16:58:40 | INFO | gift_parser:start_gift_parsing_loop:158 - 👥 Found 1 users with autobuy enabled
2025-06-03 16:58:40 | DEBUG | gift_parser:start_gift_parsing_loop:174 - Cycle 1/1 for user 1487757625
2025-06-03 16:58:43 | DEBUG | gifts:aio_get_available_gifts:31 - Fetched 12 gifts from API
2025-06-03 16:58:43 | INFO | gift_parser:start_gift_parsing_loop:100 - 📊 Gifts fetched - Total: 12, Limited: 1, Unlimited: 11 (will be ignored)
2025-06-03 16:58:43 | INFO | gift_parser:start_gift_parsing_loop:130 - 📝 Updated gift 5782984811920491178: price=350⭐, remaining=91741/500000
2025-06-03 16:58:43 | INFO | gift_parser:start_gift_parsing_loop:150 - ✅ Database updated with LIMITED gifts only
2025-06-03 16:58:43 | INFO | gift_parser:start_gift_parsing_loop:158 - 👥 Found 1 users with autobuy enabled
2025-06-03 16:58:43 | DEBUG | gift_parser:start_gift_parsing_loop:174 - Cycle 1/1 for user 1487757625
2025-06-03 16:58:47 | DEBUG | gifts:aio_get_available_gifts:31 - Fetched 12 gifts from API
2025-06-03 16:58:47 | INFO | gift_parser:start_gift_parsing_loop:100 - 📊 Gifts fetched - Total: 12, Limited: 1, Unlimited: 11 (will be ignored)
2025-06-03 16:58:47 | INFO | gift_parser:start_gift_parsing_loop:130 - 📝 Updated gift 5782984811920491178: price=350⭐, remaining=91742/500000
2025-06-03 16:58:47 | INFO | gift_parser:start_gift_parsing_loop:150 - ✅ Database updated with LIMITED gifts only
2025-06-03 16:58:47 | INFO | gift_parser:start_gift_parsing_loop:158 - 👥 Found 1 users with autobuy enabled
2025-06-03 16:58:47 | DEBUG | gift_parser:start_gift_parsing_loop:174 - Cycle 1/1 for user 1487757625
2025-06-03 16:58:50 | DEBUG | gifts:aio_get_available_gifts:31 - Fetched 12 gifts from API
2025-06-03 16:58:50 | INFO | gift_parser:start_gift_parsing_loop:100 - 📊 Gifts fetched - Total: 12, Limited: 1, Unlimited: 11 (will be ignored)
2025-06-03 16:58:50 | INFO | gift_parser:start_gift_parsing_loop:130 - 📝 Updated gift 5782984811920491178: price=350⭐, remaining=91741/500000
2025-06-03 16:58:50 | INFO | gift_parser:start_gift_parsing_loop:150 - ✅ Database updated with LIMITED gifts only
2025-06-03 16:58:50 | INFO | gift_parser:start_gift_parsing_loop:158 - 👥 Found 1 users with autobuy enabled
2025-06-03 16:58:50 | DEBUG | gift_parser:start_gift_parsing_loop:174 - Cycle 1/1 for user 1487757625
2025-06-03 16:58:53 | DEBUG | gifts:aio_get_available_gifts:31 - Fetched 12 gifts from API
2025-06-03 16:58:53 | INFO | gift_parser:start_gift_parsing_loop:100 - 📊 Gifts fetched - Total: 12, Limited: 1, Unlimited: 11 (will be ignored)
2025-06-03 16:58:53 | INFO | gift_parser:start_gift_parsing_loop:150 - ✅ Database updated with LIMITED gifts only
2025-06-03 16:58:53 | INFO | gift_parser:start_gift_parsing_loop:158 - 👥 Found 1 users with autobuy enabled
2025-06-03 16:58:53 | DEBUG | gift_parser:start_gift_parsing_loop:174 - Cycle 1/1 for user 1487757625
2025-06-03 16:58:56 | DEBUG | gifts:aio_get_available_gifts:31 - Fetched 12 gifts from API
2025-06-03 16:58:56 | INFO | gift_parser:start_gift_parsing_loop:100 - 📊 Gifts fetched - Total: 12, Limited: 1, Unlimited: 11 (will be ignored)
2025-06-03 16:58:56 | INFO | gift_parser:start_gift_parsing_loop:130 - 📝 Updated gift 5782984811920491178: price=350⭐, remaining=91736/500000
2025-06-03 16:58:56 | INFO | gift_parser:start_gift_parsing_loop:150 - ✅ Database updated with LIMITED gifts only
2025-06-03 16:58:56 | INFO | gift_parser:start_gift_parsing_loop:158 - 👥 Found 1 users with autobuy enabled
2025-06-03 16:58:56 | DEBUG | gift_parser:start_gift_parsing_loop:174 - Cycle 1/1 for user 1487757625
2025-06-03 16:59:00 | DEBUG | gifts:aio_get_available_gifts:31 - Fetched 12 gifts from API
2025-06-03 16:59:00 | INFO | gift_parser:start_gift_parsing_loop:100 - 📊 Gifts fetched - Total: 12, Limited: 1, Unlimited: 11 (will be ignored)
2025-06-03 16:59:00 | INFO | gift_parser:start_gift_parsing_loop:150 - ✅ Database updated with LIMITED gifts only
2025-06-03 16:59:00 | INFO | gift_parser:start_gift_parsing_loop:158 - 👥 Found 1 users with autobuy enabled
2025-06-03 16:59:00 | DEBUG | gift_parser:start_gift_parsing_loop:174 - Cycle 1/1 for user 1487757625
2025-06-03 16:59:03 | DEBUG | gifts:aio_get_available_gifts:31 - Fetched 12 gifts from API
2025-06-03 16:59:03 | INFO | gift_parser:start_gift_parsing_loop:100 - 📊 Gifts fetched - Total: 12, Limited: 1, Unlimited: 11 (will be ignored)
2025-06-03 16:59:03 | INFO | gift_parser:start_gift_parsing_loop:150 - ✅ Database updated with LIMITED gifts only
2025-06-03 16:59:03 | INFO | gift_parser:start_gift_parsing_loop:158 - 👥 Found 1 users with autobuy enabled
2025-06-03 16:59:03 | DEBUG | gift_parser:start_gift_parsing_loop:174 - Cycle 1/1 for user 1487757625
2025-06-03 16:59:06 | DEBUG | gifts:aio_get_available_gifts:31 - Fetched 12 gifts from API
2025-06-03 16:59:06 | INFO | gift_parser:start_gift_parsing_loop:100 - 📊 Gifts fetched - Total: 12, Limited: 1, Unlimited: 11 (will be ignored)
2025-06-03 16:59:06 | INFO | gift_parser:start_gift_parsing_loop:150 - ✅ Database updated with LIMITED gifts only
2025-06-03 16:59:06 | INFO | gift_parser:start_gift_parsing_loop:158 - 👥 Found 1 users with autobuy enabled
2025-06-03 16:59:06 | DEBUG | gift_parser:start_gift_parsing_loop:174 - Cycle 1/1 for user 1487757625
2025-06-03 16:59:09 | DEBUG | gifts:aio_get_available_gifts:31 - Fetched 12 gifts from API
2025-06-03 16:59:09 | INFO | gift_parser:start_gift_parsing_loop:100 - 📊 Gifts fetched - Total: 12, Limited: 1, Unlimited: 11 (will be ignored)
2025-06-03 16:59:09 | INFO | gift_parser:start_gift_parsing_loop:150 - ✅ Database updated with LIMITED gifts only
2025-06-03 16:59:09 | INFO | gift_parser:start_gift_parsing_loop:158 - 👥 Found 1 users with autobuy enabled
2025-06-03 16:59:09 | DEBUG | gift_parser:start_gift_parsing_loop:174 - Cycle 1/1 for user 1487757625
2025-06-03 16:59:13 | DEBUG | gifts:aio_get_available_gifts:31 - Fetched 12 gifts from API
2025-06-03 16:59:13 | INFO | gift_parser:start_gift_parsing_loop:100 - 📊 Gifts fetched - Total: 12, Limited: 1, Unlimited: 11 (will be ignored)
2025-06-03 16:59:13 | INFO | gift_parser:start_gift_parsing_loop:150 - ✅ Database updated with LIMITED gifts only
2025-06-03 16:59:13 | INFO | gift_parser:start_gift_parsing_loop:158 - 👥 Found 1 users with autobuy enabled
2025-06-03 16:59:13 | DEBUG | gift_parser:start_gift_parsing_loop:174 - Cycle 1/1 for user 1487757625
2025-06-03 16:59:16 | DEBUG | gifts:aio_get_available_gifts:31 - Fetched 12 gifts from API
2025-06-03 16:59:16 | INFO | gift_parser:start_gift_parsing_loop:100 - 📊 Gifts fetched - Total: 12, Limited: 1, Unlimited: 11 (will be ignored)
2025-06-03 16:59:16 | INFO | gift_parser:start_gift_parsing_loop:150 - ✅ Database updated with LIMITED gifts only
2025-06-03 16:59:16 | INFO | gift_parser:start_gift_parsing_loop:158 - 👥 Found 1 users with autobuy enabled
2025-06-03 16:59:16 | DEBUG | gift_parser:start_gift_parsing_loop:174 - Cycle 1/1 for user 1487757625
2025-06-03 16:59:19 | DEBUG | gifts:aio_get_available_gifts:31 - Fetched 12 gifts from API
2025-06-03 16:59:19 | INFO | gift_parser:start_gift_parsing_loop:100 - 📊 Gifts fetched - Total: 12, Limited: 1, Unlimited: 11 (will be ignored)
2025-06-03 16:59:19 | INFO | gift_parser:start_gift_parsing_loop:130 - 📝 Updated gift 5782984811920491178: price=350⭐, remaining=91737/500000
2025-06-03 16:59:19 | INFO | gift_parser:start_gift_parsing_loop:150 - ✅ Database updated with LIMITED gifts only
2025-06-03 16:59:19 | INFO | gift_parser:start_gift_parsing_loop:158 - 👥 Found 1 users with autobuy enabled
2025-06-03 16:59:19 | DEBUG | gift_parser:start_gift_parsing_loop:174 - Cycle 1/1 for user 1487757625
2025-06-03 16:59:22 | DEBUG | gifts:aio_get_available_gifts:31 - Fetched 12 gifts from API
2025-06-03 16:59:22 | INFO | gift_parser:start_gift_parsing_loop:100 - 📊 Gifts fetched - Total: 12, Limited: 1, Unlimited: 11 (will be ignored)
2025-06-03 16:59:22 | INFO | gift_parser:start_gift_parsing_loop:130 - 📝 Updated gift 5782984811920491178: price=350⭐, remaining=91736/500000
2025-06-03 16:59:22 | INFO | gift_parser:start_gift_parsing_loop:150 - ✅ Database updated with LIMITED gifts only
2025-06-03 16:59:22 | INFO | gift_parser:start_gift_parsing_loop:158 - 👥 Found 1 users with autobuy enabled
2025-06-03 16:59:22 | DEBUG | gift_parser:start_gift_parsing_loop:174 - Cycle 1/1 for user 1487757625
2025-06-03 16:59:25 | DEBUG | gifts:aio_get_available_gifts:31 - Fetched 12 gifts from API
2025-06-03 16:59:25 | INFO | gift_parser:start_gift_parsing_loop:100 - 📊 Gifts fetched - Total: 12, Limited: 1, Unlimited: 11 (will be ignored)
2025-06-03 16:59:25 | INFO | gift_parser:start_gift_parsing_loop:150 - ✅ Database updated with LIMITED gifts only
2025-06-03 16:59:25 | INFO | gift_parser:start_gift_parsing_loop:158 - 👥 Found 1 users with autobuy enabled
2025-06-03 16:59:25 | DEBUG | gift_parser:start_gift_parsing_loop:174 - Cycle 1/1 for user 1487757625
2025-06-03 16:59:29 | DEBUG | gifts:aio_get_available_gifts:31 - Fetched 12 gifts from API
2025-06-03 16:59:29 | INFO | gift_parser:start_gift_parsing_loop:100 - 📊 Gifts fetched - Total: 12, Limited: 1, Unlimited: 11 (will be ignored)
2025-06-03 16:59:29 | INFO | gift_parser:start_gift_parsing_loop:150 - ✅ Database updated with LIMITED gifts only
2025-06-03 16:59:29 | INFO | gift_parser:start_gift_parsing_loop:158 - 👥 Found 1 users with autobuy enabled
2025-06-03 16:59:29 | DEBUG | gift_parser:start_gift_parsing_loop:174 - Cycle 1/1 for user 1487757625
2025-06-03 16:59:32 | DEBUG | gifts:aio_get_available_gifts:31 - Fetched 12 gifts from API
2025-06-03 16:59:32 | INFO | gift_parser:start_gift_parsing_loop:100 - 📊 Gifts fetched - Total: 12, Limited: 1, Unlimited: 11 (will be ignored)
2025-06-03 16:59:32 | INFO | gift_parser:start_gift_parsing_loop:150 - ✅ Database updated with LIMITED gifts only
2025-06-03 16:59:32 | INFO | gift_parser:start_gift_parsing_loop:158 - 👥 Found 1 users with autobuy enabled
2025-06-03 16:59:32 | DEBUG | gift_parser:start_gift_parsing_loop:174 - Cycle 1/1 for user 1487757625
2025-06-03 16:59:35 | DEBUG | gifts:aio_get_available_gifts:31 - Fetched 12 gifts from API
2025-06-03 16:59:35 | INFO | gift_parser:start_gift_parsing_loop:100 - 📊 Gifts fetched - Total: 12, Limited: 1, Unlimited: 11 (will be ignored)
2025-06-03 16:59:35 | INFO | gift_parser:start_gift_parsing_loop:150 - ✅ Database updated with LIMITED gifts only
2025-06-03 16:59:35 | INFO | gift_parser:start_gift_parsing_loop:158 - 👥 Found 1 users with autobuy enabled
2025-06-03 16:59:35 | DEBUG | gift_parser:start_gift_parsing_loop:174 - Cycle 1/1 for user 1487757625
2025-06-03 16:59:38 | DEBUG | gifts:aio_get_available_gifts:31 - Fetched 12 gifts from API
2025-06-03 16:59:38 | INFO | gift_parser:start_gift_parsing_loop:100 - 📊 Gifts fetched - Total: 12, Limited: 1, Unlimited: 11 (will be ignored)
2025-06-03 16:59:38 | INFO | gift_parser:start_gift_parsing_loop:130 - 📝 Updated gift 5782984811920491178: price=350⭐, remaining=91735/500000
2025-06-03 16:59:38 | INFO | gift_parser:start_gift_parsing_loop:150 - ✅ Database updated with LIMITED gifts only
2025-06-03 16:59:38 | INFO | gift_parser:start_gift_parsing_loop:158 - 👥 Found 1 users with autobuy enabled
2025-06-03 16:59:38 | DEBUG | gift_parser:start_gift_parsing_loop:174 - Cycle 1/1 for user 1487757625
2025-06-03 16:59:42 | DEBUG | gifts:aio_get_available_gifts:31 - Fetched 12 gifts from API
2025-06-03 16:59:42 | INFO | gift_parser:start_gift_parsing_loop:100 - 📊 Gifts fetched - Total: 12, Limited: 1, Unlimited: 11 (will be ignored)
2025-06-03 16:59:42 | INFO | gift_parser:start_gift_parsing_loop:130 - 📝 Updated gift 5782984811920491178: price=350⭐, remaining=91736/500000
2025-06-03 16:59:42 | INFO | gift_parser:start_gift_parsing_loop:150 - ✅ Database updated with LIMITED gifts only
2025-06-03 16:59:42 | INFO | gift_parser:start_gift_parsing_loop:158 - 👥 Found 1 users with autobuy enabled
2025-06-03 16:59:42 | DEBUG | gift_parser:start_gift_parsing_loop:174 - Cycle 1/1 for user 1487757625
2025-06-03 16:59:45 | DEBUG | gifts:aio_get_available_gifts:31 - Fetched 12 gifts from API
2025-06-03 16:59:45 | INFO | gift_parser:start_gift_parsing_loop:100 - 📊 Gifts fetched - Total: 12, Limited: 1, Unlimited: 11 (will be ignored)
2025-06-03 16:59:45 | INFO | gift_parser:start_gift_parsing_loop:130 - 📝 Updated gift 5782984811920491178: price=350⭐, remaining=91735/500000
2025-06-03 16:59:45 | INFO | gift_parser:start_gift_parsing_loop:150 - ✅ Database updated with LIMITED gifts only
2025-06-03 16:59:45 | INFO | gift_parser:start_gift_parsing_loop:158 - 👥 Found 1 users with autobuy enabled
2025-06-03 16:59:45 | DEBUG | gift_parser:start_gift_parsing_loop:174 - Cycle 1/1 for user 1487757625
2025-06-03 16:59:48 | DEBUG | gifts:aio_get_available_gifts:31 - Fetched 12 gifts from API
2025-06-03 16:59:48 | INFO | gift_parser:start_gift_parsing_loop:100 - 📊 Gifts fetched - Total: 12, Limited: 1, Unlimited: 11 (will be ignored)
2025-06-03 16:59:48 | INFO | gift_parser:start_gift_parsing_loop:150 - ✅ Database updated with LIMITED gifts only
2025-06-03 16:59:48 | INFO | gift_parser:start_gift_parsing_loop:158 - 👥 Found 1 users with autobuy enabled
2025-06-03 16:59:48 | DEBUG | gift_parser:start_gift_parsing_loop:174 - Cycle 1/1 for user 1487757625
2025-06-03 16:59:51 | DEBUG | gifts:aio_get_available_gifts:31 - Fetched 12 gifts from API
2025-06-03 16:59:51 | INFO | gift_parser:start_gift_parsing_loop:100 - 📊 Gifts fetched - Total: 12, Limited: 1, Unlimited: 11 (will be ignored)
2025-06-03 16:59:51 | INFO | gift_parser:start_gift_parsing_loop:150 - ✅ Database updated with LIMITED gifts only
2025-06-03 16:59:51 | INFO | gift_parser:start_gift_parsing_loop:158 - 👥 Found 1 users with autobuy enabled
2025-06-03 16:59:51 | DEBUG | gift_parser:start_gift_parsing_loop:174 - Cycle 1/1 for user 1487757625
2025-06-03 16:59:55 | DEBUG | gifts:aio_get_available_gifts:31 - Fetched 12 gifts from API
2025-06-03 16:59:55 | INFO | gift_parser:start_gift_parsing_loop:100 - 📊 Gifts fetched - Total: 12, Limited: 1, Unlimited: 11 (will be ignored)
2025-06-03 16:59:55 | INFO | gift_parser:start_gift_parsing_loop:150 - ✅ Database updated with LIMITED gifts only
2025-06-03 16:59:55 | INFO | gift_parser:start_gift_parsing_loop:158 - 👥 Found 1 users with autobuy enabled
2025-06-03 16:59:55 | DEBUG | gift_parser:start_gift_parsing_loop:174 - Cycle 1/1 for user 1487757625
2025-06-03 16:59:58 | DEBUG | gifts:aio_get_available_gifts:31 - Fetched 12 gifts from API
2025-06-03 16:59:58 | INFO | gift_parser:start_gift_parsing_loop:100 - 📊 Gifts fetched - Total: 12, Limited: 1, Unlimited: 11 (will be ignored)
2025-06-03 16:59:58 | INFO | gift_parser:start_gift_parsing_loop:150 - ✅ Database updated with LIMITED gifts only
2025-06-03 16:59:58 | INFO | gift_parser:start_gift_parsing_loop:158 - 👥 Found 1 users with autobuy enabled
2025-06-03 16:59:58 | DEBUG | gift_parser:start_gift_parsing_loop:174 - Cycle 1/1 for user 1487757625
2025-06-03 17:00:01 | DEBUG | gifts:aio_get_available_gifts:31 - Fetched 12 gifts from API
2025-06-03 17:00:01 | INFO | gift_parser:start_gift_parsing_loop:100 - 📊 Gifts fetched - Total: 12, Limited: 1, Unlimited: 11 (will be ignored)
2025-06-03 17:00:01 | INFO | gift_parser:start_gift_parsing_loop:150 - ✅ Database updated with LIMITED gifts only
2025-06-03 17:00:01 | INFO | gift_parser:start_gift_parsing_loop:158 - 👥 Found 1 users with autobuy enabled
2025-06-03 17:00:01 | DEBUG | gift_parser:start_gift_parsing_loop:174 - Cycle 1/1 for user 1487757625
2025-06-03 17:00:04 | DEBUG | gifts:aio_get_available_gifts:31 - Fetched 12 gifts from API
2025-06-03 17:00:04 | INFO | gift_parser:start_gift_parsing_loop:100 - 📊 Gifts fetched - Total: 12, Limited: 1, Unlimited: 11 (will be ignored)
2025-06-03 17:00:04 | INFO | gift_parser:start_gift_parsing_loop:150 - ✅ Database updated with LIMITED gifts only
2025-06-03 17:00:04 | INFO | gift_parser:start_gift_parsing_loop:158 - 👥 Found 1 users with autobuy enabled
2025-06-03 17:00:04 | DEBUG | gift_parser:start_gift_parsing_loop:174 - Cycle 1/1 for user 1487757625
2025-06-03 17:00:08 | DEBUG | gifts:aio_get_available_gifts:31 - Fetched 12 gifts from API
2025-06-03 17:00:08 | INFO | gift_parser:start_gift_parsing_loop:100 - 📊 Gifts fetched - Total: 12, Limited: 1, Unlimited: 11 (will be ignored)
2025-06-03 17:00:08 | INFO | gift_parser:start_gift_parsing_loop:150 - ✅ Database updated with LIMITED gifts only
2025-06-03 17:00:08 | INFO | gift_parser:start_gift_parsing_loop:158 - 👥 Found 1 users with autobuy enabled
2025-06-03 17:00:08 | DEBUG | gift_parser:start_gift_parsing_loop:174 - Cycle 1/1 for user 1487757625
2025-06-03 17:00:11 | DEBUG | gifts:aio_get_available_gifts:31 - Fetched 12 gifts from API
2025-06-03 17:00:11 | INFO | gift_parser:start_gift_parsing_loop:100 - 📊 Gifts fetched - Total: 12, Limited: 1, Unlimited: 11 (will be ignored)
2025-06-03 17:00:11 | INFO | gift_parser:start_gift_parsing_loop:130 - 📝 Updated gift 5782984811920491178: price=350⭐, remaining=91731/500000
2025-06-03 17:00:11 | INFO | gift_parser:start_gift_parsing_loop:150 - ✅ Database updated with LIMITED gifts only
2025-06-03 17:00:11 | INFO | gift_parser:start_gift_parsing_loop:158 - 👥 Found 1 users with autobuy enabled
2025-06-03 17:00:11 | DEBUG | gift_parser:start_gift_parsing_loop:174 - Cycle 1/1 for user 1487757625
2025-06-03 17:00:14 | DEBUG | gifts:aio_get_available_gifts:31 - Fetched 12 gifts from API
2025-06-03 17:00:14 | INFO | gift_parser:start_gift_parsing_loop:100 - 📊 Gifts fetched - Total: 12, Limited: 1, Unlimited: 11 (will be ignored)
2025-06-03 17:00:14 | INFO | gift_parser:start_gift_parsing_loop:150 - ✅ Database updated with LIMITED gifts only
2025-06-03 17:00:14 | INFO | gift_parser:start_gift_parsing_loop:158 - 👥 Found 1 users with autobuy enabled
2025-06-03 17:00:14 | DEBUG | gift_parser:start_gift_parsing_loop:174 - Cycle 1/1 for user 1487757625
2025-06-03 17:00:17 | DEBUG | gifts:aio_get_available_gifts:31 - Fetched 12 gifts from API
2025-06-03 17:00:17 | INFO | gift_parser:start_gift_parsing_loop:100 - 📊 Gifts fetched - Total: 12, Limited: 1, Unlimited: 11 (will be ignored)
2025-06-03 17:00:17 | INFO | gift_parser:start_gift_parsing_loop:150 - ✅ Database updated with LIMITED gifts only
2025-06-03 17:00:17 | INFO | gift_parser:start_gift_parsing_loop:158 - 👥 Found 1 users with autobuy enabled
2025-06-03 17:00:17 | DEBUG | gift_parser:start_gift_parsing_loop:174 - Cycle 1/1 for user 1487757625
2025-06-03 17:00:21 | DEBUG | gifts:aio_get_available_gifts:31 - Fetched 12 gifts from API
2025-06-03 17:00:21 | INFO | gift_parser:start_gift_parsing_loop:100 - 📊 Gifts fetched - Total: 12, Limited: 1, Unlimited: 11 (will be ignored)
2025-06-03 17:00:21 | INFO | gift_parser:start_gift_parsing_loop:150 - ✅ Database updated with LIMITED gifts only
2025-06-03 17:00:21 | INFO | gift_parser:start_gift_parsing_loop:158 - 👥 Found 1 users with autobuy enabled
2025-06-03 17:00:21 | DEBUG | gift_parser:start_gift_parsing_loop:174 - Cycle 1/1 for user 1487757625
2025-06-03 17:00:24 | DEBUG | gifts:aio_get_available_gifts:31 - Fetched 12 gifts from API
2025-06-03 17:00:24 | INFO | gift_parser:start_gift_parsing_loop:100 - 📊 Gifts fetched - Total: 12, Limited: 1, Unlimited: 11 (will be ignored)
2025-06-03 17:00:24 | INFO | gift_parser:start_gift_parsing_loop:150 - ✅ Database updated with LIMITED gifts only
2025-06-03 17:00:24 | INFO | gift_parser:start_gift_parsing_loop:158 - 👥 Found 1 users with autobuy enabled
2025-06-03 17:00:24 | DEBUG | gift_parser:start_gift_parsing_loop:174 - Cycle 1/1 for user 1487757625
2025-06-03 17:00:28 | DEBUG | gifts:aio_get_available_gifts:31 - Fetched 12 gifts from API
2025-06-03 17:00:28 | INFO | gift_parser:start_gift_parsing_loop:100 - 📊 Gifts fetched - Total: 12, Limited: 1, Unlimited: 11 (will be ignored)
2025-06-03 17:00:28 | INFO | gift_parser:start_gift_parsing_loop:150 - ✅ Database updated with LIMITED gifts only
2025-06-03 17:00:28 | INFO | gift_parser:start_gift_parsing_loop:158 - 👥 Found 1 users with autobuy enabled
2025-06-03 17:00:28 | DEBUG | gift_parser:start_gift_parsing_loop:174 - Cycle 1/1 for user 1487757625
2025-06-03 17:00:31 | DEBUG | gifts:aio_get_available_gifts:31 - Fetched 12 gifts from API
2025-06-03 17:00:31 | INFO | gift_parser:start_gift_parsing_loop:100 - 📊 Gifts fetched - Total: 12, Limited: 1, Unlimited: 11 (will be ignored)
2025-06-03 17:00:31 | INFO | gift_parser:start_gift_parsing_loop:150 - ✅ Database updated with LIMITED gifts only
2025-06-03 17:00:31 | INFO | gift_parser:start_gift_parsing_loop:158 - 👥 Found 1 users with autobuy enabled
2025-06-03 17:00:31 | DEBUG | gift_parser:start_gift_parsing_loop:174 - Cycle 1/1 for user 1487757625
2025-06-03 17:00:34 | DEBUG | gifts:aio_get_available_gifts:31 - Fetched 12 gifts from API
2025-06-03 17:00:34 | INFO | gift_parser:start_gift_parsing_loop:100 - 📊 Gifts fetched - Total: 12, Limited: 1, Unlimited: 11 (will be ignored)
2025-06-03 17:00:34 | INFO | gift_parser:start_gift_parsing_loop:150 - ✅ Database updated with LIMITED gifts only
2025-06-03 17:00:34 | INFO | gift_parser:start_gift_parsing_loop:158 - 👥 Found 1 users with autobuy enabled
2025-06-03 17:00:34 | DEBUG | gift_parser:start_gift_parsing_loop:174 - Cycle 1/1 for user 1487757625
2025-06-03 17:00:38 | DEBUG | gifts:aio_get_available_gifts:31 - Fetched 12 gifts from API
2025-06-03 17:00:38 | INFO | gift_parser:start_gift_parsing_loop:100 - 📊 Gifts fetched - Total: 12, Limited: 1, Unlimited: 11 (will be ignored)
2025-06-03 17:00:38 | INFO | gift_parser:start_gift_parsing_loop:150 - ✅ Database updated with LIMITED gifts only
2025-06-03 17:00:38 | INFO | gift_parser:start_gift_parsing_loop:158 - 👥 Found 1 users with autobuy enabled
2025-06-03 17:00:38 | DEBUG | gift_parser:start_gift_parsing_loop:174 - Cycle 1/1 for user 1487757625
2025-06-03 17:00:41 | DEBUG | gifts:aio_get_available_gifts:31 - Fetched 12 gifts from API
2025-06-03 17:00:41 | INFO | gift_parser:start_gift_parsing_loop:100 - 📊 Gifts fetched - Total: 12, Limited: 1, Unlimited: 11 (will be ignored)
2025-06-03 17:00:41 | INFO | gift_parser:start_gift_parsing_loop:150 - ✅ Database updated with LIMITED gifts only
2025-06-03 17:00:41 | INFO | gift_parser:start_gift_parsing_loop:158 - 👥 Found 1 users with autobuy enabled
2025-06-03 17:00:41 | DEBUG | gift_parser:start_gift_parsing_loop:174 - Cycle 1/1 for user 1487757625
2025-06-03 17:00:44 | DEBUG | gifts:aio_get_available_gifts:31 - Fetched 12 gifts from API
2025-06-03 17:00:44 | INFO | gift_parser:start_gift_parsing_loop:100 - 📊 Gifts fetched - Total: 12, Limited: 1, Unlimited: 11 (will be ignored)
2025-06-03 17:00:44 | INFO | gift_parser:start_gift_parsing_loop:150 - ✅ Database updated with LIMITED gifts only
2025-06-03 17:00:44 | INFO | gift_parser:start_gift_parsing_loop:158 - 👥 Found 1 users with autobuy enabled
2025-06-03 17:00:44 | DEBUG | gift_parser:start_gift_parsing_loop:174 - Cycle 1/1 for user 1487757625
2025-06-03 17:00:47 | DEBUG | gifts:aio_get_available_gifts:31 - Fetched 12 gifts from API
2025-06-03 17:00:47 | INFO | gift_parser:start_gift_parsing_loop:100 - 📊 Gifts fetched - Total: 12, Limited: 1, Unlimited: 11 (will be ignored)
2025-06-03 17:00:47 | INFO | gift_parser:start_gift_parsing_loop:150 - ✅ Database updated with LIMITED gifts only
2025-06-03 17:00:47 | INFO | gift_parser:start_gift_parsing_loop:158 - 👥 Found 1 users with autobuy enabled
2025-06-03 17:00:47 | DEBUG | gift_parser:start_gift_parsing_loop:174 - Cycle 1/1 for user 1487757625
2025-06-03 17:00:51 | DEBUG | gifts:aio_get_available_gifts:31 - Fetched 12 gifts from API
2025-06-03 17:00:51 | INFO | gift_parser:start_gift_parsing_loop:100 - 📊 Gifts fetched - Total: 12, Limited: 1, Unlimited: 11 (will be ignored)
2025-06-03 17:00:51 | INFO | gift_parser:start_gift_parsing_loop:150 - ✅ Database updated with LIMITED gifts only
2025-06-03 17:00:51 | INFO | gift_parser:start_gift_parsing_loop:158 - 👥 Found 1 users with autobuy enabled
2025-06-03 17:00:51 | DEBUG | gift_parser:start_gift_parsing_loop:174 - Cycle 1/1 for user 1487757625
2025-06-03 17:00:54 | DEBUG | gifts:aio_get_available_gifts:31 - Fetched 12 gifts from API
2025-06-03 17:00:54 | INFO | gift_parser:start_gift_parsing_loop:100 - 📊 Gifts fetched - Total: 12, Limited: 1, Unlimited: 11 (will be ignored)
2025-06-03 17:00:54 | INFO | gift_parser:start_gift_parsing_loop:150 - ✅ Database updated with LIMITED gifts only
2025-06-03 17:00:54 | INFO | gift_parser:start_gift_parsing_loop:158 - 👥 Found 1 users with autobuy enabled
2025-06-03 17:00:54 | DEBUG | gift_parser:start_gift_parsing_loop:174 - Cycle 1/1 for user 1487757625
2025-06-03 17:00:57 | DEBUG | gifts:aio_get_available_gifts:31 - Fetched 12 gifts from API
2025-06-03 17:00:57 | INFO | gift_parser:start_gift_parsing_loop:100 - 📊 Gifts fetched - Total: 12, Limited: 1, Unlimited: 11 (will be ignored)
2025-06-03 17:00:57 | INFO | gift_parser:start_gift_parsing_loop:150 - ✅ Database updated with LIMITED gifts only
2025-06-03 17:00:57 | INFO | gift_parser:start_gift_parsing_loop:158 - 👥 Found 1 users with autobuy enabled
2025-06-03 17:00:57 | DEBUG | gift_parser:start_gift_parsing_loop:174 - Cycle 1/1 for user 1487757625
2025-06-03 17:01:00 | DEBUG | gifts:aio_get_available_gifts:31 - Fetched 12 gifts from API
2025-06-03 17:01:00 | INFO | gift_parser:start_gift_parsing_loop:100 - 📊 Gifts fetched - Total: 12, Limited: 1, Unlimited: 11 (will be ignored)
2025-06-03 17:01:00 | INFO | gift_parser:start_gift_parsing_loop:150 - ✅ Database updated with LIMITED gifts only
2025-06-03 17:01:00 | INFO | gift_parser:start_gift_parsing_loop:158 - 👥 Found 1 users with autobuy enabled
2025-06-03 17:01:00 | DEBUG | gift_parser:start_gift_parsing_loop:174 - Cycle 1/1 for user 1487757625
2025-06-03 17:01:04 | DEBUG | gifts:aio_get_available_gifts:31 - Fetched 12 gifts from API
2025-06-03 17:01:04 | INFO | gift_parser:start_gift_parsing_loop:100 - 📊 Gifts fetched - Total: 12, Limited: 1, Unlimited: 11 (will be ignored)
2025-06-03 17:01:04 | INFO | gift_parser:start_gift_parsing_loop:130 - 📝 Updated gift 5782984811920491178: price=350⭐, remaining=91729/500000
2025-06-03 17:01:04 | INFO | gift_parser:start_gift_parsing_loop:150 - ✅ Database updated with LIMITED gifts only
2025-06-03 17:01:04 | INFO | gift_parser:start_gift_parsing_loop:158 - 👥 Found 1 users with autobuy enabled
2025-06-03 17:01:04 | DEBUG | gift_parser:start_gift_parsing_loop:174 - Cycle 1/1 for user 1487757625
2025-06-03 17:01:07 | DEBUG | gifts:aio_get_available_gifts:31 - Fetched 12 gifts from API
2025-06-03 17:01:07 | INFO | gift_parser:start_gift_parsing_loop:100 - 📊 Gifts fetched - Total: 12, Limited: 1, Unlimited: 11 (will be ignored)
2025-06-03 17:01:07 | INFO | gift_parser:start_gift_parsing_loop:150 - ✅ Database updated with LIMITED gifts only
2025-06-03 17:01:07 | INFO | gift_parser:start_gift_parsing_loop:158 - 👥 Found 1 users with autobuy enabled
2025-06-03 17:01:07 | DEBUG | gift_parser:start_gift_parsing_loop:174 - Cycle 1/1 for user 1487757625
2025-06-03 17:01:10 | DEBUG | gifts:aio_get_available_gifts:31 - Fetched 12 gifts from API
2025-06-03 17:01:10 | INFO | gift_parser:start_gift_parsing_loop:100 - 📊 Gifts fetched - Total: 12, Limited: 1, Unlimited: 11 (will be ignored)
2025-06-03 17:01:10 | INFO | gift_parser:start_gift_parsing_loop:150 - ✅ Database updated with LIMITED gifts only
2025-06-03 17:01:10 | INFO | gift_parser:start_gift_parsing_loop:158 - 👥 Found 1 users with autobuy enabled
2025-06-03 17:01:10 | DEBUG | gift_parser:start_gift_parsing_loop:174 - Cycle 1/1 for user 1487757625
2025-06-03 17:01:14 | DEBUG | gifts:aio_get_available_gifts:31 - Fetched 12 gifts from API
2025-06-03 17:01:14 | INFO | gift_parser:start_gift_parsing_loop:100 - 📊 Gifts fetched - Total: 12, Limited: 1, Unlimited: 11 (will be ignored)
2025-06-03 17:01:14 | INFO | gift_parser:start_gift_parsing_loop:150 - ✅ Database updated with LIMITED gifts only
2025-06-03 17:01:14 | INFO | gift_parser:start_gift_parsing_loop:158 - 👥 Found 1 users with autobuy enabled
2025-06-03 17:01:14 | DEBUG | gift_parser:start_gift_parsing_loop:174 - Cycle 1/1 for user 1487757625
2025-06-03 17:01:17 | DEBUG | gifts:aio_get_available_gifts:31 - Fetched 12 gifts from API
2025-06-03 17:01:17 | INFO | gift_parser:start_gift_parsing_loop:100 - 📊 Gifts fetched - Total: 12, Limited: 1, Unlimited: 11 (will be ignored)
2025-06-03 17:01:17 | INFO | gift_parser:start_gift_parsing_loop:150 - ✅ Database updated with LIMITED gifts only
2025-06-03 17:01:17 | INFO | gift_parser:start_gift_parsing_loop:158 - 👥 Found 1 users with autobuy enabled
2025-06-03 17:01:17 | DEBUG | gift_parser:start_gift_parsing_loop:174 - Cycle 1/1 for user 1487757625
2025-06-03 17:01:20 | DEBUG | gifts:aio_get_available_gifts:31 - Fetched 12 gifts from API
2025-06-03 17:01:20 | INFO | gift_parser:start_gift_parsing_loop:100 - 📊 Gifts fetched - Total: 12, Limited: 1, Unlimited: 11 (will be ignored)
2025-06-03 17:01:20 | INFO | gift_parser:start_gift_parsing_loop:150 - ✅ Database updated with LIMITED gifts only
2025-06-03 17:01:20 | INFO | gift_parser:start_gift_parsing_loop:158 - 👥 Found 1 users with autobuy enabled
2025-06-03 17:01:20 | DEBUG | gift_parser:start_gift_parsing_loop:174 - Cycle 1/1 for user 1487757625
2025-06-03 17:01:23 | DEBUG | gifts:aio_get_available_gifts:31 - Fetched 12 gifts from API
2025-06-03 17:01:23 | INFO | gift_parser:start_gift_parsing_loop:100 - 📊 Gifts fetched - Total: 12, Limited: 1, Unlimited: 11 (will be ignored)
2025-06-03 17:01:23 | INFO | gift_parser:start_gift_parsing_loop:150 - ✅ Database updated with LIMITED gifts only
2025-06-03 17:01:23 | INFO | gift_parser:start_gift_parsing_loop:158 - 👥 Found 1 users with autobuy enabled
2025-06-03 17:01:23 | DEBUG | gift_parser:start_gift_parsing_loop:174 - Cycle 1/1 for user 1487757625
2025-06-03 17:01:27 | DEBUG | gifts:aio_get_available_gifts:31 - Fetched 12 gifts from API
2025-06-03 17:01:27 | INFO | gift_parser:start_gift_parsing_loop:100 - 📊 Gifts fetched - Total: 12, Limited: 1, Unlimited: 11 (will be ignored)
2025-06-03 17:01:27 | INFO | gift_parser:start_gift_parsing_loop:150 - ✅ Database updated with LIMITED gifts only
2025-06-03 17:01:27 | INFO | gift_parser:start_gift_parsing_loop:158 - 👥 Found 1 users with autobuy enabled
2025-06-03 17:01:27 | DEBUG | gift_parser:start_gift_parsing_loop:174 - Cycle 1/1 for user 1487757625
2025-06-03 17:01:30 | DEBUG | gifts:aio_get_available_gifts:31 - Fetched 12 gifts from API
2025-06-03 17:01:30 | INFO | gift_parser:start_gift_parsing_loop:100 - 📊 Gifts fetched - Total: 12, Limited: 1, Unlimited: 11 (will be ignored)
2025-06-03 17:01:30 | INFO | gift_parser:start_gift_parsing_loop:150 - ✅ Database updated with LIMITED gifts only
2025-06-03 17:01:30 | INFO | gift_parser:start_gift_parsing_loop:158 - 👥 Found 1 users with autobuy enabled
2025-06-03 17:01:30 | DEBUG | gift_parser:start_gift_parsing_loop:174 - Cycle 1/1 for user 1487757625
2025-06-03 17:01:33 | DEBUG | gifts:aio_get_available_gifts:31 - Fetched 12 gifts from API
2025-06-03 17:01:33 | INFO | gift_parser:start_gift_parsing_loop:100 - 📊 Gifts fetched - Total: 12, Limited: 1, Unlimited: 11 (will be ignored)
2025-06-03 17:01:33 | INFO | gift_parser:start_gift_parsing_loop:150 - ✅ Database updated with LIMITED gifts only
2025-06-03 17:01:33 | INFO | gift_parser:start_gift_parsing_loop:158 - 👥 Found 1 users with autobuy enabled
2025-06-03 17:01:33 | DEBUG | gift_parser:start_gift_parsing_loop:174 - Cycle 1/1 for user 1487757625
2025-06-03 17:01:36 | DEBUG | gifts:aio_get_available_gifts:31 - Fetched 12 gifts from API
2025-06-03 17:01:36 | INFO | gift_parser:start_gift_parsing_loop:100 - 📊 Gifts fetched - Total: 12, Limited: 1, Unlimited: 11 (will be ignored)
2025-06-03 17:01:36 | INFO | gift_parser:start_gift_parsing_loop:150 - ✅ Database updated with LIMITED gifts only
2025-06-03 17:01:36 | INFO | gift_parser:start_gift_parsing_loop:158 - 👥 Found 1 users with autobuy enabled
2025-06-03 17:01:36 | DEBUG | gift_parser:start_gift_parsing_loop:174 - Cycle 1/1 for user 1487757625
2025-06-03 17:01:40 | DEBUG | gifts:aio_get_available_gifts:31 - Fetched 12 gifts from API
2025-06-03 17:01:40 | INFO | gift_parser:start_gift_parsing_loop:100 - 📊 Gifts fetched - Total: 12, Limited: 1, Unlimited: 11 (will be ignored)
2025-06-03 17:01:40 | INFO | gift_parser:start_gift_parsing_loop:150 - ✅ Database updated with LIMITED gifts only
2025-06-03 17:01:40 | INFO | gift_parser:start_gift_parsing_loop:158 - 👥 Found 1 users with autobuy enabled
2025-06-03 17:01:40 | DEBUG | gift_parser:start_gift_parsing_loop:174 - Cycle 1/1 for user 1487757625
2025-06-03 17:01:43 | DEBUG | gifts:aio_get_available_gifts:31 - Fetched 12 gifts from API
2025-06-03 17:01:43 | INFO | gift_parser:start_gift_parsing_loop:100 - 📊 Gifts fetched - Total: 12, Limited: 1, Unlimited: 11 (will be ignored)
2025-06-03 17:01:43 | INFO | gift_parser:start_gift_parsing_loop:150 - ✅ Database updated with LIMITED gifts only
2025-06-03 17:01:43 | INFO | gift_parser:start_gift_parsing_loop:158 - 👥 Found 1 users with autobuy enabled
2025-06-03 17:01:43 | DEBUG | gift_parser:start_gift_parsing_loop:174 - Cycle 1/1 for user 1487757625
2025-06-03 17:01:46 | DEBUG | gifts:aio_get_available_gifts:31 - Fetched 12 gifts from API
2025-06-03 17:01:46 | INFO | gift_parser:start_gift_parsing_loop:100 - 📊 Gifts fetched - Total: 12, Limited: 1, Unlimited: 11 (will be ignored)
2025-06-03 17:01:46 | INFO | gift_parser:start_gift_parsing_loop:150 - ✅ Database updated with LIMITED gifts only
2025-06-03 17:01:46 | INFO | gift_parser:start_gift_parsing_loop:158 - 👥 Found 1 users with autobuy enabled
2025-06-03 17:01:46 | DEBUG | gift_parser:start_gift_parsing_loop:174 - Cycle 1/1 for user 1487757625
2025-06-03 17:01:49 | DEBUG | gifts:aio_get_available_gifts:31 - Fetched 12 gifts from API
2025-06-03 17:01:49 | INFO | gift_parser:start_gift_parsing_loop:100 - 📊 Gifts fetched - Total: 12, Limited: 1, Unlimited: 11 (will be ignored)
2025-06-03 17:01:49 | INFO | gift_parser:start_gift_parsing_loop:150 - ✅ Database updated with LIMITED gifts only
2025-06-03 17:01:49 | INFO | gift_parser:start_gift_parsing_loop:158 - 👥 Found 1 users with autobuy enabled
2025-06-03 17:01:49 | DEBUG | gift_parser:start_gift_parsing_loop:174 - Cycle 1/1 for user 1487757625
2025-06-03 17:01:53 | DEBUG | gifts:aio_get_available_gifts:31 - Fetched 12 gifts from API
2025-06-03 17:01:53 | INFO | gift_parser:start_gift_parsing_loop:100 - 📊 Gifts fetched - Total: 12, Limited: 1, Unlimited: 11 (will be ignored)
2025-06-03 17:01:53 | INFO | gift_parser:start_gift_parsing_loop:150 - ✅ Database updated with LIMITED gifts only
2025-06-03 17:01:53 | INFO | gift_parser:start_gift_parsing_loop:158 - 👥 Found 1 users with autobuy enabled
2025-06-03 17:01:53 | DEBUG | gift_parser:start_gift_parsing_loop:174 - Cycle 1/1 for user 1487757625
2025-06-03 17:01:56 | DEBUG | gifts:aio_get_available_gifts:31 - Fetched 12 gifts from API
2025-06-03 17:01:56 | INFO | gift_parser:start_gift_parsing_loop:100 - 📊 Gifts fetched - Total: 12, Limited: 1, Unlimited: 11 (will be ignored)
2025-06-03 17:01:56 | INFO | gift_parser:start_gift_parsing_loop:150 - ✅ Database updated with LIMITED gifts only
2025-06-03 17:01:56 | INFO | gift_parser:start_gift_parsing_loop:158 - 👥 Found 1 users with autobuy enabled
2025-06-03 17:01:56 | DEBUG | gift_parser:start_gift_parsing_loop:174 - Cycle 1/1 for user 1487757625
2025-06-03 17:02:00 | DEBUG | gifts:aio_get_available_gifts:31 - Fetched 12 gifts from API
2025-06-03 17:02:00 | INFO | gift_parser:start_gift_parsing_loop:100 - 📊 Gifts fetched - Total: 12, Limited: 1, Unlimited: 11 (will be ignored)
2025-06-03 17:02:00 | INFO | gift_parser:start_gift_parsing_loop:130 - 📝 Updated gift 5782984811920491178: price=350⭐, remaining=91726/500000
2025-06-03 17:02:00 | INFO | gift_parser:start_gift_parsing_loop:150 - ✅ Database updated with LIMITED gifts only
2025-06-03 17:02:00 | INFO | gift_parser:start_gift_parsing_loop:158 - 👥 Found 1 users with autobuy enabled
2025-06-03 17:02:00 | DEBUG | gift_parser:start_gift_parsing_loop:174 - Cycle 1/1 for user 1487757625
2025-06-03 17:02:03 | DEBUG | gifts:aio_get_available_gifts:31 - Fetched 12 gifts from API
2025-06-03 17:02:03 | INFO | gift_parser:start_gift_parsing_loop:100 - 📊 Gifts fetched - Total: 12, Limited: 1, Unlimited: 11 (will be ignored)
2025-06-03 17:02:03 | INFO | gift_parser:start_gift_parsing_loop:150 - ✅ Database updated with LIMITED gifts only
2025-06-03 17:02:03 | INFO | gift_parser:start_gift_parsing_loop:158 - 👥 Found 1 users with autobuy enabled
2025-06-03 17:02:03 | DEBUG | gift_parser:start_gift_parsing_loop:174 - Cycle 1/1 for user 1487757625
2025-06-03 17:02:06 | DEBUG | gifts:aio_get_available_gifts:31 - Fetched 12 gifts from API
2025-06-03 17:02:06 | INFO | gift_parser:start_gift_parsing_loop:100 - 📊 Gifts fetched - Total: 12, Limited: 1, Unlimited: 11 (will be ignored)
2025-06-03 17:02:06 | INFO | gift_parser:start_gift_parsing_loop:150 - ✅ Database updated with LIMITED gifts only
2025-06-03 17:02:06 | INFO | gift_parser:start_gift_parsing_loop:158 - 👥 Found 1 users with autobuy enabled
2025-06-03 17:02:06 | DEBUG | gift_parser:start_gift_parsing_loop:174 - Cycle 1/1 for user 1487757625
2025-06-03 17:02:09 | DEBUG | gifts:aio_get_available_gifts:31 - Fetched 12 gifts from API
2025-06-03 17:02:09 | INFO | gift_parser:start_gift_parsing_loop:100 - 📊 Gifts fetched - Total: 12, Limited: 1, Unlimited: 11 (will be ignored)
2025-06-03 17:02:09 | INFO | gift_parser:start_gift_parsing_loop:130 - 📝 Updated gift 5782984811920491178: price=350⭐, remaining=91727/500000
2025-06-03 17:02:09 | INFO | gift_parser:start_gift_parsing_loop:150 - ✅ Database updated with LIMITED gifts only
2025-06-03 17:02:09 | INFO | gift_parser:start_gift_parsing_loop:158 - 👥 Found 1 users with autobuy enabled
2025-06-03 17:02:09 | DEBUG | gift_parser:start_gift_parsing_loop:174 - Cycle 1/1 for user 1487757625
2025-06-03 17:02:13 | DEBUG | gifts:aio_get_available_gifts:31 - Fetched 12 gifts from API
2025-06-03 17:02:13 | INFO | gift_parser:start_gift_parsing_loop:100 - 📊 Gifts fetched - Total: 12, Limited: 1, Unlimited: 11 (will be ignored)
2025-06-03 17:02:13 | INFO | gift_parser:start_gift_parsing_loop:130 - 📝 Updated gift 5782984811920491178: price=350⭐, remaining=91726/500000
2025-06-03 17:02:13 | INFO | gift_parser:start_gift_parsing_loop:150 - ✅ Database updated with LIMITED gifts only
2025-06-03 17:02:13 | INFO | gift_parser:start_gift_parsing_loop:158 - 👥 Found 1 users with autobuy enabled
2025-06-03 17:02:13 | DEBUG | gift_parser:start_gift_parsing_loop:174 - Cycle 1/1 for user 1487757625
2025-06-03 17:02:16 | DEBUG | gifts:aio_get_available_gifts:31 - Fetched 12 gifts from API
2025-06-03 17:02:16 | INFO | gift_parser:start_gift_parsing_loop:100 - 📊 Gifts fetched - Total: 12, Limited: 1, Unlimited: 11 (will be ignored)
2025-06-03 17:02:16 | INFO | gift_parser:start_gift_parsing_loop:150 - ✅ Database updated with LIMITED gifts only
2025-06-03 17:02:16 | INFO | gift_parser:start_gift_parsing_loop:158 - 👥 Found 1 users with autobuy enabled
2025-06-03 17:02:16 | DEBUG | gift_parser:start_gift_parsing_loop:174 - Cycle 1/1 for user 1487757625
2025-06-03 17:02:19 | DEBUG | gifts:aio_get_available_gifts:31 - Fetched 12 gifts from API
2025-06-03 17:02:19 | INFO | gift_parser:start_gift_parsing_loop:100 - 📊 Gifts fetched - Total: 12, Limited: 1, Unlimited: 11 (will be ignored)
2025-06-03 17:02:19 | INFO | gift_parser:start_gift_parsing_loop:150 - ✅ Database updated with LIMITED gifts only
2025-06-03 17:02:19 | INFO | gift_parser:start_gift_parsing_loop:158 - 👥 Found 1 users with autobuy enabled
2025-06-03 17:02:19 | DEBUG | gift_parser:start_gift_parsing_loop:174 - Cycle 1/1 for user 1487757625
2025-06-03 17:02:22 | DEBUG | gifts:aio_get_available_gifts:31 - Fetched 12 gifts from API
2025-06-03 17:02:22 | INFO | gift_parser:start_gift_parsing_loop:100 - 📊 Gifts fetched - Total: 12, Limited: 1, Unlimited: 11 (will be ignored)
2025-06-03 17:02:22 | INFO | gift_parser:start_gift_parsing_loop:150 - ✅ Database updated with LIMITED gifts only
2025-06-03 17:02:22 | INFO | gift_parser:start_gift_parsing_loop:158 - 👥 Found 1 users with autobuy enabled
2025-06-03 17:02:22 | DEBUG | gift_parser:start_gift_parsing_loop:174 - Cycle 1/1 for user 1487757625
2025-06-03 17:02:26 | DEBUG | gifts:aio_get_available_gifts:31 - Fetched 12 gifts from API
2025-06-03 17:02:26 | INFO | gift_parser:start_gift_parsing_loop:100 - 📊 Gifts fetched - Total: 12, Limited: 1, Unlimited: 11 (will be ignored)
2025-06-03 17:02:26 | INFO | gift_parser:start_gift_parsing_loop:150 - ✅ Database updated with LIMITED gifts only
2025-06-03 17:02:26 | INFO | gift_parser:start_gift_parsing_loop:158 - 👥 Found 1 users with autobuy enabled
2025-06-03 17:02:26 | DEBUG | gift_parser:start_gift_parsing_loop:174 - Cycle 1/1 for user 1487757625
2025-06-03 17:02:29 | DEBUG | gifts:aio_get_available_gifts:31 - Fetched 12 gifts from API
2025-06-03 17:02:29 | INFO | gift_parser:start_gift_parsing_loop:100 - 📊 Gifts fetched - Total: 12, Limited: 1, Unlimited: 11 (will be ignored)
2025-06-03 17:02:29 | INFO | gift_parser:start_gift_parsing_loop:150 - ✅ Database updated with LIMITED gifts only
2025-06-03 17:02:29 | INFO | gift_parser:start_gift_parsing_loop:158 - 👥 Found 1 users with autobuy enabled
2025-06-03 17:02:29 | DEBUG | gift_parser:start_gift_parsing_loop:174 - Cycle 1/1 for user 1487757625
2025-06-03 17:02:32 | DEBUG | gifts:aio_get_available_gifts:31 - Fetched 12 gifts from API
2025-06-03 17:02:32 | INFO | gift_parser:start_gift_parsing_loop:100 - 📊 Gifts fetched - Total: 12, Limited: 1, Unlimited: 11 (will be ignored)
2025-06-03 17:02:32 | INFO | gift_parser:start_gift_parsing_loop:150 - ✅ Database updated with LIMITED gifts only
2025-06-03 17:02:32 | INFO | gift_parser:start_gift_parsing_loop:158 - 👥 Found 1 users with autobuy enabled
2025-06-03 17:02:32 | DEBUG | gift_parser:start_gift_parsing_loop:174 - Cycle 1/1 for user 1487757625
2025-06-03 17:02:35 | DEBUG | gifts:aio_get_available_gifts:31 - Fetched 12 gifts from API
2025-06-03 17:02:35 | INFO | gift_parser:start_gift_parsing_loop:100 - 📊 Gifts fetched - Total: 12, Limited: 1, Unlimited: 11 (will be ignored)
2025-06-03 17:02:35 | INFO | gift_parser:start_gift_parsing_loop:150 - ✅ Database updated with LIMITED gifts only
2025-06-03 17:02:35 | INFO | gift_parser:start_gift_parsing_loop:158 - 👥 Found 1 users with autobuy enabled
2025-06-03 17:02:35 | DEBUG | gift_parser:start_gift_parsing_loop:174 - Cycle 1/1 for user 1487757625
2025-06-03 17:02:39 | DEBUG | gifts:aio_get_available_gifts:31 - Fetched 12 gifts from API
2025-06-03 17:02:39 | INFO | gift_parser:start_gift_parsing_loop:100 - 📊 Gifts fetched - Total: 12, Limited: 1, Unlimited: 11 (will be ignored)
2025-06-03 17:02:39 | INFO | gift_parser:start_gift_parsing_loop:150 - ✅ Database updated with LIMITED gifts only
2025-06-03 17:02:39 | INFO | gift_parser:start_gift_parsing_loop:158 - 👥 Found 1 users with autobuy enabled
2025-06-03 17:02:39 | DEBUG | gift_parser:start_gift_parsing_loop:174 - Cycle 1/1 for user 1487757625
2025-06-03 17:02:42 | DEBUG | gifts:aio_get_available_gifts:31 - Fetched 12 gifts from API
2025-06-03 17:02:42 | INFO | gift_parser:start_gift_parsing_loop:100 - 📊 Gifts fetched - Total: 12, Limited: 1, Unlimited: 11 (will be ignored)
2025-06-03 17:02:42 | INFO | gift_parser:start_gift_parsing_loop:150 - ✅ Database updated with LIMITED gifts only
2025-06-03 17:02:42 | INFO | gift_parser:start_gift_parsing_loop:158 - 👥 Found 1 users with autobuy enabled
2025-06-03 17:02:42 | DEBUG | gift_parser:start_gift_parsing_loop:174 - Cycle 1/1 for user 1487757625
2025-06-03 17:02:45 | DEBUG | gifts:aio_get_available_gifts:31 - Fetched 12 gifts from API
2025-06-03 17:02:45 | INFO | gift_parser:start_gift_parsing_loop:100 - 📊 Gifts fetched - Total: 12, Limited: 1, Unlimited: 11 (will be ignored)
2025-06-03 17:02:45 | INFO | gift_parser:start_gift_parsing_loop:130 - 📝 Updated gift 5782984811920491178: price=350⭐, remaining=91723/500000
2025-06-03 17:02:45 | INFO | gift_parser:start_gift_parsing_loop:150 - ✅ Database updated with LIMITED gifts only
2025-06-03 17:02:45 | INFO | gift_parser:start_gift_parsing_loop:158 - 👥 Found 1 users with autobuy enabled
2025-06-03 17:02:45 | DEBUG | gift_parser:start_gift_parsing_loop:174 - Cycle 1/1 for user 1487757625
2025-06-03 17:02:48 | DEBUG | gifts:aio_get_available_gifts:31 - Fetched 12 gifts from API
2025-06-03 17:02:48 | INFO | gift_parser:start_gift_parsing_loop:100 - 📊 Gifts fetched - Total: 12, Limited: 1, Unlimited: 11 (will be ignored)
2025-06-03 17:02:48 | INFO | gift_parser:start_gift_parsing_loop:150 - ✅ Database updated with LIMITED gifts only
2025-06-03 17:02:48 | INFO | gift_parser:start_gift_parsing_loop:158 - 👥 Found 1 users with autobuy enabled
2025-06-03 17:02:48 | DEBUG | gift_parser:start_gift_parsing_loop:174 - Cycle 1/1 for user 1487757625
2025-06-03 17:02:52 | DEBUG | gifts:aio_get_available_gifts:31 - Fetched 12 gifts from API
2025-06-03 17:02:52 | INFO | gift_parser:start_gift_parsing_loop:100 - 📊 Gifts fetched - Total: 12, Limited: 1, Unlimited: 11 (will be ignored)
2025-06-03 17:02:52 | INFO | gift_parser:start_gift_parsing_loop:150 - ✅ Database updated with LIMITED gifts only
2025-06-03 17:02:52 | INFO | gift_parser:start_gift_parsing_loop:158 - 👥 Found 1 users with autobuy enabled
2025-06-03 17:02:52 | DEBUG | gift_parser:start_gift_parsing_loop:174 - Cycle 1/1 for user 1487757625
2025-06-03 17:02:55 | DEBUG | gifts:aio_get_available_gifts:31 - Fetched 12 gifts from API
2025-06-03 17:02:55 | INFO | gift_parser:start_gift_parsing_loop:100 - 📊 Gifts fetched - Total: 12, Limited: 1, Unlimited: 11 (will be ignored)
2025-06-03 17:02:55 | INFO | gift_parser:start_gift_parsing_loop:150 - ✅ Database updated with LIMITED gifts only
2025-06-03 17:02:55 | INFO | gift_parser:start_gift_parsing_loop:158 - 👥 Found 1 users with autobuy enabled
2025-06-03 17:02:55 | DEBUG | gift_parser:start_gift_parsing_loop:174 - Cycle 1/1 for user 1487757625
2025-06-03 17:02:58 | DEBUG | gifts:aio_get_available_gifts:31 - Fetched 12 gifts from API
2025-06-03 17:02:58 | INFO | gift_parser:start_gift_parsing_loop:100 - 📊 Gifts fetched - Total: 12, Limited: 1, Unlimited: 11 (will be ignored)
2025-06-03 17:02:58 | INFO | gift_parser:start_gift_parsing_loop:150 - ✅ Database updated with LIMITED gifts only
2025-06-03 17:02:58 | INFO | gift_parser:start_gift_parsing_loop:158 - 👥 Found 1 users with autobuy enabled
2025-06-03 17:02:58 | DEBUG | gift_parser:start_gift_parsing_loop:174 - Cycle 1/1 for user 1487757625
2025-06-03 17:03:01 | DEBUG | gifts:aio_get_available_gifts:31 - Fetched 12 gifts from API
2025-06-03 17:03:01 | INFO | gift_parser:start_gift_parsing_loop:100 - 📊 Gifts fetched - Total: 12, Limited: 1, Unlimited: 11 (will be ignored)
2025-06-03 17:03:01 | INFO | gift_parser:start_gift_parsing_loop:150 - ✅ Database updated with LIMITED gifts only
2025-06-03 17:03:01 | INFO | gift_parser:start_gift_parsing_loop:158 - 👥 Found 1 users with autobuy enabled
2025-06-03 17:03:01 | DEBUG | gift_parser:start_gift_parsing_loop:174 - Cycle 1/1 for user 1487757625
2025-06-03 17:03:05 | DEBUG | gifts:aio_get_available_gifts:31 - Fetched 12 gifts from API
2025-06-03 17:03:05 | INFO | gift_parser:start_gift_parsing_loop:100 - 📊 Gifts fetched - Total: 12, Limited: 1, Unlimited: 11 (will be ignored)
2025-06-03 17:03:05 | INFO | gift_parser:start_gift_parsing_loop:150 - ✅ Database updated with LIMITED gifts only
2025-06-03 17:03:05 | INFO | gift_parser:start_gift_parsing_loop:158 - 👥 Found 1 users with autobuy enabled
2025-06-03 17:03:05 | DEBUG | gift_parser:start_gift_parsing_loop:174 - Cycle 1/1 for user 1487757625
2025-06-03 17:03:08 | DEBUG | gifts:aio_get_available_gifts:31 - Fetched 12 gifts from API
2025-06-03 17:03:08 | INFO | gift_parser:start_gift_parsing_loop:100 - 📊 Gifts fetched - Total: 12, Limited: 1, Unlimited: 11 (will be ignored)
2025-06-03 17:03:08 | INFO | gift_parser:start_gift_parsing_loop:150 - ✅ Database updated with LIMITED gifts only
2025-06-03 17:03:08 | INFO | gift_parser:start_gift_parsing_loop:158 - 👥 Found 1 users with autobuy enabled
2025-06-03 17:03:08 | DEBUG | gift_parser:start_gift_parsing_loop:174 - Cycle 1/1 for user 1487757625
2025-06-03 17:03:11 | DEBUG | gifts:aio_get_available_gifts:31 - Fetched 12 gifts from API
2025-06-03 17:03:11 | INFO | gift_parser:start_gift_parsing_loop:100 - 📊 Gifts fetched - Total: 12, Limited: 1, Unlimited: 11 (will be ignored)
2025-06-03 17:03:11 | INFO | gift_parser:start_gift_parsing_loop:130 - 📝 Updated gift 5782984811920491178: price=350⭐, remaining=91725/500000
2025-06-03 17:03:11 | INFO | gift_parser:start_gift_parsing_loop:150 - ✅ Database updated with LIMITED gifts only
2025-06-03 17:03:11 | INFO | gift_parser:start_gift_parsing_loop:158 - 👥 Found 1 users with autobuy enabled
2025-06-03 17:03:11 | DEBUG | gift_parser:start_gift_parsing_loop:174 - Cycle 1/1 for user 1487757625
2025-06-03 17:03:14 | DEBUG | gifts:aio_get_available_gifts:31 - Fetched 12 gifts from API
2025-06-03 17:03:14 | INFO | gift_parser:start_gift_parsing_loop:100 - 📊 Gifts fetched - Total: 12, Limited: 1, Unlimited: 11 (will be ignored)
2025-06-03 17:03:14 | INFO | gift_parser:start_gift_parsing_loop:130 - 📝 Updated gift 5782984811920491178: price=350⭐, remaining=91723/500000
2025-06-03 17:03:15 | INFO | gift_parser:start_gift_parsing_loop:150 - ✅ Database updated with LIMITED gifts only
2025-06-03 17:03:15 | INFO | gift_parser:start_gift_parsing_loop:158 - 👥 Found 1 users with autobuy enabled
2025-06-03 17:03:15 | DEBUG | gift_parser:start_gift_parsing_loop:174 - Cycle 1/1 for user 1487757625
2025-06-03 17:03:18 | DEBUG | gifts:aio_get_available_gifts:31 - Fetched 12 gifts from API
2025-06-03 17:03:18 | INFO | gift_parser:start_gift_parsing_loop:100 - 📊 Gifts fetched - Total: 12, Limited: 1, Unlimited: 11 (will be ignored)
2025-06-03 17:03:18 | INFO | gift_parser:start_gift_parsing_loop:150 - ✅ Database updated with LIMITED gifts only
2025-06-03 17:03:18 | INFO | gift_parser:start_gift_parsing_loop:158 - 👥 Found 1 users with autobuy enabled
2025-06-03 17:03:18 | DEBUG | gift_parser:start_gift_parsing_loop:174 - Cycle 1/1 for user 1487757625
2025-06-03 17:03:21 | DEBUG | gifts:aio_get_available_gifts:31 - Fetched 12 gifts from API
2025-06-03 17:03:21 | INFO | gift_parser:start_gift_parsing_loop:100 - 📊 Gifts fetched - Total: 12, Limited: 1, Unlimited: 11 (will be ignored)
2025-06-03 17:03:21 | INFO | gift_parser:start_gift_parsing_loop:150 - ✅ Database updated with LIMITED gifts only
2025-06-03 17:03:21 | INFO | gift_parser:start_gift_parsing_loop:158 - 👥 Found 1 users with autobuy enabled
2025-06-03 17:03:21 | DEBUG | gift_parser:start_gift_parsing_loop:174 - Cycle 1/1 for user 1487757625
2025-06-03 17:03:24 | DEBUG | gifts:aio_get_available_gifts:31 - Fetched 12 gifts from API
2025-06-03 17:03:24 | INFO | gift_parser:start_gift_parsing_loop:100 - 📊 Gifts fetched - Total: 12, Limited: 1, Unlimited: 11 (will be ignored)
2025-06-03 17:03:24 | INFO | gift_parser:start_gift_parsing_loop:150 - ✅ Database updated with LIMITED gifts only
2025-06-03 17:03:24 | INFO | gift_parser:start_gift_parsing_loop:158 - 👥 Found 1 users with autobuy enabled
2025-06-03 17:03:24 | DEBUG | gift_parser:start_gift_parsing_loop:174 - Cycle 1/1 for user 1487757625
2025-06-03 17:03:28 | DEBUG | gifts:aio_get_available_gifts:31 - Fetched 12 gifts from API
2025-06-03 17:03:28 | INFO | gift_parser:start_gift_parsing_loop:100 - 📊 Gifts fetched - Total: 12, Limited: 1, Unlimited: 11 (will be ignored)
2025-06-03 17:03:28 | INFO | gift_parser:start_gift_parsing_loop:150 - ✅ Database updated with LIMITED gifts only
2025-06-03 17:03:28 | INFO | gift_parser:start_gift_parsing_loop:158 - 👥 Found 1 users with autobuy enabled
2025-06-03 17:03:28 | DEBUG | gift_parser:start_gift_parsing_loop:174 - Cycle 1/1 for user 1487757625
2025-06-03 17:03:31 | DEBUG | gifts:aio_get_available_gifts:31 - Fetched 12 gifts from API
2025-06-03 17:03:31 | INFO | gift_parser:start_gift_parsing_loop:100 - 📊 Gifts fetched - Total: 12, Limited: 1, Unlimited: 11 (will be ignored)
2025-06-03 17:03:31 | INFO | gift_parser:start_gift_parsing_loop:150 - ✅ Database updated with LIMITED gifts only
2025-06-03 17:03:31 | INFO | gift_parser:start_gift_parsing_loop:158 - 👥 Found 1 users with autobuy enabled
2025-06-03 17:03:31 | DEBUG | gift_parser:start_gift_parsing_loop:174 - Cycle 1/1 for user 1487757625
2025-06-03 17:03:34 | DEBUG | gifts:aio_get_available_gifts:31 - Fetched 12 gifts from API
2025-06-03 17:03:34 | INFO | gift_parser:start_gift_parsing_loop:100 - 📊 Gifts fetched - Total: 12, Limited: 1, Unlimited: 11 (will be ignored)
2025-06-03 17:03:34 | INFO | gift_parser:start_gift_parsing_loop:150 - ✅ Database updated with LIMITED gifts only
2025-06-03 17:03:34 | INFO | gift_parser:start_gift_parsing_loop:158 - 👥 Found 1 users with autobuy enabled
2025-06-03 17:03:34 | DEBUG | gift_parser:start_gift_parsing_loop:174 - Cycle 1/1 for user 1487757625
2025-06-03 17:03:37 | DEBUG | gifts:aio_get_available_gifts:31 - Fetched 12 gifts from API
2025-06-03 17:03:37 | INFO | gift_parser:start_gift_parsing_loop:100 - 📊 Gifts fetched - Total: 12, Limited: 1, Unlimited: 11 (will be ignored)
2025-06-03 17:03:37 | INFO | gift_parser:start_gift_parsing_loop:130 - 📝 Updated gift 5782984811920491178: price=350⭐, remaining=91719/500000
2025-06-03 17:03:37 | INFO | gift_parser:start_gift_parsing_loop:150 - ✅ Database updated with LIMITED gifts only
2025-06-03 17:03:37 | INFO | gift_parser:start_gift_parsing_loop:158 - 👥 Found 1 users with autobuy enabled
2025-06-03 17:03:37 | DEBUG | gift_parser:start_gift_parsing_loop:174 - Cycle 1/1 for user 1487757625
2025-06-03 17:03:41 | DEBUG | gifts:aio_get_available_gifts:31 - Fetched 12 gifts from API
2025-06-03 17:03:41 | INFO | gift_parser:start_gift_parsing_loop:100 - 📊 Gifts fetched - Total: 12, Limited: 1, Unlimited: 11 (will be ignored)
2025-06-03 17:03:41 | INFO | gift_parser:start_gift_parsing_loop:150 - ✅ Database updated with LIMITED gifts only
2025-06-03 17:03:41 | INFO | gift_parser:start_gift_parsing_loop:158 - 👥 Found 1 users with autobuy enabled
2025-06-03 17:03:41 | DEBUG | gift_parser:start_gift_parsing_loop:174 - Cycle 1/1 for user 1487757625
2025-06-03 17:03:44 | DEBUG | gifts:aio_get_available_gifts:31 - Fetched 12 gifts from API
2025-06-03 17:03:44 | INFO | gift_parser:start_gift_parsing_loop:100 - 📊 Gifts fetched - Total: 12, Limited: 1, Unlimited: 11 (will be ignored)
2025-06-03 17:03:44 | INFO | gift_parser:start_gift_parsing_loop:150 - ✅ Database updated with LIMITED gifts only
2025-06-03 17:03:44 | INFO | gift_parser:start_gift_parsing_loop:158 - 👥 Found 1 users with autobuy enabled
2025-06-03 17:03:44 | DEBUG | gift_parser:start_gift_parsing_loop:174 - Cycle 1/1 for user 1487757625
2025-06-03 17:03:47 | DEBUG | gifts:aio_get_available_gifts:31 - Fetched 12 gifts from API
2025-06-03 17:03:47 | INFO | gift_parser:start_gift_parsing_loop:100 - 📊 Gifts fetched - Total: 12, Limited: 1, Unlimited: 11 (will be ignored)
2025-06-03 17:03:47 | INFO | gift_parser:start_gift_parsing_loop:150 - ✅ Database updated with LIMITED gifts only
2025-06-03 17:03:47 | INFO | gift_parser:start_gift_parsing_loop:158 - 👥 Found 1 users with autobuy enabled
2025-06-03 17:03:47 | DEBUG | gift_parser:start_gift_parsing_loop:174 - Cycle 1/1 for user 1487757625
2025-06-03 17:03:50 | DEBUG | gifts:aio_get_available_gifts:31 - Fetched 12 gifts from API
2025-06-03 17:03:50 | INFO | gift_parser:start_gift_parsing_loop:100 - 📊 Gifts fetched - Total: 12, Limited: 1, Unlimited: 11 (will be ignored)
2025-06-03 17:03:50 | INFO | gift_parser:start_gift_parsing_loop:150 - ✅ Database updated with LIMITED gifts only
2025-06-03 17:03:50 | INFO | gift_parser:start_gift_parsing_loop:158 - 👥 Found 1 users with autobuy enabled
2025-06-03 17:03:50 | DEBUG | gift_parser:start_gift_parsing_loop:174 - Cycle 1/1 for user 1487757625
2025-06-03 17:03:54 | DEBUG | gifts:aio_get_available_gifts:31 - Fetched 12 gifts from API
2025-06-03 17:03:54 | INFO | gift_parser:start_gift_parsing_loop:100 - 📊 Gifts fetched - Total: 12, Limited: 1, Unlimited: 11 (will be ignored)
2025-06-03 17:03:54 | INFO | gift_parser:start_gift_parsing_loop:150 - ✅ Database updated with LIMITED gifts only
2025-06-03 17:03:54 | INFO | gift_parser:start_gift_parsing_loop:158 - 👥 Found 1 users with autobuy enabled
2025-06-03 17:03:54 | DEBUG | gift_parser:start_gift_parsing_loop:174 - Cycle 1/1 for user 1487757625
2025-06-03 17:03:57 | DEBUG | gifts:aio_get_available_gifts:31 - Fetched 12 gifts from API
2025-06-03 17:03:57 | INFO | gift_parser:start_gift_parsing_loop:100 - 📊 Gifts fetched - Total: 12, Limited: 1, Unlimited: 11 (will be ignored)
2025-06-03 17:03:57 | INFO | gift_parser:start_gift_parsing_loop:150 - ✅ Database updated with LIMITED gifts only
2025-06-03 17:03:57 | INFO | gift_parser:start_gift_parsing_loop:158 - 👥 Found 1 users with autobuy enabled
2025-06-03 17:03:57 | DEBUG | gift_parser:start_gift_parsing_loop:174 - Cycle 1/1 for user 1487757625
2025-06-03 17:04:00 | DEBUG | gifts:aio_get_available_gifts:31 - Fetched 12 gifts from API
2025-06-03 17:04:00 | INFO | gift_parser:start_gift_parsing_loop:100 - 📊 Gifts fetched - Total: 12, Limited: 1, Unlimited: 11 (will be ignored)
2025-06-03 17:04:00 | INFO | gift_parser:start_gift_parsing_loop:150 - ✅ Database updated with LIMITED gifts only
2025-06-03 17:04:00 | INFO | gift_parser:start_gift_parsing_loop:158 - 👥 Found 1 users with autobuy enabled
2025-06-03 17:04:00 | DEBUG | gift_parser:start_gift_parsing_loop:174 - Cycle 1/1 for user 1487757625
2025-06-03 17:04:03 | DEBUG | gifts:aio_get_available_gifts:31 - Fetched 12 gifts from API
2025-06-03 17:04:03 | INFO | gift_parser:start_gift_parsing_loop:100 - 📊 Gifts fetched - Total: 12, Limited: 1, Unlimited: 11 (will be ignored)
2025-06-03 17:04:03 | INFO | gift_parser:start_gift_parsing_loop:150 - ✅ Database updated with LIMITED gifts only
2025-06-03 17:04:03 | INFO | gift_parser:start_gift_parsing_loop:158 - 👥 Found 1 users with autobuy enabled
2025-06-03 17:04:03 | DEBUG | gift_parser:start_gift_parsing_loop:174 - Cycle 1/1 for user 1487757625
2025-06-03 17:04:07 | DEBUG | gifts:aio_get_available_gifts:31 - Fetched 12 gifts from API
2025-06-03 17:04:07 | INFO | gift_parser:start_gift_parsing_loop:100 - 📊 Gifts fetched - Total: 12, Limited: 1, Unlimited: 11 (will be ignored)
2025-06-03 17:04:07 | INFO | gift_parser:start_gift_parsing_loop:150 - ✅ Database updated with LIMITED gifts only
2025-06-03 17:04:07 | INFO | gift_parser:start_gift_parsing_loop:158 - 👥 Found 1 users with autobuy enabled
2025-06-03 17:04:07 | DEBUG | gift_parser:start_gift_parsing_loop:174 - Cycle 1/1 for user 1487757625
2025-06-03 17:04:10 | DEBUG | gifts:aio_get_available_gifts:31 - Fetched 12 gifts from API
2025-06-03 17:04:10 | INFO | gift_parser:start_gift_parsing_loop:100 - 📊 Gifts fetched - Total: 12, Limited: 1, Unlimited: 11 (will be ignored)
2025-06-03 17:04:10 | INFO | gift_parser:start_gift_parsing_loop:150 - ✅ Database updated with LIMITED gifts only
2025-06-03 17:04:10 | INFO | gift_parser:start_gift_parsing_loop:158 - 👥 Found 1 users with autobuy enabled
2025-06-03 17:04:10 | DEBUG | gift_parser:start_gift_parsing_loop:174 - Cycle 1/1 for user 1487757625
2025-06-03 17:04:13 | DEBUG | gifts:aio_get_available_gifts:31 - Fetched 12 gifts from API
2025-06-03 17:04:13 | INFO | gift_parser:start_gift_parsing_loop:100 - 📊 Gifts fetched - Total: 12, Limited: 1, Unlimited: 11 (will be ignored)
2025-06-03 17:04:13 | INFO | gift_parser:start_gift_parsing_loop:150 - ✅ Database updated with LIMITED gifts only
2025-06-03 17:04:13 | INFO | gift_parser:start_gift_parsing_loop:158 - 👥 Found 1 users with autobuy enabled
2025-06-03 17:04:13 | DEBUG | gift_parser:start_gift_parsing_loop:174 - Cycle 1/1 for user 1487757625
2025-06-03 17:04:16 | DEBUG | gifts:aio_get_available_gifts:31 - Fetched 12 gifts from API
2025-06-03 17:04:16 | INFO | gift_parser:start_gift_parsing_loop:100 - 📊 Gifts fetched - Total: 12, Limited: 1, Unlimited: 11 (will be ignored)
2025-06-03 17:04:16 | INFO | gift_parser:start_gift_parsing_loop:150 - ✅ Database updated with LIMITED gifts only
2025-06-03 17:04:16 | INFO | gift_parser:start_gift_parsing_loop:158 - 👥 Found 1 users with autobuy enabled
2025-06-03 17:04:16 | DEBUG | gift_parser:start_gift_parsing_loop:174 - Cycle 1/1 for user 1487757625
2025-06-03 17:04:20 | DEBUG | gifts:aio_get_available_gifts:31 - Fetched 12 gifts from API
2025-06-03 17:04:20 | INFO | gift_parser:start_gift_parsing_loop:100 - 📊 Gifts fetched - Total: 12, Limited: 1, Unlimited: 11 (will be ignored)
2025-06-03 17:04:20 | INFO | gift_parser:start_gift_parsing_loop:150 - ✅ Database updated with LIMITED gifts only
2025-06-03 17:04:20 | INFO | gift_parser:start_gift_parsing_loop:158 - 👥 Found 1 users with autobuy enabled
2025-06-03 17:04:20 | DEBUG | gift_parser:start_gift_parsing_loop:174 - Cycle 1/1 for user 1487757625
2025-06-03 17:04:23 | DEBUG | gifts:aio_get_available_gifts:31 - Fetched 12 gifts from API
2025-06-03 17:04:23 | INFO | gift_parser:start_gift_parsing_loop:100 - 📊 Gifts fetched - Total: 12, Limited: 1, Unlimited: 11 (will be ignored)
2025-06-03 17:04:23 | INFO | gift_parser:start_gift_parsing_loop:150 - ✅ Database updated with LIMITED gifts only
2025-06-03 17:04:23 | INFO | gift_parser:start_gift_parsing_loop:158 - 👥 Found 1 users with autobuy enabled
2025-06-03 17:04:23 | DEBUG | gift_parser:start_gift_parsing_loop:174 - Cycle 1/1 for user 1487757625
2025-06-03 17:04:26 | DEBUG | gifts:aio_get_available_gifts:31 - Fetched 12 gifts from API
2025-06-03 17:04:26 | INFO | gift_parser:start_gift_parsing_loop:100 - 📊 Gifts fetched - Total: 12, Limited: 1, Unlimited: 11 (will be ignored)
2025-06-03 17:04:26 | INFO | gift_parser:start_gift_parsing_loop:150 - ✅ Database updated with LIMITED gifts only
2025-06-03 17:04:26 | INFO | gift_parser:start_gift_parsing_loop:158 - 👥 Found 1 users with autobuy enabled
2025-06-03 17:04:26 | DEBUG | gift_parser:start_gift_parsing_loop:174 - Cycle 1/1 for user 1487757625
2025-06-03 17:04:29 | DEBUG | gifts:aio_get_available_gifts:31 - Fetched 12 gifts from API
2025-06-03 17:04:29 | INFO | gift_parser:start_gift_parsing_loop:100 - 📊 Gifts fetched - Total: 12, Limited: 1, Unlimited: 11 (will be ignored)
2025-06-03 17:04:29 | INFO | gift_parser:start_gift_parsing_loop:130 - 📝 Updated gift 5782984811920491178: price=350⭐, remaining=91717/500000
2025-06-03 17:04:29 | INFO | gift_parser:start_gift_parsing_loop:150 - ✅ Database updated with LIMITED gifts only
2025-06-03 17:04:29 | INFO | gift_parser:start_gift_parsing_loop:158 - 👥 Found 1 users with autobuy enabled
2025-06-03 17:04:29 | DEBUG | gift_parser:start_gift_parsing_loop:174 - Cycle 1/1 for user 1487757625
2025-06-03 17:04:33 | DEBUG | gifts:aio_get_available_gifts:31 - Fetched 12 gifts from API
2025-06-03 17:04:33 | INFO | gift_parser:start_gift_parsing_loop:100 - 📊 Gifts fetched - Total: 12, Limited: 1, Unlimited: 11 (will be ignored)
2025-06-03 17:04:33 | INFO | gift_parser:start_gift_parsing_loop:150 - ✅ Database updated with LIMITED gifts only
2025-06-03 17:04:33 | INFO | gift_parser:start_gift_parsing_loop:158 - 👥 Found 1 users with autobuy enabled
2025-06-03 17:04:33 | DEBUG | gift_parser:start_gift_parsing_loop:174 - Cycle 1/1 for user 1487757625
2025-06-03 17:04:36 | DEBUG | gifts:aio_get_available_gifts:31 - Fetched 12 gifts from API
2025-06-03 17:04:36 | INFO | gift_parser:start_gift_parsing_loop:100 - 📊 Gifts fetched - Total: 12, Limited: 1, Unlimited: 11 (will be ignored)
2025-06-03 17:04:36 | INFO | gift_parser:start_gift_parsing_loop:150 - ✅ Database updated with LIMITED gifts only
2025-06-03 17:04:36 | INFO | gift_parser:start_gift_parsing_loop:158 - 👥 Found 1 users with autobuy enabled
2025-06-03 17:04:36 | DEBUG | gift_parser:start_gift_parsing_loop:174 - Cycle 1/1 for user 1487757625
2025-06-03 17:04:39 | DEBUG | gifts:aio_get_available_gifts:31 - Fetched 12 gifts from API
2025-06-03 17:04:39 | INFO | gift_parser:start_gift_parsing_loop:100 - 📊 Gifts fetched - Total: 12, Limited: 1, Unlimited: 11 (will be ignored)
2025-06-03 17:04:39 | INFO | gift_parser:start_gift_parsing_loop:150 - ✅ Database updated with LIMITED gifts only
2025-06-03 17:04:39 | INFO | gift_parser:start_gift_parsing_loop:158 - 👥 Found 1 users with autobuy enabled
2025-06-03 17:04:39 | DEBUG | gift_parser:start_gift_parsing_loop:174 - Cycle 1/1 for user 1487757625
2025-06-03 17:04:42 | DEBUG | gifts:aio_get_available_gifts:31 - Fetched 12 gifts from API
2025-06-03 17:04:42 | INFO | gift_parser:start_gift_parsing_loop:100 - 📊 Gifts fetched - Total: 12, Limited: 1, Unlimited: 11 (will be ignored)
2025-06-03 17:04:42 | INFO | gift_parser:start_gift_parsing_loop:150 - ✅ Database updated with LIMITED gifts only
2025-06-03 17:04:42 | INFO | gift_parser:start_gift_parsing_loop:158 - 👥 Found 1 users with autobuy enabled
2025-06-03 17:04:42 | DEBUG | gift_parser:start_gift_parsing_loop:174 - Cycle 1/1 for user 1487757625
2025-06-03 17:04:46 | DEBUG | gifts:aio_get_available_gifts:31 - Fetched 12 gifts from API
2025-06-03 17:04:46 | INFO | gift_parser:start_gift_parsing_loop:100 - 📊 Gifts fetched - Total: 12, Limited: 1, Unlimited: 11 (will be ignored)
2025-06-03 17:04:46 | INFO | gift_parser:start_gift_parsing_loop:150 - ✅ Database updated with LIMITED gifts only
2025-06-03 17:04:46 | INFO | gift_parser:start_gift_parsing_loop:158 - 👥 Found 1 users with autobuy enabled
2025-06-03 17:04:46 | DEBUG | gift_parser:start_gift_parsing_loop:174 - Cycle 1/1 for user 1487757625
2025-06-03 17:04:49 | DEBUG | gifts:aio_get_available_gifts:31 - Fetched 12 gifts from API
2025-06-03 17:04:49 | INFO | gift_parser:start_gift_parsing_loop:100 - 📊 Gifts fetched - Total: 12, Limited: 1, Unlimited: 11 (will be ignored)
2025-06-03 17:04:49 | INFO | gift_parser:start_gift_parsing_loop:150 - ✅ Database updated with LIMITED gifts only
2025-06-03 17:04:49 | INFO | gift_parser:start_gift_parsing_loop:158 - 👥 Found 1 users with autobuy enabled
2025-06-03 17:04:49 | DEBUG | gift_parser:start_gift_parsing_loop:174 - Cycle 1/1 for user 1487757625
2025-06-03 17:04:52 | DEBUG | gifts:aio_get_available_gifts:31 - Fetched 12 gifts from API
2025-06-03 17:04:52 | INFO | gift_parser:start_gift_parsing_loop:100 - 📊 Gifts fetched - Total: 12, Limited: 1, Unlimited: 11 (will be ignored)
2025-06-03 17:04:52 | INFO | gift_parser:start_gift_parsing_loop:150 - ✅ Database updated with LIMITED gifts only
2025-06-03 17:04:52 | INFO | gift_parser:start_gift_parsing_loop:158 - 👥 Found 1 users with autobuy enabled
2025-06-03 17:04:52 | DEBUG | gift_parser:start_gift_parsing_loop:174 - Cycle 1/1 for user 1487757625
2025-06-03 17:04:55 | DEBUG | gifts:aio_get_available_gifts:31 - Fetched 12 gifts from API
2025-06-03 17:04:55 | INFO | gift_parser:start_gift_parsing_loop:100 - 📊 Gifts fetched - Total: 12, Limited: 1, Unlimited: 11 (will be ignored)
2025-06-03 17:04:55 | INFO | gift_parser:start_gift_parsing_loop:150 - ✅ Database updated with LIMITED gifts only
2025-06-03 17:04:55 | INFO | gift_parser:start_gift_parsing_loop:158 - 👥 Found 1 users with autobuy enabled
2025-06-03 17:04:55 | DEBUG | gift_parser:start_gift_parsing_loop:174 - Cycle 1/1 for user 1487757625
2025-06-03 17:04:59 | DEBUG | gifts:aio_get_available_gifts:31 - Fetched 12 gifts from API
2025-06-03 17:04:59 | INFO | gift_parser:start_gift_parsing_loop:100 - 📊 Gifts fetched - Total: 12, Limited: 1, Unlimited: 11 (will be ignored)
2025-06-03 17:04:59 | INFO | gift_parser:start_gift_parsing_loop:150 - ✅ Database updated with LIMITED gifts only
2025-06-03 17:04:59 | INFO | gift_parser:start_gift_parsing_loop:158 - 👥 Found 1 users with autobuy enabled
2025-06-03 17:04:59 | DEBUG | gift_parser:start_gift_parsing_loop:174 - Cycle 1/1 for user 1487757625
2025-06-03 17:05:02 | DEBUG | gifts:aio_get_available_gifts:31 - Fetched 12 gifts from API
2025-06-03 17:05:02 | INFO | gift_parser:start_gift_parsing_loop:100 - 📊 Gifts fetched - Total: 12, Limited: 1, Unlimited: 11 (will be ignored)
2025-06-03 17:05:02 | INFO | gift_parser:start_gift_parsing_loop:150 - ✅ Database updated with LIMITED gifts only
2025-06-03 17:05:02 | INFO | gift_parser:start_gift_parsing_loop:158 - 👥 Found 1 users with autobuy enabled
2025-06-03 17:05:02 | DEBUG | gift_parser:start_gift_parsing_loop:174 - Cycle 1/1 for user 1487757625
2025-06-03 17:05:05 | DEBUG | gifts:aio_get_available_gifts:31 - Fetched 12 gifts from API
2025-06-03 17:05:05 | INFO | gift_parser:start_gift_parsing_loop:100 - 📊 Gifts fetched - Total: 12, Limited: 1, Unlimited: 11 (will be ignored)
2025-06-03 17:05:05 | INFO | gift_parser:start_gift_parsing_loop:150 - ✅ Database updated with LIMITED gifts only
2025-06-03 17:05:05 | INFO | gift_parser:start_gift_parsing_loop:158 - 👥 Found 1 users with autobuy enabled
2025-06-03 17:05:05 | DEBUG | gift_parser:start_gift_parsing_loop:174 - Cycle 1/1 for user 1487757625
2025-06-03 17:05:08 | DEBUG | gifts:aio_get_available_gifts:31 - Fetched 12 gifts from API
2025-06-03 17:05:08 | INFO | gift_parser:start_gift_parsing_loop:100 - 📊 Gifts fetched - Total: 12, Limited: 1, Unlimited: 11 (will be ignored)
2025-06-03 17:05:08 | INFO | gift_parser:start_gift_parsing_loop:150 - ✅ Database updated with LIMITED gifts only
2025-06-03 17:05:08 | INFO | gift_parser:start_gift_parsing_loop:158 - 👥 Found 1 users with autobuy enabled
2025-06-03 17:05:08 | DEBUG | gift_parser:start_gift_parsing_loop:174 - Cycle 1/1 for user 1487757625
2025-06-03 17:05:12 | DEBUG | gifts:aio_get_available_gifts:31 - Fetched 12 gifts from API
2025-06-03 17:05:12 | INFO | gift_parser:start_gift_parsing_loop:100 - 📊 Gifts fetched - Total: 12, Limited: 1, Unlimited: 11 (will be ignored)
2025-06-03 17:05:12 | INFO | gift_parser:start_gift_parsing_loop:150 - ✅ Database updated with LIMITED gifts only
2025-06-03 17:05:12 | INFO | gift_parser:start_gift_parsing_loop:158 - 👥 Found 1 users with autobuy enabled
2025-06-03 17:05:12 | DEBUG | gift_parser:start_gift_parsing_loop:174 - Cycle 1/1 for user 1487757625
2025-06-03 17:05:15 | DEBUG | gifts:aio_get_available_gifts:31 - Fetched 12 gifts from API
2025-06-03 17:05:15 | INFO | gift_parser:start_gift_parsing_loop:100 - 📊 Gifts fetched - Total: 12, Limited: 1, Unlimited: 11 (will be ignored)
2025-06-03 17:05:15 | INFO | gift_parser:start_gift_parsing_loop:150 - ✅ Database updated with LIMITED gifts only
2025-06-03 17:05:15 | INFO | gift_parser:start_gift_parsing_loop:158 - 👥 Found 1 users with autobuy enabled
2025-06-03 17:05:15 | DEBUG | gift_parser:start_gift_parsing_loop:174 - Cycle 1/1 for user 1487757625
2025-06-03 17:05:18 | DEBUG | gifts:aio_get_available_gifts:31 - Fetched 12 gifts from API
2025-06-03 17:05:18 | INFO | gift_parser:start_gift_parsing_loop:100 - 📊 Gifts fetched - Total: 12, Limited: 1, Unlimited: 11 (will be ignored)
2025-06-03 17:05:18 | INFO | gift_parser:start_gift_parsing_loop:130 - 📝 Updated gift 5782984811920491178: price=350⭐, remaining=91715/500000
2025-06-03 17:05:18 | INFO | gift_parser:start_gift_parsing_loop:150 - ✅ Database updated with LIMITED gifts only
2025-06-03 17:05:18 | INFO | gift_parser:start_gift_parsing_loop:158 - 👥 Found 1 users with autobuy enabled
2025-06-03 17:05:18 | DEBUG | gift_parser:start_gift_parsing_loop:174 - Cycle 1/1 for user 1487757625
2025-06-03 17:05:21 | DEBUG | gifts:aio_get_available_gifts:31 - Fetched 12 gifts from API
2025-06-03 17:05:21 | INFO | gift_parser:start_gift_parsing_loop:100 - 📊 Gifts fetched - Total: 12, Limited: 1, Unlimited: 11 (will be ignored)
2025-06-03 17:05:21 | INFO | gift_parser:start_gift_parsing_loop:150 - ✅ Database updated with LIMITED gifts only
2025-06-03 17:05:21 | INFO | gift_parser:start_gift_parsing_loop:158 - 👥 Found 1 users with autobuy enabled
2025-06-03 17:05:21 | DEBUG | gift_parser:start_gift_parsing_loop:174 - Cycle 1/1 for user 1487757625
2025-06-03 17:05:25 | DEBUG | gifts:aio_get_available_gifts:31 - Fetched 12 gifts from API
2025-06-03 17:05:25 | INFO | gift_parser:start_gift_parsing_loop:100 - 📊 Gifts fetched - Total: 12, Limited: 1, Unlimited: 11 (will be ignored)
2025-06-03 17:05:25 | INFO | gift_parser:start_gift_parsing_loop:150 - ✅ Database updated with LIMITED gifts only
2025-06-03 17:05:25 | INFO | gift_parser:start_gift_parsing_loop:158 - 👥 Found 1 users with autobuy enabled
2025-06-03 17:05:25 | DEBUG | gift_parser:start_gift_parsing_loop:174 - Cycle 1/1 for user 1487757625
2025-06-03 17:05:28 | DEBUG | gifts:aio_get_available_gifts:31 - Fetched 12 gifts from API
2025-06-03 17:05:28 | INFO | gift_parser:start_gift_parsing_loop:100 - 📊 Gifts fetched - Total: 12, Limited: 1, Unlimited: 11 (will be ignored)
2025-06-03 17:05:28 | INFO | gift_parser:start_gift_parsing_loop:150 - ✅ Database updated with LIMITED gifts only
2025-06-03 17:05:28 | INFO | gift_parser:start_gift_parsing_loop:158 - 👥 Found 1 users with autobuy enabled
2025-06-03 17:05:28 | DEBUG | gift_parser:start_gift_parsing_loop:174 - Cycle 1/1 for user 1487757625
2025-06-03 17:05:31 | DEBUG | gifts:aio_get_available_gifts:31 - Fetched 12 gifts from API
2025-06-03 17:05:31 | INFO | gift_parser:start_gift_parsing_loop:100 - 📊 Gifts fetched - Total: 12, Limited: 1, Unlimited: 11 (will be ignored)
2025-06-03 17:05:31 | INFO | gift_parser:start_gift_parsing_loop:150 - ✅ Database updated with LIMITED gifts only
2025-06-03 17:05:31 | INFO | gift_parser:start_gift_parsing_loop:158 - 👥 Found 1 users with autobuy enabled
2025-06-03 17:05:31 | DEBUG | gift_parser:start_gift_parsing_loop:174 - Cycle 1/1 for user 1487757625
2025-06-03 17:05:34 | DEBUG | gifts:aio_get_available_gifts:31 - Fetched 12 gifts from API
2025-06-03 17:05:34 | INFO | gift_parser:start_gift_parsing_loop:100 - 📊 Gifts fetched - Total: 12, Limited: 1, Unlimited: 11 (will be ignored)
2025-06-03 17:05:34 | INFO | gift_parser:start_gift_parsing_loop:150 - ✅ Database updated with LIMITED gifts only
2025-06-03 17:05:34 | INFO | gift_parser:start_gift_parsing_loop:158 - 👥 Found 1 users with autobuy enabled
2025-06-03 17:05:34 | DEBUG | gift_parser:start_gift_parsing_loop:174 - Cycle 1/1 for user 1487757625
2025-06-03 17:05:38 | DEBUG | gifts:aio_get_available_gifts:31 - Fetched 12 gifts from API
2025-06-03 17:05:38 | INFO | gift_parser:start_gift_parsing_loop:100 - 📊 Gifts fetched - Total: 12, Limited: 1, Unlimited: 11 (will be ignored)
2025-06-03 17:05:38 | INFO | gift_parser:start_gift_parsing_loop:150 - ✅ Database updated with LIMITED gifts only
2025-06-03 17:05:38 | INFO | gift_parser:start_gift_parsing_loop:158 - 👥 Found 1 users with autobuy enabled
2025-06-03 17:05:38 | DEBUG | gift_parser:start_gift_parsing_loop:174 - Cycle 1/1 for user 1487757625
2025-06-03 17:05:41 | DEBUG | gifts:aio_get_available_gifts:31 - Fetched 12 gifts from API
2025-06-03 17:05:41 | INFO | gift_parser:start_gift_parsing_loop:100 - 📊 Gifts fetched - Total: 12, Limited: 1, Unlimited: 11 (will be ignored)
2025-06-03 17:05:41 | INFO | gift_parser:start_gift_parsing_loop:150 - ✅ Database updated with LIMITED gifts only
2025-06-03 17:05:41 | INFO | gift_parser:start_gift_parsing_loop:158 - 👥 Found 1 users with autobuy enabled
2025-06-03 17:05:41 | DEBUG | gift_parser:start_gift_parsing_loop:174 - Cycle 1/1 for user 1487757625
2025-06-03 17:05:44 | DEBUG | gifts:aio_get_available_gifts:31 - Fetched 12 gifts from API
2025-06-03 17:05:44 | INFO | gift_parser:start_gift_parsing_loop:100 - 📊 Gifts fetched - Total: 12, Limited: 1, Unlimited: 11 (will be ignored)
2025-06-03 17:05:44 | INFO | gift_parser:start_gift_parsing_loop:150 - ✅ Database updated with LIMITED gifts only
2025-06-03 17:05:44 | INFO | gift_parser:start_gift_parsing_loop:158 - 👥 Found 1 users with autobuy enabled
2025-06-03 17:05:44 | DEBUG | gift_parser:start_gift_parsing_loop:174 - Cycle 1/1 for user 1487757625
2025-06-03 17:05:47 | DEBUG | gifts:aio_get_available_gifts:31 - Fetched 12 gifts from API
2025-06-03 17:05:47 | INFO | gift_parser:start_gift_parsing_loop:100 - 📊 Gifts fetched - Total: 12, Limited: 1, Unlimited: 11 (will be ignored)
2025-06-03 17:05:47 | INFO | gift_parser:start_gift_parsing_loop:150 - ✅ Database updated with LIMITED gifts only
2025-06-03 17:05:47 | INFO | gift_parser:start_gift_parsing_loop:158 - 👥 Found 1 users with autobuy enabled
2025-06-03 17:05:47 | DEBUG | gift_parser:start_gift_parsing_loop:174 - Cycle 1/1 for user 1487757625
2025-06-03 17:05:51 | DEBUG | gifts:aio_get_available_gifts:31 - Fetched 12 gifts from API
2025-06-03 17:05:51 | INFO | gift_parser:start_gift_parsing_loop:100 - 📊 Gifts fetched - Total: 12, Limited: 1, Unlimited: 11 (will be ignored)
2025-06-03 17:05:51 | INFO | gift_parser:start_gift_parsing_loop:150 - ✅ Database updated with LIMITED gifts only
2025-06-03 17:05:51 | INFO | gift_parser:start_gift_parsing_loop:158 - 👥 Found 1 users with autobuy enabled
2025-06-03 17:05:51 | DEBUG | gift_parser:start_gift_parsing_loop:174 - Cycle 1/1 for user 1487757625
2025-06-03 17:05:54 | DEBUG | gifts:aio_get_available_gifts:31 - Fetched 12 gifts from API
2025-06-03 17:05:54 | INFO | gift_parser:start_gift_parsing_loop:100 - 📊 Gifts fetched - Total: 12, Limited: 1, Unlimited: 11 (will be ignored)
2025-06-03 17:05:54 | INFO | gift_parser:start_gift_parsing_loop:150 - ✅ Database updated with LIMITED gifts only
2025-06-03 17:05:54 | INFO | gift_parser:start_gift_parsing_loop:158 - 👥 Found 1 users with autobuy enabled
2025-06-03 17:05:54 | DEBUG | gift_parser:start_gift_parsing_loop:174 - Cycle 1/1 for user 1487757625
2025-06-03 17:05:57 | DEBUG | gifts:aio_get_available_gifts:31 - Fetched 12 gifts from API
2025-06-03 17:05:57 | INFO | gift_parser:start_gift_parsing_loop:100 - 📊 Gifts fetched - Total: 12, Limited: 1, Unlimited: 11 (will be ignored)
2025-06-03 17:05:57 | INFO | gift_parser:start_gift_parsing_loop:150 - ✅ Database updated with LIMITED gifts only
2025-06-03 17:05:57 | INFO | gift_parser:start_gift_parsing_loop:158 - 👥 Found 1 users with autobuy enabled
2025-06-03 17:05:57 | DEBUG | gift_parser:start_gift_parsing_loop:174 - Cycle 1/1 for user 1487757625
2025-06-03 17:06:00 | DEBUG | gifts:aio_get_available_gifts:31 - Fetched 12 gifts from API
2025-06-03 17:06:00 | INFO | gift_parser:start_gift_parsing_loop:100 - 📊 Gifts fetched - Total: 12, Limited: 1, Unlimited: 11 (will be ignored)
2025-06-03 17:06:00 | INFO | gift_parser:start_gift_parsing_loop:130 - 📝 Updated gift 5782984811920491178: price=350⭐, remaining=91714/500000
2025-06-03 17:06:00 | INFO | gift_parser:start_gift_parsing_loop:150 - ✅ Database updated with LIMITED gifts only
2025-06-03 17:06:00 | INFO | gift_parser:start_gift_parsing_loop:158 - 👥 Found 1 users with autobuy enabled
2025-06-03 17:06:00 | DEBUG | gift_parser:start_gift_parsing_loop:174 - Cycle 1/1 for user 1487757625
2025-06-03 17:06:04 | DEBUG | gifts:aio_get_available_gifts:31 - Fetched 12 gifts from API
2025-06-03 17:06:04 | INFO | gift_parser:start_gift_parsing_loop:100 - 📊 Gifts fetched - Total: 12, Limited: 1, Unlimited: 11 (will be ignored)
2025-06-03 17:06:04 | INFO | gift_parser:start_gift_parsing_loop:150 - ✅ Database updated with LIMITED gifts only
2025-06-03 17:06:04 | INFO | gift_parser:start_gift_parsing_loop:158 - 👥 Found 1 users with autobuy enabled
2025-06-03 17:06:04 | DEBUG | gift_parser:start_gift_parsing_loop:174 - Cycle 1/1 for user 1487757625
2025-06-03 17:06:07 | DEBUG | gifts:aio_get_available_gifts:31 - Fetched 12 gifts from API
2025-06-03 17:06:07 | INFO | gift_parser:start_gift_parsing_loop:100 - 📊 Gifts fetched - Total: 12, Limited: 1, Unlimited: 11 (will be ignored)
2025-06-03 17:06:07 | INFO | gift_parser:start_gift_parsing_loop:150 - ✅ Database updated with LIMITED gifts only
2025-06-03 17:06:07 | INFO | gift_parser:start_gift_parsing_loop:158 - 👥 Found 1 users with autobuy enabled
2025-06-03 17:06:07 | DEBUG | gift_parser:start_gift_parsing_loop:174 - Cycle 1/1 for user 1487757625
2025-06-03 17:06:10 | DEBUG | gifts:aio_get_available_gifts:31 - Fetched 12 gifts from API
2025-06-03 17:06:10 | INFO | gift_parser:start_gift_parsing_loop:100 - 📊 Gifts fetched - Total: 12, Limited: 1, Unlimited: 11 (will be ignored)
2025-06-03 17:06:10 | INFO | gift_parser:start_gift_parsing_loop:150 - ✅ Database updated with LIMITED gifts only
2025-06-03 17:06:10 | INFO | gift_parser:start_gift_parsing_loop:158 - 👥 Found 1 users with autobuy enabled
2025-06-03 17:06:10 | DEBUG | gift_parser:start_gift_parsing_loop:174 - Cycle 1/1 for user 1487757625
2025-06-03 17:06:13 | DEBUG | gifts:aio_get_available_gifts:31 - Fetched 12 gifts from API
2025-06-03 17:06:13 | INFO | gift_parser:start_gift_parsing_loop:100 - 📊 Gifts fetched - Total: 12, Limited: 1, Unlimited: 11 (will be ignored)
2025-06-03 17:06:13 | INFO | gift_parser:start_gift_parsing_loop:150 - ✅ Database updated with LIMITED gifts only
2025-06-03 17:06:13 | INFO | gift_parser:start_gift_parsing_loop:158 - 👥 Found 1 users with autobuy enabled
2025-06-03 17:06:13 | DEBUG | gift_parser:start_gift_parsing_loop:174 - Cycle 1/1 for user 1487757625
2025-06-03 17:06:17 | DEBUG | gifts:aio_get_available_gifts:31 - Fetched 12 gifts from API
2025-06-03 17:06:17 | INFO | gift_parser:start_gift_parsing_loop:100 - 📊 Gifts fetched - Total: 12, Limited: 1, Unlimited: 11 (will be ignored)
2025-06-03 17:06:17 | INFO | gift_parser:start_gift_parsing_loop:150 - ✅ Database updated with LIMITED gifts only
2025-06-03 17:06:17 | INFO | gift_parser:start_gift_parsing_loop:158 - 👥 Found 1 users with autobuy enabled
2025-06-03 17:06:17 | DEBUG | gift_parser:start_gift_parsing_loop:174 - Cycle 1/1 for user 1487757625
2025-06-03 17:06:20 | DEBUG | gifts:aio_get_available_gifts:31 - Fetched 12 gifts from API
2025-06-03 17:06:20 | INFO | gift_parser:start_gift_parsing_loop:100 - 📊 Gifts fetched - Total: 12, Limited: 1, Unlimited: 11 (will be ignored)
2025-06-03 17:06:20 | INFO | gift_parser:start_gift_parsing_loop:150 - ✅ Database updated with LIMITED gifts only
2025-06-03 17:06:20 | INFO | gift_parser:start_gift_parsing_loop:158 - 👥 Found 1 users with autobuy enabled
2025-06-03 17:06:20 | DEBUG | gift_parser:start_gift_parsing_loop:174 - Cycle 1/1 for user 1487757625
2025-06-03 17:06:23 | DEBUG | gifts:aio_get_available_gifts:31 - Fetched 12 gifts from API
2025-06-03 17:06:23 | INFO | gift_parser:start_gift_parsing_loop:100 - 📊 Gifts fetched - Total: 12, Limited: 1, Unlimited: 11 (will be ignored)
2025-06-03 17:06:23 | INFO | gift_parser:start_gift_parsing_loop:150 - ✅ Database updated with LIMITED gifts only
2025-06-03 17:06:23 | INFO | gift_parser:start_gift_parsing_loop:158 - 👥 Found 1 users with autobuy enabled
2025-06-03 17:06:23 | DEBUG | gift_parser:start_gift_parsing_loop:174 - Cycle 1/1 for user 1487757625
2025-06-03 17:06:27 | DEBUG | gifts:aio_get_available_gifts:31 - Fetched 12 gifts from API
2025-06-03 17:06:27 | INFO | gift_parser:start_gift_parsing_loop:100 - 📊 Gifts fetched - Total: 12, Limited: 1, Unlimited: 11 (will be ignored)
2025-06-03 17:06:27 | INFO | gift_parser:start_gift_parsing_loop:150 - ✅ Database updated with LIMITED gifts only
2025-06-03 17:06:27 | INFO | gift_parser:start_gift_parsing_loop:158 - 👥 Found 1 users with autobuy enabled
2025-06-03 17:06:27 | DEBUG | gift_parser:start_gift_parsing_loop:174 - Cycle 1/1 for user 1487757625
2025-06-03 17:06:30 | DEBUG | gifts:aio_get_available_gifts:31 - Fetched 12 gifts from API
2025-06-03 17:06:30 | INFO | gift_parser:start_gift_parsing_loop:100 - 📊 Gifts fetched - Total: 12, Limited: 1, Unlimited: 11 (will be ignored)
2025-06-03 17:06:30 | INFO | gift_parser:start_gift_parsing_loop:150 - ✅ Database updated with LIMITED gifts only
2025-06-03 17:06:30 | INFO | gift_parser:start_gift_parsing_loop:158 - 👥 Found 1 users with autobuy enabled
2025-06-03 17:06:30 | DEBUG | gift_parser:start_gift_parsing_loop:174 - Cycle 1/1 for user 1487757625
2025-06-03 17:06:33 | DEBUG | gifts:aio_get_available_gifts:31 - Fetched 12 gifts from API
2025-06-03 17:06:33 | INFO | gift_parser:start_gift_parsing_loop:100 - 📊 Gifts fetched - Total: 12, Limited: 1, Unlimited: 11 (will be ignored)
2025-06-03 17:06:33 | INFO | gift_parser:start_gift_parsing_loop:150 - ✅ Database updated with LIMITED gifts only
2025-06-03 17:06:33 | INFO | gift_parser:start_gift_parsing_loop:158 - 👥 Found 1 users with autobuy enabled
2025-06-03 17:06:33 | DEBUG | gift_parser:start_gift_parsing_loop:174 - Cycle 1/1 for user 1487757625
2025-06-03 17:06:37 | DEBUG | gifts:aio_get_available_gifts:31 - Fetched 12 gifts from API
2025-06-03 17:06:37 | INFO | gift_parser:start_gift_parsing_loop:100 - 📊 Gifts fetched - Total: 12, Limited: 1, Unlimited: 11 (will be ignored)
2025-06-03 17:06:37 | INFO | gift_parser:start_gift_parsing_loop:150 - ✅ Database updated with LIMITED gifts only
2025-06-03 17:06:37 | INFO | gift_parser:start_gift_parsing_loop:158 - 👥 Found 1 users with autobuy enabled
2025-06-03 17:06:37 | DEBUG | gift_parser:start_gift_parsing_loop:174 - Cycle 1/1 for user 1487757625
2025-06-03 17:06:40 | DEBUG | gifts:aio_get_available_gifts:31 - Fetched 12 gifts from API
2025-06-03 17:06:40 | INFO | gift_parser:start_gift_parsing_loop:100 - 📊 Gifts fetched - Total: 12, Limited: 1, Unlimited: 11 (will be ignored)
2025-06-03 17:06:40 | INFO | gift_parser:start_gift_parsing_loop:150 - ✅ Database updated with LIMITED gifts only
2025-06-03 17:06:40 | INFO | gift_parser:start_gift_parsing_loop:158 - 👥 Found 1 users with autobuy enabled
2025-06-03 17:06:40 | DEBUG | gift_parser:start_gift_parsing_loop:174 - Cycle 1/1 for user 1487757625
2025-06-03 17:06:43 | DEBUG | gifts:aio_get_available_gifts:31 - Fetched 12 gifts from API
2025-06-03 17:06:43 | INFO | gift_parser:start_gift_parsing_loop:100 - 📊 Gifts fetched - Total: 12, Limited: 1, Unlimited: 11 (will be ignored)
2025-06-03 17:06:43 | INFO | gift_parser:start_gift_parsing_loop:150 - ✅ Database updated with LIMITED gifts only
2025-06-03 17:06:43 | INFO | gift_parser:start_gift_parsing_loop:158 - 👥 Found 1 users with autobuy enabled
2025-06-03 17:06:43 | DEBUG | gift_parser:start_gift_parsing_loop:174 - Cycle 1/1 for user 1487757625
2025-06-03 17:06:46 | DEBUG | gifts:aio_get_available_gifts:31 - Fetched 12 gifts from API
2025-06-03 17:06:46 | INFO | gift_parser:start_gift_parsing_loop:100 - 📊 Gifts fetched - Total: 12, Limited: 1, Unlimited: 11 (will be ignored)
2025-06-03 17:06:46 | INFO | gift_parser:start_gift_parsing_loop:150 - ✅ Database updated with LIMITED gifts only
2025-06-03 17:06:46 | INFO | gift_parser:start_gift_parsing_loop:158 - 👥 Found 1 users with autobuy enabled
2025-06-03 17:06:46 | DEBUG | gift_parser:start_gift_parsing_loop:174 - Cycle 1/1 for user 1487757625
2025-06-03 17:06:49 | DEBUG | gifts:aio_get_available_gifts:31 - Fetched 12 gifts from API
2025-06-03 17:06:49 | INFO | gift_parser:start_gift_parsing_loop:100 - 📊 Gifts fetched - Total: 12, Limited: 1, Unlimited: 11 (will be ignored)
2025-06-03 17:06:49 | INFO | gift_parser:start_gift_parsing_loop:150 - ✅ Database updated with LIMITED gifts only
2025-06-03 17:06:49 | INFO | gift_parser:start_gift_parsing_loop:158 - 👥 Found 1 users with autobuy enabled
2025-06-03 17:06:49 | DEBUG | gift_parser:start_gift_parsing_loop:174 - Cycle 1/1 for user 1487757625
2025-06-03 17:06:53 | DEBUG | gifts:aio_get_available_gifts:31 - Fetched 12 gifts from API
2025-06-03 17:06:53 | INFO | gift_parser:start_gift_parsing_loop:100 - 📊 Gifts fetched - Total: 12, Limited: 1, Unlimited: 11 (will be ignored)
2025-06-03 17:06:53 | INFO | gift_parser:start_gift_parsing_loop:150 - ✅ Database updated with LIMITED gifts only
2025-06-03 17:06:53 | INFO | gift_parser:start_gift_parsing_loop:158 - 👥 Found 1 users with autobuy enabled
2025-06-03 17:06:53 | DEBUG | gift_parser:start_gift_parsing_loop:174 - Cycle 1/1 for user 1487757625
2025-06-03 17:06:56 | DEBUG | gifts:aio_get_available_gifts:31 - Fetched 12 gifts from API
2025-06-03 17:06:56 | INFO | gift_parser:start_gift_parsing_loop:100 - 📊 Gifts fetched - Total: 12, Limited: 1, Unlimited: 11 (will be ignored)
2025-06-03 17:06:56 | INFO | gift_parser:start_gift_parsing_loop:150 - ✅ Database updated with LIMITED gifts only
2025-06-03 17:06:56 | INFO | gift_parser:start_gift_parsing_loop:158 - 👥 Found 1 users with autobuy enabled
2025-06-03 17:06:56 | DEBUG | gift_parser:start_gift_parsing_loop:174 - Cycle 1/1 for user 1487757625
2025-06-03 17:06:59 | DEBUG | gifts:aio_get_available_gifts:31 - Fetched 12 gifts from API
2025-06-03 17:06:59 | INFO | gift_parser:start_gift_parsing_loop:100 - 📊 Gifts fetched - Total: 12, Limited: 1, Unlimited: 11 (will be ignored)
2025-06-03 17:06:59 | INFO | gift_parser:start_gift_parsing_loop:150 - ✅ Database updated with LIMITED gifts only
2025-06-03 17:06:59 | INFO | gift_parser:start_gift_parsing_loop:158 - 👥 Found 1 users with autobuy enabled
2025-06-03 17:06:59 | DEBUG | gift_parser:start_gift_parsing_loop:174 - Cycle 1/1 for user 1487757625
2025-06-03 17:07:02 | DEBUG | gifts:aio_get_available_gifts:31 - Fetched 12 gifts from API
2025-06-03 17:07:02 | INFO | gift_parser:start_gift_parsing_loop:100 - 📊 Gifts fetched - Total: 12, Limited: 1, Unlimited: 11 (will be ignored)
2025-06-03 17:07:02 | INFO | gift_parser:start_gift_parsing_loop:150 - ✅ Database updated with LIMITED gifts only
2025-06-03 17:07:02 | INFO | gift_parser:start_gift_parsing_loop:158 - 👥 Found 1 users with autobuy enabled
2025-06-03 17:07:02 | DEBUG | gift_parser:start_gift_parsing_loop:174 - Cycle 1/1 for user 1487757625
2025-06-03 17:07:06 | DEBUG | gifts:aio_get_available_gifts:31 - Fetched 12 gifts from API
2025-06-03 17:07:06 | INFO | gift_parser:start_gift_parsing_loop:100 - 📊 Gifts fetched - Total: 12, Limited: 1, Unlimited: 11 (will be ignored)
2025-06-03 17:07:06 | INFO | gift_parser:start_gift_parsing_loop:150 - ✅ Database updated with LIMITED gifts only
2025-06-03 17:07:06 | INFO | gift_parser:start_gift_parsing_loop:158 - 👥 Found 1 users with autobuy enabled
2025-06-03 17:07:06 | DEBUG | gift_parser:start_gift_parsing_loop:174 - Cycle 1/1 for user 1487757625
2025-06-03 17:07:09 | DEBUG | gifts:aio_get_available_gifts:31 - Fetched 12 gifts from API
2025-06-03 17:07:09 | INFO | gift_parser:start_gift_parsing_loop:100 - 📊 Gifts fetched - Total: 12, Limited: 1, Unlimited: 11 (will be ignored)
2025-06-03 17:07:09 | INFO | gift_parser:start_gift_parsing_loop:150 - ✅ Database updated with LIMITED gifts only
2025-06-03 17:07:09 | INFO | gift_parser:start_gift_parsing_loop:158 - 👥 Found 1 users with autobuy enabled
2025-06-03 17:07:09 | DEBUG | gift_parser:start_gift_parsing_loop:174 - Cycle 1/1 for user 1487757625
2025-06-03 17:07:12 | DEBUG | gifts:aio_get_available_gifts:31 - Fetched 12 gifts from API
2025-06-03 17:07:12 | INFO | gift_parser:start_gift_parsing_loop:100 - 📊 Gifts fetched - Total: 12, Limited: 1, Unlimited: 11 (will be ignored)
2025-06-03 17:07:12 | INFO | gift_parser:start_gift_parsing_loop:150 - ✅ Database updated with LIMITED gifts only
2025-06-03 17:07:12 | INFO | gift_parser:start_gift_parsing_loop:158 - 👥 Found 1 users with autobuy enabled
2025-06-03 17:07:12 | DEBUG | gift_parser:start_gift_parsing_loop:174 - Cycle 1/1 for user 1487757625
2025-06-03 17:07:16 | DEBUG | gifts:aio_get_available_gifts:31 - Fetched 12 gifts from API
2025-06-03 17:07:16 | INFO | gift_parser:start_gift_parsing_loop:100 - 📊 Gifts fetched - Total: 12, Limited: 1, Unlimited: 11 (will be ignored)
2025-06-03 17:07:16 | INFO | gift_parser:start_gift_parsing_loop:150 - ✅ Database updated with LIMITED gifts only
2025-06-03 17:07:16 | INFO | gift_parser:start_gift_parsing_loop:158 - 👥 Found 1 users with autobuy enabled
2025-06-03 17:07:16 | DEBUG | gift_parser:start_gift_parsing_loop:174 - Cycle 1/1 for user 1487757625
2025-06-03 17:07:19 | DEBUG | gifts:aio_get_available_gifts:31 - Fetched 12 gifts from API
2025-06-03 17:07:19 | INFO | gift_parser:start_gift_parsing_loop:100 - 📊 Gifts fetched - Total: 12, Limited: 1, Unlimited: 11 (will be ignored)
2025-06-03 17:07:19 | INFO | gift_parser:start_gift_parsing_loop:130 - 📝 Updated gift 5782984811920491178: price=350⭐, remaining=91713/500000
2025-06-03 17:07:19 | INFO | gift_parser:start_gift_parsing_loop:150 - ✅ Database updated with LIMITED gifts only
2025-06-03 17:07:19 | INFO | gift_parser:start_gift_parsing_loop:158 - 👥 Found 1 users with autobuy enabled
2025-06-03 17:07:19 | DEBUG | gift_parser:start_gift_parsing_loop:174 - Cycle 1/1 for user 1487757625
2025-06-03 17:07:22 | DEBUG | gifts:aio_get_available_gifts:31 - Fetched 12 gifts from API
2025-06-03 17:07:22 | INFO | gift_parser:start_gift_parsing_loop:100 - 📊 Gifts fetched - Total: 12, Limited: 1, Unlimited: 11 (will be ignored)
2025-06-03 17:07:22 | INFO | gift_parser:start_gift_parsing_loop:150 - ✅ Database updated with LIMITED gifts only
2025-06-03 17:07:22 | INFO | gift_parser:start_gift_parsing_loop:158 - 👥 Found 1 users with autobuy enabled
2025-06-03 17:07:22 | DEBUG | gift_parser:start_gift_parsing_loop:174 - Cycle 1/1 for user 1487757625
2025-06-03 17:07:25 | DEBUG | gifts:aio_get_available_gifts:31 - Fetched 12 gifts from API
2025-06-03 17:07:25 | INFO | gift_parser:start_gift_parsing_loop:100 - 📊 Gifts fetched - Total: 12, Limited: 1, Unlimited: 11 (will be ignored)
2025-06-03 17:07:25 | INFO | gift_parser:start_gift_parsing_loop:150 - ✅ Database updated with LIMITED gifts only
2025-06-03 17:07:25 | INFO | gift_parser:start_gift_parsing_loop:158 - 👥 Found 1 users with autobuy enabled
2025-06-03 17:07:25 | DEBUG | gift_parser:start_gift_parsing_loop:174 - Cycle 1/1 for user 1487757625
2025-06-03 17:07:28 | DEBUG | gifts:aio_get_available_gifts:31 - Fetched 12 gifts from API
2025-06-03 17:07:28 | INFO | gift_parser:start_gift_parsing_loop:100 - 📊 Gifts fetched - Total: 12, Limited: 1, Unlimited: 11 (will be ignored)
2025-06-03 17:07:28 | INFO | gift_parser:start_gift_parsing_loop:150 - ✅ Database updated with LIMITED gifts only
2025-06-03 17:07:28 | INFO | gift_parser:start_gift_parsing_loop:158 - 👥 Found 1 users with autobuy enabled
2025-06-03 17:07:28 | DEBUG | gift_parser:start_gift_parsing_loop:174 - Cycle 1/1 for user 1487757625
2025-06-03 17:07:32 | DEBUG | gifts:aio_get_available_gifts:31 - Fetched 12 gifts from API
2025-06-03 17:07:32 | INFO | gift_parser:start_gift_parsing_loop:100 - 📊 Gifts fetched - Total: 12, Limited: 1, Unlimited: 11 (will be ignored)
2025-06-03 17:07:32 | INFO | gift_parser:start_gift_parsing_loop:150 - ✅ Database updated with LIMITED gifts only
2025-06-03 17:07:32 | INFO | gift_parser:start_gift_parsing_loop:158 - 👥 Found 1 users with autobuy enabled
2025-06-03 17:07:32 | DEBUG | gift_parser:start_gift_parsing_loop:174 - Cycle 1/1 for user 1487757625
2025-06-03 17:07:35 | DEBUG | gifts:aio_get_available_gifts:31 - Fetched 12 gifts from API
2025-06-03 17:07:35 | INFO | gift_parser:start_gift_parsing_loop:100 - 📊 Gifts fetched - Total: 12, Limited: 1, Unlimited: 11 (will be ignored)
2025-06-03 17:07:35 | INFO | gift_parser:start_gift_parsing_loop:150 - ✅ Database updated with LIMITED gifts only
2025-06-03 17:07:35 | INFO | gift_parser:start_gift_parsing_loop:158 - 👥 Found 1 users with autobuy enabled
2025-06-03 17:07:35 | DEBUG | gift_parser:start_gift_parsing_loop:174 - Cycle 1/1 for user 1487757625
2025-06-03 17:07:38 | DEBUG | gifts:aio_get_available_gifts:31 - Fetched 12 gifts from API
2025-06-03 17:07:38 | INFO | gift_parser:start_gift_parsing_loop:100 - 📊 Gifts fetched - Total: 12, Limited: 1, Unlimited: 11 (will be ignored)
2025-06-03 17:07:38 | INFO | gift_parser:start_gift_parsing_loop:150 - ✅ Database updated with LIMITED gifts only
2025-06-03 17:07:38 | INFO | gift_parser:start_gift_parsing_loop:158 - 👥 Found 1 users with autobuy enabled
2025-06-03 17:07:38 | DEBUG | gift_parser:start_gift_parsing_loop:174 - Cycle 1/1 for user 1487757625
2025-06-03 17:07:41 | DEBUG | gifts:aio_get_available_gifts:31 - Fetched 12 gifts from API
2025-06-03 17:07:41 | INFO | gift_parser:start_gift_parsing_loop:100 - 📊 Gifts fetched - Total: 12, Limited: 1, Unlimited: 11 (will be ignored)
2025-06-03 17:07:41 | INFO | gift_parser:start_gift_parsing_loop:150 - ✅ Database updated with LIMITED gifts only
2025-06-03 17:07:41 | INFO | gift_parser:start_gift_parsing_loop:158 - 👥 Found 1 users with autobuy enabled
2025-06-03 17:07:41 | DEBUG | gift_parser:start_gift_parsing_loop:174 - Cycle 1/1 for user 1487757625
2025-06-03 17:07:44 | DEBUG | gifts:aio_get_available_gifts:31 - Fetched 12 gifts from API
2025-06-03 17:07:44 | INFO | gift_parser:start_gift_parsing_loop:100 - 📊 Gifts fetched - Total: 12, Limited: 1, Unlimited: 11 (will be ignored)
2025-06-03 17:07:44 | INFO | gift_parser:start_gift_parsing_loop:150 - ✅ Database updated with LIMITED gifts only
2025-06-03 17:07:44 | INFO | gift_parser:start_gift_parsing_loop:158 - 👥 Found 1 users with autobuy enabled
2025-06-03 17:07:44 | DEBUG | gift_parser:start_gift_parsing_loop:174 - Cycle 1/1 for user 1487757625
2025-06-03 17:07:48 | DEBUG | gifts:aio_get_available_gifts:31 - Fetched 12 gifts from API
2025-06-03 17:07:48 | INFO | gift_parser:start_gift_parsing_loop:100 - 📊 Gifts fetched - Total: 12, Limited: 1, Unlimited: 11 (will be ignored)
2025-06-03 17:07:48 | INFO | gift_parser:start_gift_parsing_loop:150 - ✅ Database updated with LIMITED gifts only
2025-06-03 17:07:48 | INFO | gift_parser:start_gift_parsing_loop:158 - 👥 Found 1 users with autobuy enabled
2025-06-03 17:07:48 | DEBUG | gift_parser:start_gift_parsing_loop:174 - Cycle 1/1 for user 1487757625
2025-06-03 17:07:51 | DEBUG | gifts:aio_get_available_gifts:31 - Fetched 12 gifts from API
2025-06-03 17:07:51 | INFO | gift_parser:start_gift_parsing_loop:100 - 📊 Gifts fetched - Total: 12, Limited: 1, Unlimited: 11 (will be ignored)
2025-06-03 17:07:51 | INFO | gift_parser:start_gift_parsing_loop:150 - ✅ Database updated with LIMITED gifts only
2025-06-03 17:07:51 | INFO | gift_parser:start_gift_parsing_loop:158 - 👥 Found 1 users with autobuy enabled
2025-06-03 17:07:51 | DEBUG | gift_parser:start_gift_parsing_loop:174 - Cycle 1/1 for user 1487757625
2025-06-03 17:07:54 | DEBUG | gifts:aio_get_available_gifts:31 - Fetched 12 gifts from API
2025-06-03 17:07:54 | INFO | gift_parser:start_gift_parsing_loop:100 - 📊 Gifts fetched - Total: 12, Limited: 1, Unlimited: 11 (will be ignored)
2025-06-03 17:07:54 | INFO | gift_parser:start_gift_parsing_loop:150 - ✅ Database updated with LIMITED gifts only
2025-06-03 17:07:54 | INFO | gift_parser:start_gift_parsing_loop:158 - 👥 Found 1 users with autobuy enabled
2025-06-03 17:07:54 | DEBUG | gift_parser:start_gift_parsing_loop:174 - Cycle 1/1 for user 1487757625
2025-06-03 17:07:57 | DEBUG | gifts:aio_get_available_gifts:31 - Fetched 12 gifts from API
2025-06-03 17:07:57 | INFO | gift_parser:start_gift_parsing_loop:100 - 📊 Gifts fetched - Total: 12, Limited: 1, Unlimited: 11 (will be ignored)
2025-06-03 17:07:57 | INFO | gift_parser:start_gift_parsing_loop:150 - ✅ Database updated with LIMITED gifts only
2025-06-03 17:07:57 | INFO | gift_parser:start_gift_parsing_loop:158 - 👥 Found 1 users with autobuy enabled
2025-06-03 17:07:57 | DEBUG | gift_parser:start_gift_parsing_loop:174 - Cycle 1/1 for user 1487757625
2025-06-03 17:08:01 | DEBUG | gifts:aio_get_available_gifts:31 - Fetched 12 gifts from API
2025-06-03 17:08:01 | INFO | gift_parser:start_gift_parsing_loop:100 - 📊 Gifts fetched - Total: 12, Limited: 1, Unlimited: 11 (will be ignored)
2025-06-03 17:08:01 | INFO | gift_parser:start_gift_parsing_loop:150 - ✅ Database updated with LIMITED gifts only
2025-06-03 17:08:01 | INFO | gift_parser:start_gift_parsing_loop:158 - 👥 Found 1 users with autobuy enabled
2025-06-03 17:08:01 | DEBUG | gift_parser:start_gift_parsing_loop:174 - Cycle 1/1 for user 1487757625
2025-06-03 17:08:04 | DEBUG | gifts:aio_get_available_gifts:31 - Fetched 12 gifts from API
2025-06-03 17:08:04 | INFO | gift_parser:start_gift_parsing_loop:100 - 📊 Gifts fetched - Total: 12, Limited: 1, Unlimited: 11 (will be ignored)
2025-06-03 17:08:04 | INFO | gift_parser:start_gift_parsing_loop:130 - 📝 Updated gift 5782984811920491178: price=350⭐, remaining=91712/500000
2025-06-03 17:08:04 | INFO | gift_parser:start_gift_parsing_loop:150 - ✅ Database updated with LIMITED gifts only
2025-06-03 17:08:04 | INFO | gift_parser:start_gift_parsing_loop:158 - 👥 Found 1 users with autobuy enabled
2025-06-03 17:08:04 | DEBUG | gift_parser:start_gift_parsing_loop:174 - Cycle 1/1 for user 1487757625
2025-06-03 17:08:07 | DEBUG | gifts:aio_get_available_gifts:31 - Fetched 12 gifts from API
2025-06-03 17:08:07 | INFO | gift_parser:start_gift_parsing_loop:100 - 📊 Gifts fetched - Total: 12, Limited: 1, Unlimited: 11 (will be ignored)
2025-06-03 17:08:07 | INFO | gift_parser:start_gift_parsing_loop:150 - ✅ Database updated with LIMITED gifts only
2025-06-03 17:08:07 | INFO | gift_parser:start_gift_parsing_loop:158 - 👥 Found 1 users with autobuy enabled
2025-06-03 17:08:07 | DEBUG | gift_parser:start_gift_parsing_loop:174 - Cycle 1/1 for user 1487757625
2025-06-03 17:08:10 | DEBUG | gifts:aio_get_available_gifts:31 - Fetched 12 gifts from API
2025-06-03 17:08:10 | INFO | gift_parser:start_gift_parsing_loop:100 - 📊 Gifts fetched - Total: 12, Limited: 1, Unlimited: 11 (will be ignored)
2025-06-03 17:08:10 | INFO | gift_parser:start_gift_parsing_loop:150 - ✅ Database updated with LIMITED gifts only
2025-06-03 17:08:10 | INFO | gift_parser:start_gift_parsing_loop:158 - 👥 Found 1 users with autobuy enabled
2025-06-03 17:08:10 | DEBUG | gift_parser:start_gift_parsing_loop:174 - Cycle 1/1 for user 1487757625
2025-06-03 17:08:14 | DEBUG | gifts:aio_get_available_gifts:31 - Fetched 12 gifts from API
2025-06-03 17:08:14 | INFO | gift_parser:start_gift_parsing_loop:100 - 📊 Gifts fetched - Total: 12, Limited: 1, Unlimited: 11 (will be ignored)
2025-06-03 17:08:14 | INFO | gift_parser:start_gift_parsing_loop:150 - ✅ Database updated with LIMITED gifts only
2025-06-03 17:08:14 | INFO | gift_parser:start_gift_parsing_loop:158 - 👥 Found 1 users with autobuy enabled
2025-06-03 17:08:14 | DEBUG | gift_parser:start_gift_parsing_loop:174 - Cycle 1/1 for user 1487757625
2025-06-03 17:08:17 | DEBUG | gifts:aio_get_available_gifts:31 - Fetched 12 gifts from API
2025-06-03 17:08:17 | INFO | gift_parser:start_gift_parsing_loop:100 - 📊 Gifts fetched - Total: 12, Limited: 1, Unlimited: 11 (will be ignored)
2025-06-03 17:08:17 | INFO | gift_parser:start_gift_parsing_loop:150 - ✅ Database updated with LIMITED gifts only
2025-06-03 17:08:17 | INFO | gift_parser:start_gift_parsing_loop:158 - 👥 Found 1 users with autobuy enabled
2025-06-03 17:08:17 | DEBUG | gift_parser:start_gift_parsing_loop:174 - Cycle 1/1 for user 1487757625
2025-06-03 17:08:20 | DEBUG | gifts:aio_get_available_gifts:31 - Fetched 12 gifts from API
2025-06-03 17:08:20 | INFO | gift_parser:start_gift_parsing_loop:100 - 📊 Gifts fetched - Total: 12, Limited: 1, Unlimited: 11 (will be ignored)
2025-06-03 17:08:20 | INFO | gift_parser:start_gift_parsing_loop:150 - ✅ Database updated with LIMITED gifts only
2025-06-03 17:08:20 | INFO | gift_parser:start_gift_parsing_loop:158 - 👥 Found 1 users with autobuy enabled
2025-06-03 17:08:20 | DEBUG | gift_parser:start_gift_parsing_loop:174 - Cycle 1/1 for user 1487757625
2025-06-03 17:08:23 | DEBUG | gifts:aio_get_available_gifts:31 - Fetched 12 gifts from API
2025-06-03 17:08:23 | INFO | gift_parser:start_gift_parsing_loop:100 - 📊 Gifts fetched - Total: 12, Limited: 1, Unlimited: 11 (will be ignored)
2025-06-03 17:08:23 | INFO | gift_parser:start_gift_parsing_loop:150 - ✅ Database updated with LIMITED gifts only
2025-06-03 17:08:23 | INFO | gift_parser:start_gift_parsing_loop:158 - 👥 Found 1 users with autobuy enabled
2025-06-03 17:08:23 | DEBUG | gift_parser:start_gift_parsing_loop:174 - Cycle 1/1 for user 1487757625
2025-06-03 17:08:27 | DEBUG | gifts:aio_get_available_gifts:31 - Fetched 12 gifts from API
2025-06-03 17:08:27 | INFO | gift_parser:start_gift_parsing_loop:100 - 📊 Gifts fetched - Total: 12, Limited: 1, Unlimited: 11 (will be ignored)
2025-06-03 17:08:27 | INFO | gift_parser:start_gift_parsing_loop:150 - ✅ Database updated with LIMITED gifts only
2025-06-03 17:08:27 | INFO | gift_parser:start_gift_parsing_loop:158 - 👥 Found 1 users with autobuy enabled
2025-06-03 17:08:27 | DEBUG | gift_parser:start_gift_parsing_loop:174 - Cycle 1/1 for user 1487757625
2025-06-03 17:08:30 | DEBUG | gifts:aio_get_available_gifts:31 - Fetched 12 gifts from API
2025-06-03 17:08:30 | INFO | gift_parser:start_gift_parsing_loop:100 - 📊 Gifts fetched - Total: 12, Limited: 1, Unlimited: 11 (will be ignored)
2025-06-03 17:08:30 | INFO | gift_parser:start_gift_parsing_loop:150 - ✅ Database updated with LIMITED gifts only
2025-06-03 17:08:30 | INFO | gift_parser:start_gift_parsing_loop:158 - 👥 Found 1 users with autobuy enabled
2025-06-03 17:08:30 | DEBUG | gift_parser:start_gift_parsing_loop:174 - Cycle 1/1 for user 1487757625
2025-06-03 17:08:33 | DEBUG | gifts:aio_get_available_gifts:31 - Fetched 12 gifts from API
2025-06-03 17:08:33 | INFO | gift_parser:start_gift_parsing_loop:100 - 📊 Gifts fetched - Total: 12, Limited: 1, Unlimited: 11 (will be ignored)
2025-06-03 17:08:33 | INFO | gift_parser:start_gift_parsing_loop:150 - ✅ Database updated with LIMITED gifts only
2025-06-03 17:08:33 | INFO | gift_parser:start_gift_parsing_loop:158 - 👥 Found 1 users with autobuy enabled
2025-06-03 17:08:33 | DEBUG | gift_parser:start_gift_parsing_loop:174 - Cycle 1/1 for user 1487757625
2025-06-03 17:08:37 | DEBUG | gifts:aio_get_available_gifts:31 - Fetched 12 gifts from API
2025-06-03 17:08:37 | INFO | gift_parser:start_gift_parsing_loop:100 - 📊 Gifts fetched - Total: 12, Limited: 1, Unlimited: 11 (will be ignored)
2025-06-03 17:08:37 | INFO | gift_parser:start_gift_parsing_loop:150 - ✅ Database updated with LIMITED gifts only
2025-06-03 17:08:37 | INFO | gift_parser:start_gift_parsing_loop:158 - 👥 Found 1 users with autobuy enabled
2025-06-03 17:08:37 | DEBUG | gift_parser:start_gift_parsing_loop:174 - Cycle 1/1 for user 1487757625
2025-06-03 17:08:40 | DEBUG | gifts:aio_get_available_gifts:31 - Fetched 12 gifts from API
2025-06-03 17:08:40 | INFO | gift_parser:start_gift_parsing_loop:100 - 📊 Gifts fetched - Total: 12, Limited: 1, Unlimited: 11 (will be ignored)
2025-06-03 17:08:40 | INFO | gift_parser:start_gift_parsing_loop:150 - ✅ Database updated with LIMITED gifts only
2025-06-03 17:08:40 | INFO | gift_parser:start_gift_parsing_loop:158 - 👥 Found 1 users with autobuy enabled
2025-06-03 17:08:40 | DEBUG | gift_parser:start_gift_parsing_loop:174 - Cycle 1/1 for user 1487757625
2025-06-03 17:08:43 | DEBUG | gifts:aio_get_available_gifts:31 - Fetched 12 gifts from API
2025-06-03 17:08:43 | INFO | gift_parser:start_gift_parsing_loop:100 - 📊 Gifts fetched - Total: 12, Limited: 1, Unlimited: 11 (will be ignored)
2025-06-03 17:08:43 | INFO | gift_parser:start_gift_parsing_loop:150 - ✅ Database updated with LIMITED gifts only
2025-06-03 17:08:43 | INFO | gift_parser:start_gift_parsing_loop:158 - 👥 Found 1 users with autobuy enabled
2025-06-03 17:08:43 | DEBUG | gift_parser:start_gift_parsing_loop:174 - Cycle 1/1 for user 1487757625
2025-06-03 17:08:46 | DEBUG | gifts:aio_get_available_gifts:31 - Fetched 12 gifts from API
2025-06-03 17:08:46 | INFO | gift_parser:start_gift_parsing_loop:100 - 📊 Gifts fetched - Total: 12, Limited: 1, Unlimited: 11 (will be ignored)
2025-06-03 17:08:46 | INFO | gift_parser:start_gift_parsing_loop:150 - ✅ Database updated with LIMITED gifts only
2025-06-03 17:08:46 | INFO | gift_parser:start_gift_parsing_loop:158 - 👥 Found 1 users with autobuy enabled
2025-06-03 17:08:46 | DEBUG | gift_parser:start_gift_parsing_loop:174 - Cycle 1/1 for user 1487757625
2025-06-03 17:08:49 | DEBUG | gifts:aio_get_available_gifts:31 - Fetched 12 gifts from API
2025-06-03 17:08:49 | INFO | gift_parser:start_gift_parsing_loop:100 - 📊 Gifts fetched - Total: 12, Limited: 1, Unlimited: 11 (will be ignored)
2025-06-03 17:08:49 | INFO | gift_parser:start_gift_parsing_loop:150 - ✅ Database updated with LIMITED gifts only
2025-06-03 17:08:49 | INFO | gift_parser:start_gift_parsing_loop:158 - 👥 Found 1 users with autobuy enabled
2025-06-03 17:08:49 | DEBUG | gift_parser:start_gift_parsing_loop:174 - Cycle 1/1 for user 1487757625
2025-06-03 17:08:53 | DEBUG | gifts:aio_get_available_gifts:31 - Fetched 12 gifts from API
2025-06-03 17:08:53 | INFO | gift_parser:start_gift_parsing_loop:100 - 📊 Gifts fetched - Total: 12, Limited: 1, Unlimited: 11 (will be ignored)
2025-06-03 17:08:53 | INFO | gift_parser:start_gift_parsing_loop:150 - ✅ Database updated with LIMITED gifts only
2025-06-03 17:08:53 | INFO | gift_parser:start_gift_parsing_loop:158 - 👥 Found 1 users with autobuy enabled
2025-06-03 17:08:53 | DEBUG | gift_parser:start_gift_parsing_loop:174 - Cycle 1/1 for user 1487757625
2025-06-03 17:08:56 | DEBUG | gifts:aio_get_available_gifts:31 - Fetched 12 gifts from API
2025-06-03 17:08:56 | INFO | gift_parser:start_gift_parsing_loop:100 - 📊 Gifts fetched - Total: 12, Limited: 1, Unlimited: 11 (will be ignored)
2025-06-03 17:08:56 | INFO | gift_parser:start_gift_parsing_loop:150 - ✅ Database updated with LIMITED gifts only
2025-06-03 17:08:56 | INFO | gift_parser:start_gift_parsing_loop:158 - 👥 Found 1 users with autobuy enabled
2025-06-03 17:08:56 | DEBUG | gift_parser:start_gift_parsing_loop:174 - Cycle 1/1 for user 1487757625
2025-06-03 17:08:59 | DEBUG | gifts:aio_get_available_gifts:31 - Fetched 12 gifts from API
2025-06-03 17:08:59 | INFO | gift_parser:start_gift_parsing_loop:100 - 📊 Gifts fetched - Total: 12, Limited: 1, Unlimited: 11 (will be ignored)
2025-06-03 17:08:59 | INFO | gift_parser:start_gift_parsing_loop:130 - 📝 Updated gift 5782984811920491178: price=350⭐, remaining=91710/500000
2025-06-03 17:08:59 | INFO | gift_parser:start_gift_parsing_loop:150 - ✅ Database updated with LIMITED gifts only
2025-06-03 17:08:59 | INFO | gift_parser:start_gift_parsing_loop:158 - 👥 Found 1 users with autobuy enabled
2025-06-03 17:08:59 | DEBUG | gift_parser:start_gift_parsing_loop:174 - Cycle 1/1 for user 1487757625
2025-06-03 17:09:02 | DEBUG | gifts:aio_get_available_gifts:31 - Fetched 12 gifts from API
2025-06-03 17:09:02 | INFO | gift_parser:start_gift_parsing_loop:100 - 📊 Gifts fetched - Total: 12, Limited: 1, Unlimited: 11 (will be ignored)
2025-06-03 17:09:02 | INFO | gift_parser:start_gift_parsing_loop:150 - ✅ Database updated with LIMITED gifts only
2025-06-03 17:09:02 | INFO | gift_parser:start_gift_parsing_loop:158 - 👥 Found 1 users with autobuy enabled
2025-06-03 17:09:02 | DEBUG | gift_parser:start_gift_parsing_loop:174 - Cycle 1/1 for user 1487757625
2025-06-03 17:09:05 | DEBUG | gifts:aio_get_available_gifts:31 - Fetched 12 gifts from API
2025-06-03 17:09:05 | INFO | gift_parser:start_gift_parsing_loop:100 - 📊 Gifts fetched - Total: 12, Limited: 1, Unlimited: 11 (will be ignored)
2025-06-03 17:09:05 | INFO | gift_parser:start_gift_parsing_loop:150 - ✅ Database updated with LIMITED gifts only
2025-06-03 17:09:05 | INFO | gift_parser:start_gift_parsing_loop:158 - 👥 Found 1 users with autobuy enabled
2025-06-03 17:09:05 | DEBUG | gift_parser:start_gift_parsing_loop:174 - Cycle 1/1 for user 1487757625
2025-06-03 17:09:09 | DEBUG | gifts:aio_get_available_gifts:31 - Fetched 12 gifts from API
2025-06-03 17:09:09 | INFO | gift_parser:start_gift_parsing_loop:100 - 📊 Gifts fetched - Total: 12, Limited: 1, Unlimited: 11 (will be ignored)
2025-06-03 17:09:09 | INFO | gift_parser:start_gift_parsing_loop:150 - ✅ Database updated with LIMITED gifts only
2025-06-03 17:09:09 | INFO | gift_parser:start_gift_parsing_loop:158 - 👥 Found 1 users with autobuy enabled
2025-06-03 17:09:09 | DEBUG | gift_parser:start_gift_parsing_loop:174 - Cycle 1/1 for user 1487757625
2025-06-03 17:09:12 | DEBUG | gifts:aio_get_available_gifts:31 - Fetched 12 gifts from API
2025-06-03 17:09:12 | INFO | gift_parser:start_gift_parsing_loop:100 - 📊 Gifts fetched - Total: 12, Limited: 1, Unlimited: 11 (will be ignored)
2025-06-03 17:09:12 | INFO | gift_parser:start_gift_parsing_loop:150 - ✅ Database updated with LIMITED gifts only
2025-06-03 17:09:12 | INFO | gift_parser:start_gift_parsing_loop:158 - 👥 Found 1 users with autobuy enabled
2025-06-03 17:09:12 | DEBUG | gift_parser:start_gift_parsing_loop:174 - Cycle 1/1 for user 1487757625
2025-06-03 17:09:15 | DEBUG | gifts:aio_get_available_gifts:31 - Fetched 12 gifts from API
2025-06-03 17:09:15 | INFO | gift_parser:start_gift_parsing_loop:100 - 📊 Gifts fetched - Total: 12, Limited: 1, Unlimited: 11 (will be ignored)
2025-06-03 17:09:15 | INFO | gift_parser:start_gift_parsing_loop:150 - ✅ Database updated with LIMITED gifts only
2025-06-03 17:09:15 | INFO | gift_parser:start_gift_parsing_loop:158 - 👥 Found 1 users with autobuy enabled
2025-06-03 17:09:15 | DEBUG | gift_parser:start_gift_parsing_loop:174 - Cycle 1/1 for user 1487757625
2025-06-03 17:09:18 | DEBUG | gifts:aio_get_available_gifts:31 - Fetched 12 gifts from API
2025-06-03 17:09:18 | INFO | gift_parser:start_gift_parsing_loop:100 - 📊 Gifts fetched - Total: 12, Limited: 1, Unlimited: 11 (will be ignored)
2025-06-03 17:09:18 | INFO | gift_parser:start_gift_parsing_loop:150 - ✅ Database updated with LIMITED gifts only
2025-06-03 17:09:18 | INFO | gift_parser:start_gift_parsing_loop:158 - 👥 Found 1 users with autobuy enabled
2025-06-03 17:09:18 | DEBUG | gift_parser:start_gift_parsing_loop:174 - Cycle 1/1 for user 1487757625
2025-06-03 17:09:22 | DEBUG | gifts:aio_get_available_gifts:31 - Fetched 12 gifts from API
2025-06-03 17:09:22 | INFO | gift_parser:start_gift_parsing_loop:100 - 📊 Gifts fetched - Total: 12, Limited: 1, Unlimited: 11 (will be ignored)
2025-06-03 17:09:22 | INFO | gift_parser:start_gift_parsing_loop:150 - ✅ Database updated with LIMITED gifts only
2025-06-03 17:09:22 | INFO | gift_parser:start_gift_parsing_loop:158 - 👥 Found 1 users with autobuy enabled
2025-06-03 17:09:22 | DEBUG | gift_parser:start_gift_parsing_loop:174 - Cycle 1/1 for user 1487757625
2025-06-03 17:09:25 | DEBUG | gifts:aio_get_available_gifts:31 - Fetched 12 gifts from API
2025-06-03 17:09:25 | INFO | gift_parser:start_gift_parsing_loop:100 - 📊 Gifts fetched - Total: 12, Limited: 1, Unlimited: 11 (will be ignored)
2025-06-03 17:09:25 | INFO | gift_parser:start_gift_parsing_loop:150 - ✅ Database updated with LIMITED gifts only
2025-06-03 17:09:25 | INFO | gift_parser:start_gift_parsing_loop:158 - 👥 Found 1 users with autobuy enabled
2025-06-03 17:09:25 | DEBUG | gift_parser:start_gift_parsing_loop:174 - Cycle 1/1 for user 1487757625
2025-06-03 17:09:28 | DEBUG | gifts:aio_get_available_gifts:31 - Fetched 12 gifts from API
2025-06-03 17:09:28 | INFO | gift_parser:start_gift_parsing_loop:100 - 📊 Gifts fetched - Total: 12, Limited: 1, Unlimited: 11 (will be ignored)
2025-06-03 17:09:28 | INFO | gift_parser:start_gift_parsing_loop:150 - ✅ Database updated with LIMITED gifts only
2025-06-03 17:09:28 | INFO | gift_parser:start_gift_parsing_loop:158 - 👥 Found 1 users with autobuy enabled
2025-06-03 17:09:28 | DEBUG | gift_parser:start_gift_parsing_loop:174 - Cycle 1/1 for user 1487757625
2025-06-03 17:09:31 | DEBUG | gifts:aio_get_available_gifts:31 - Fetched 12 gifts from API
2025-06-03 17:09:31 | INFO | gift_parser:start_gift_parsing_loop:100 - 📊 Gifts fetched - Total: 12, Limited: 1, Unlimited: 11 (will be ignored)
2025-06-03 17:09:31 | INFO | gift_parser:start_gift_parsing_loop:150 - ✅ Database updated with LIMITED gifts only
2025-06-03 17:09:31 | INFO | gift_parser:start_gift_parsing_loop:158 - 👥 Found 1 users with autobuy enabled
2025-06-03 17:09:31 | DEBUG | gift_parser:start_gift_parsing_loop:174 - Cycle 1/1 for user 1487757625
2025-06-03 17:09:35 | DEBUG | gifts:aio_get_available_gifts:31 - Fetched 12 gifts from API
2025-06-03 17:09:35 | INFO | gift_parser:start_gift_parsing_loop:100 - 📊 Gifts fetched - Total: 12, Limited: 1, Unlimited: 11 (will be ignored)
2025-06-03 17:09:35 | INFO | gift_parser:start_gift_parsing_loop:150 - ✅ Database updated with LIMITED gifts only
2025-06-03 17:09:35 | INFO | gift_parser:start_gift_parsing_loop:158 - 👥 Found 1 users with autobuy enabled
2025-06-03 17:09:35 | DEBUG | gift_parser:start_gift_parsing_loop:174 - Cycle 1/1 for user 1487757625
2025-06-03 17:09:38 | DEBUG | gifts:aio_get_available_gifts:31 - Fetched 12 gifts from API
2025-06-03 17:09:38 | INFO | gift_parser:start_gift_parsing_loop:100 - 📊 Gifts fetched - Total: 12, Limited: 1, Unlimited: 11 (will be ignored)
2025-06-03 17:09:38 | INFO | gift_parser:start_gift_parsing_loop:150 - ✅ Database updated with LIMITED gifts only
2025-06-03 17:09:38 | INFO | gift_parser:start_gift_parsing_loop:158 - 👥 Found 1 users with autobuy enabled
2025-06-03 17:09:38 | DEBUG | gift_parser:start_gift_parsing_loop:174 - Cycle 1/1 for user 1487757625
2025-06-03 17:09:41 | DEBUG | gifts:aio_get_available_gifts:31 - Fetched 12 gifts from API
2025-06-03 17:09:41 | INFO | gift_parser:start_gift_parsing_loop:100 - 📊 Gifts fetched - Total: 12, Limited: 1, Unlimited: 11 (will be ignored)
2025-06-03 17:09:41 | INFO | gift_parser:start_gift_parsing_loop:150 - ✅ Database updated with LIMITED gifts only
2025-06-03 17:09:41 | INFO | gift_parser:start_gift_parsing_loop:158 - 👥 Found 1 users with autobuy enabled
2025-06-03 17:09:41 | DEBUG | gift_parser:start_gift_parsing_loop:174 - Cycle 1/1 for user 1487757625
2025-06-03 17:09:44 | DEBUG | gifts:aio_get_available_gifts:31 - Fetched 12 gifts from API
2025-06-03 17:09:44 | INFO | gift_parser:start_gift_parsing_loop:100 - 📊 Gifts fetched - Total: 12, Limited: 1, Unlimited: 11 (will be ignored)
2025-06-03 17:09:44 | INFO | gift_parser:start_gift_parsing_loop:130 - 📝 Updated gift 5782984811920491178: price=350⭐, remaining=91709/500000
2025-06-03 17:09:44 | INFO | gift_parser:start_gift_parsing_loop:150 - ✅ Database updated with LIMITED gifts only
2025-06-03 17:09:44 | INFO | gift_parser:start_gift_parsing_loop:158 - 👥 Found 1 users with autobuy enabled
2025-06-03 17:09:44 | DEBUG | gift_parser:start_gift_parsing_loop:174 - Cycle 1/1 for user 1487757625
2025-06-03 17:09:48 | DEBUG | gifts:aio_get_available_gifts:31 - Fetched 12 gifts from API
2025-06-03 17:09:48 | INFO | gift_parser:start_gift_parsing_loop:100 - 📊 Gifts fetched - Total: 12, Limited: 1, Unlimited: 11 (will be ignored)
2025-06-03 17:09:48 | INFO | gift_parser:start_gift_parsing_loop:150 - ✅ Database updated with LIMITED gifts only
2025-06-03 17:09:48 | INFO | gift_parser:start_gift_parsing_loop:158 - 👥 Found 1 users with autobuy enabled
2025-06-03 17:09:48 | DEBUG | gift_parser:start_gift_parsing_loop:174 - Cycle 1/1 for user 1487757625
2025-06-03 17:09:51 | DEBUG | gifts:aio_get_available_gifts:31 - Fetched 12 gifts from API
2025-06-03 17:09:51 | INFO | gift_parser:start_gift_parsing_loop:100 - 📊 Gifts fetched - Total: 12, Limited: 1, Unlimited: 11 (will be ignored)
2025-06-03 17:09:51 | INFO | gift_parser:start_gift_parsing_loop:150 - ✅ Database updated with LIMITED gifts only
2025-06-03 17:09:51 | INFO | gift_parser:start_gift_parsing_loop:158 - 👥 Found 1 users with autobuy enabled
2025-06-03 17:09:51 | DEBUG | gift_parser:start_gift_parsing_loop:174 - Cycle 1/1 for user 1487757625
2025-06-03 17:09:54 | DEBUG | gifts:aio_get_available_gifts:31 - Fetched 12 gifts from API
2025-06-03 17:09:54 | INFO | gift_parser:start_gift_parsing_loop:100 - 📊 Gifts fetched - Total: 12, Limited: 1, Unlimited: 11 (will be ignored)
2025-06-03 17:09:54 | INFO | gift_parser:start_gift_parsing_loop:150 - ✅ Database updated with LIMITED gifts only
2025-06-03 17:09:54 | INFO | gift_parser:start_gift_parsing_loop:158 - 👥 Found 1 users with autobuy enabled
2025-06-03 17:09:54 | DEBUG | gift_parser:start_gift_parsing_loop:174 - Cycle 1/1 for user 1487757625
2025-06-03 17:09:57 | DEBUG | gifts:aio_get_available_gifts:31 - Fetched 12 gifts from API
2025-06-03 17:09:57 | INFO | gift_parser:start_gift_parsing_loop:100 - 📊 Gifts fetched - Total: 12, Limited: 1, Unlimited: 11 (will be ignored)
2025-06-03 17:09:57 | INFO | gift_parser:start_gift_parsing_loop:150 - ✅ Database updated with LIMITED gifts only
2025-06-03 17:09:57 | INFO | gift_parser:start_gift_parsing_loop:158 - 👥 Found 1 users with autobuy enabled
2025-06-03 17:09:57 | DEBUG | gift_parser:start_gift_parsing_loop:174 - Cycle 1/1 for user 1487757625
2025-06-03 17:10:00 | DEBUG | gifts:aio_get_available_gifts:31 - Fetched 12 gifts from API
2025-06-03 17:10:00 | INFO | gift_parser:start_gift_parsing_loop:100 - 📊 Gifts fetched - Total: 12, Limited: 1, Unlimited: 11 (will be ignored)
2025-06-03 17:10:00 | INFO | gift_parser:start_gift_parsing_loop:150 - ✅ Database updated with LIMITED gifts only
2025-06-03 17:10:00 | INFO | gift_parser:start_gift_parsing_loop:158 - 👥 Found 1 users with autobuy enabled
2025-06-03 17:10:00 | DEBUG | gift_parser:start_gift_parsing_loop:174 - Cycle 1/1 for user 1487757625
2025-06-03 17:10:04 | DEBUG | gifts:aio_get_available_gifts:31 - Fetched 12 gifts from API
2025-06-03 17:10:04 | INFO | gift_parser:start_gift_parsing_loop:100 - 📊 Gifts fetched - Total: 12, Limited: 1, Unlimited: 11 (will be ignored)
2025-06-03 17:10:04 | INFO | gift_parser:start_gift_parsing_loop:150 - ✅ Database updated with LIMITED gifts only
2025-06-03 17:10:04 | INFO | gift_parser:start_gift_parsing_loop:158 - 👥 Found 1 users with autobuy enabled
2025-06-03 17:10:04 | DEBUG | gift_parser:start_gift_parsing_loop:174 - Cycle 1/1 for user 1487757625
2025-06-03 17:10:07 | DEBUG | gifts:aio_get_available_gifts:31 - Fetched 12 gifts from API
2025-06-03 17:10:07 | INFO | gift_parser:start_gift_parsing_loop:100 - 📊 Gifts fetched - Total: 12, Limited: 1, Unlimited: 11 (will be ignored)
2025-06-03 17:10:07 | INFO | gift_parser:start_gift_parsing_loop:150 - ✅ Database updated with LIMITED gifts only
2025-06-03 17:10:07 | INFO | gift_parser:start_gift_parsing_loop:158 - 👥 Found 1 users with autobuy enabled
2025-06-03 17:10:07 | DEBUG | gift_parser:start_gift_parsing_loop:174 - Cycle 1/1 for user 1487757625
2025-06-03 17:10:10 | DEBUG | gifts:aio_get_available_gifts:31 - Fetched 12 gifts from API
2025-06-03 17:10:10 | INFO | gift_parser:start_gift_parsing_loop:100 - 📊 Gifts fetched - Total: 12, Limited: 1, Unlimited: 11 (will be ignored)
2025-06-03 17:10:10 | INFO | gift_parser:start_gift_parsing_loop:150 - ✅ Database updated with LIMITED gifts only
2025-06-03 17:10:10 | INFO | gift_parser:start_gift_parsing_loop:158 - 👥 Found 1 users with autobuy enabled
2025-06-03 17:10:10 | DEBUG | gift_parser:start_gift_parsing_loop:174 - Cycle 1/1 for user 1487757625
2025-06-03 17:10:14 | DEBUG | gifts:aio_get_available_gifts:31 - Fetched 12 gifts from API
2025-06-03 17:10:14 | INFO | gift_parser:start_gift_parsing_loop:100 - 📊 Gifts fetched - Total: 12, Limited: 1, Unlimited: 11 (will be ignored)
2025-06-03 17:10:14 | INFO | gift_parser:start_gift_parsing_loop:150 - ✅ Database updated with LIMITED gifts only
2025-06-03 17:10:14 | INFO | gift_parser:start_gift_parsing_loop:158 - 👥 Found 1 users with autobuy enabled
2025-06-03 17:10:14 | DEBUG | gift_parser:start_gift_parsing_loop:174 - Cycle 1/1 for user 1487757625
2025-06-03 17:10:17 | DEBUG | gifts:aio_get_available_gifts:31 - Fetched 12 gifts from API
2025-06-03 17:10:17 | INFO | gift_parser:start_gift_parsing_loop:100 - 📊 Gifts fetched - Total: 12, Limited: 1, Unlimited: 11 (will be ignored)
2025-06-03 17:10:17 | INFO | gift_parser:start_gift_parsing_loop:150 - ✅ Database updated with LIMITED gifts only
2025-06-03 17:10:17 | INFO | gift_parser:start_gift_parsing_loop:158 - 👥 Found 1 users with autobuy enabled
2025-06-03 17:10:17 | DEBUG | gift_parser:start_gift_parsing_loop:174 - Cycle 1/1 for user 1487757625
2025-06-03 17:10:20 | DEBUG | gifts:aio_get_available_gifts:31 - Fetched 12 gifts from API
2025-06-03 17:10:20 | INFO | gift_parser:start_gift_parsing_loop:100 - 📊 Gifts fetched - Total: 12, Limited: 1, Unlimited: 11 (will be ignored)
2025-06-03 17:10:20 | INFO | gift_parser:start_gift_parsing_loop:150 - ✅ Database updated with LIMITED gifts only
2025-06-03 17:10:20 | INFO | gift_parser:start_gift_parsing_loop:158 - 👥 Found 1 users with autobuy enabled
2025-06-03 17:10:20 | DEBUG | gift_parser:start_gift_parsing_loop:174 - Cycle 1/1 for user 1487757625
2025-06-03 17:10:23 | DEBUG | gifts:aio_get_available_gifts:31 - Fetched 12 gifts from API
2025-06-03 17:10:23 | INFO | gift_parser:start_gift_parsing_loop:100 - 📊 Gifts fetched - Total: 12, Limited: 1, Unlimited: 11 (will be ignored)
2025-06-03 17:10:23 | INFO | gift_parser:start_gift_parsing_loop:150 - ✅ Database updated with LIMITED gifts only
2025-06-03 17:10:23 | INFO | gift_parser:start_gift_parsing_loop:158 - 👥 Found 1 users with autobuy enabled
2025-06-03 17:10:23 | DEBUG | gift_parser:start_gift_parsing_loop:174 - Cycle 1/1 for user 1487757625
2025-06-03 17:10:27 | DEBUG | gifts:aio_get_available_gifts:31 - Fetched 12 gifts from API
2025-06-03 17:10:27 | INFO | gift_parser:start_gift_parsing_loop:100 - 📊 Gifts fetched - Total: 12, Limited: 1, Unlimited: 11 (will be ignored)
2025-06-03 17:10:27 | INFO | gift_parser:start_gift_parsing_loop:150 - ✅ Database updated with LIMITED gifts only
2025-06-03 17:10:27 | INFO | gift_parser:start_gift_parsing_loop:158 - 👥 Found 1 users with autobuy enabled
2025-06-03 17:10:27 | DEBUG | gift_parser:start_gift_parsing_loop:174 - Cycle 1/1 for user 1487757625
2025-06-03 17:10:30 | DEBUG | gifts:aio_get_available_gifts:31 - Fetched 12 gifts from API
2025-06-03 17:10:30 | INFO | gift_parser:start_gift_parsing_loop:100 - 📊 Gifts fetched - Total: 12, Limited: 1, Unlimited: 11 (will be ignored)
2025-06-03 17:10:30 | INFO | gift_parser:start_gift_parsing_loop:130 - 📝 Updated gift 5782984811920491178: price=350⭐, remaining=91708/500000
2025-06-03 17:10:30 | INFO | gift_parser:start_gift_parsing_loop:150 - ✅ Database updated with LIMITED gifts only
2025-06-03 17:10:30 | INFO | gift_parser:start_gift_parsing_loop:158 - 👥 Found 1 users with autobuy enabled
2025-06-03 17:10:30 | DEBUG | gift_parser:start_gift_parsing_loop:174 - Cycle 1/1 for user 1487757625
2025-06-03 17:10:33 | DEBUG | gifts:aio_get_available_gifts:31 - Fetched 12 gifts from API
2025-06-03 17:10:33 | INFO | gift_parser:start_gift_parsing_loop:100 - 📊 Gifts fetched - Total: 12, Limited: 1, Unlimited: 11 (will be ignored)
2025-06-03 17:10:33 | INFO | gift_parser:start_gift_parsing_loop:130 - 📝 Updated gift 5782984811920491178: price=350⭐, remaining=91709/500000
2025-06-03 17:10:33 | INFO | gift_parser:start_gift_parsing_loop:150 - ✅ Database updated with LIMITED gifts only
2025-06-03 17:10:33 | INFO | gift_parser:start_gift_parsing_loop:158 - 👥 Found 1 users with autobuy enabled
2025-06-03 17:10:33 | DEBUG | gift_parser:start_gift_parsing_loop:174 - Cycle 1/1 for user 1487757625
2025-06-03 17:10:36 | DEBUG | gifts:aio_get_available_gifts:31 - Fetched 12 gifts from API
2025-06-03 17:10:36 | INFO | gift_parser:start_gift_parsing_loop:100 - 📊 Gifts fetched - Total: 12, Limited: 1, Unlimited: 11 (will be ignored)
2025-06-03 17:10:36 | INFO | gift_parser:start_gift_parsing_loop:130 - 📝 Updated gift 5782984811920491178: price=350⭐, remaining=91708/500000
2025-06-03 17:10:36 | INFO | gift_parser:start_gift_parsing_loop:150 - ✅ Database updated with LIMITED gifts only
2025-06-03 17:10:36 | INFO | gift_parser:start_gift_parsing_loop:158 - 👥 Found 1 users with autobuy enabled
2025-06-03 17:10:36 | DEBUG | gift_parser:start_gift_parsing_loop:174 - Cycle 1/1 for user 1487757625
2025-06-03 17:10:39 | DEBUG | gifts:aio_get_available_gifts:31 - Fetched 12 gifts from API
2025-06-03 17:10:39 | INFO | gift_parser:start_gift_parsing_loop:100 - 📊 Gifts fetched - Total: 12, Limited: 1, Unlimited: 11 (will be ignored)
2025-06-03 17:10:39 | INFO | gift_parser:start_gift_parsing_loop:150 - ✅ Database updated with LIMITED gifts only
2025-06-03 17:10:39 | INFO | gift_parser:start_gift_parsing_loop:158 - 👥 Found 1 users with autobuy enabled
2025-06-03 17:10:39 | DEBUG | gift_parser:start_gift_parsing_loop:174 - Cycle 1/1 for user 1487757625
2025-06-03 17:10:43 | DEBUG | gifts:aio_get_available_gifts:31 - Fetched 12 gifts from API
2025-06-03 17:10:43 | INFO | gift_parser:start_gift_parsing_loop:100 - 📊 Gifts fetched - Total: 12, Limited: 1, Unlimited: 11 (will be ignored)
2025-06-03 17:10:43 | INFO | gift_parser:start_gift_parsing_loop:150 - ✅ Database updated with LIMITED gifts only
2025-06-03 17:10:43 | INFO | gift_parser:start_gift_parsing_loop:158 - 👥 Found 1 users with autobuy enabled
2025-06-03 17:10:43 | DEBUG | gift_parser:start_gift_parsing_loop:174 - Cycle 1/1 for user 1487757625
2025-06-03 17:10:46 | DEBUG | gifts:aio_get_available_gifts:31 - Fetched 12 gifts from API
2025-06-03 17:10:46 | INFO | gift_parser:start_gift_parsing_loop:100 - 📊 Gifts fetched - Total: 12, Limited: 1, Unlimited: 11 (will be ignored)
2025-06-03 17:10:46 | INFO | gift_parser:start_gift_parsing_loop:150 - ✅ Database updated with LIMITED gifts only
2025-06-03 17:10:46 | INFO | gift_parser:start_gift_parsing_loop:158 - 👥 Found 1 users with autobuy enabled
2025-06-03 17:10:46 | DEBUG | gift_parser:start_gift_parsing_loop:174 - Cycle 1/1 for user 1487757625
2025-06-03 17:10:49 | DEBUG | gifts:aio_get_available_gifts:31 - Fetched 12 gifts from API
2025-06-03 17:10:49 | INFO | gift_parser:start_gift_parsing_loop:100 - 📊 Gifts fetched - Total: 12, Limited: 1, Unlimited: 11 (will be ignored)
2025-06-03 17:10:49 | INFO | gift_parser:start_gift_parsing_loop:150 - ✅ Database updated with LIMITED gifts only
2025-06-03 17:10:49 | INFO | gift_parser:start_gift_parsing_loop:158 - 👥 Found 1 users with autobuy enabled
2025-06-03 17:10:49 | DEBUG | gift_parser:start_gift_parsing_loop:174 - Cycle 1/1 for user 1487757625
2025-06-03 17:10:52 | DEBUG | gifts:aio_get_available_gifts:31 - Fetched 12 gifts from API
2025-06-03 17:10:52 | INFO | gift_parser:start_gift_parsing_loop:100 - 📊 Gifts fetched - Total: 12, Limited: 1, Unlimited: 11 (will be ignored)
2025-06-03 17:10:52 | INFO | gift_parser:start_gift_parsing_loop:130 - 📝 Updated gift 5782984811920491178: price=350⭐, remaining=91705/500000
2025-06-03 17:10:52 | INFO | gift_parser:start_gift_parsing_loop:150 - ✅ Database updated with LIMITED gifts only
2025-06-03 17:10:52 | INFO | gift_parser:start_gift_parsing_loop:158 - 👥 Found 1 users with autobuy enabled
2025-06-03 17:10:52 | DEBUG | gift_parser:start_gift_parsing_loop:174 - Cycle 1/1 for user 1487757625
2025-06-03 17:10:56 | DEBUG | gifts:aio_get_available_gifts:31 - Fetched 12 gifts from API
2025-06-03 17:10:56 | INFO | gift_parser:start_gift_parsing_loop:100 - 📊 Gifts fetched - Total: 12, Limited: 1, Unlimited: 11 (will be ignored)
2025-06-03 17:10:56 | INFO | gift_parser:start_gift_parsing_loop:130 - 📝 Updated gift 5782984811920491178: price=350⭐, remaining=91708/500000
2025-06-03 17:10:56 | INFO | gift_parser:start_gift_parsing_loop:150 - ✅ Database updated with LIMITED gifts only
2025-06-03 17:10:56 | INFO | gift_parser:start_gift_parsing_loop:158 - 👥 Found 1 users with autobuy enabled
2025-06-03 17:10:56 | DEBUG | gift_parser:start_gift_parsing_loop:174 - Cycle 1/1 for user 1487757625
2025-06-03 17:10:59 | DEBUG | gifts:aio_get_available_gifts:31 - Fetched 12 gifts from API
2025-06-03 17:10:59 | INFO | gift_parser:start_gift_parsing_loop:100 - 📊 Gifts fetched - Total: 12, Limited: 1, Unlimited: 11 (will be ignored)
2025-06-03 17:10:59 | INFO | gift_parser:start_gift_parsing_loop:150 - ✅ Database updated with LIMITED gifts only
2025-06-03 17:10:59 | INFO | gift_parser:start_gift_parsing_loop:158 - 👥 Found 1 users with autobuy enabled
2025-06-03 17:10:59 | DEBUG | gift_parser:start_gift_parsing_loop:174 - Cycle 1/1 for user 1487757625
2025-06-03 17:11:02 | DEBUG | gifts:aio_get_available_gifts:31 - Fetched 12 gifts from API
2025-06-03 17:11:02 | INFO | gift_parser:start_gift_parsing_loop:100 - 📊 Gifts fetched - Total: 12, Limited: 1, Unlimited: 11 (will be ignored)
2025-06-03 17:11:02 | INFO | gift_parser:start_gift_parsing_loop:150 - ✅ Database updated with LIMITED gifts only
2025-06-03 17:11:02 | INFO | gift_parser:start_gift_parsing_loop:158 - 👥 Found 1 users with autobuy enabled
2025-06-03 17:11:02 | DEBUG | gift_parser:start_gift_parsing_loop:174 - Cycle 1/1 for user 1487757625
2025-06-03 17:11:06 | DEBUG | gifts:aio_get_available_gifts:31 - Fetched 12 gifts from API
2025-06-03 17:11:06 | INFO | gift_parser:start_gift_parsing_loop:100 - 📊 Gifts fetched - Total: 12, Limited: 1, Unlimited: 11 (will be ignored)
2025-06-03 17:11:06 | INFO | gift_parser:start_gift_parsing_loop:130 - 📝 Updated gift 5782984811920491178: price=350⭐, remaining=91704/500000
2025-06-03 17:11:06 | INFO | gift_parser:start_gift_parsing_loop:150 - ✅ Database updated with LIMITED gifts only
2025-06-03 17:11:06 | INFO | gift_parser:start_gift_parsing_loop:158 - 👥 Found 1 users with autobuy enabled
2025-06-03 17:11:06 | DEBUG | gift_parser:start_gift_parsing_loop:174 - Cycle 1/1 for user 1487757625
2025-06-03 17:11:09 | DEBUG | gifts:aio_get_available_gifts:31 - Fetched 12 gifts from API
2025-06-03 17:11:09 | INFO | gift_parser:start_gift_parsing_loop:100 - 📊 Gifts fetched - Total: 12, Limited: 1, Unlimited: 11 (will be ignored)
2025-06-03 17:11:09 | INFO | gift_parser:start_gift_parsing_loop:150 - ✅ Database updated with LIMITED gifts only
2025-06-03 17:11:09 | INFO | gift_parser:start_gift_parsing_loop:158 - 👥 Found 1 users with autobuy enabled
2025-06-03 17:11:09 | DEBUG | gift_parser:start_gift_parsing_loop:174 - Cycle 1/1 for user 1487757625
2025-06-03 17:11:12 | DEBUG | gifts:aio_get_available_gifts:31 - Fetched 12 gifts from API
2025-06-03 17:11:12 | INFO | gift_parser:start_gift_parsing_loop:100 - 📊 Gifts fetched - Total: 12, Limited: 1, Unlimited: 11 (will be ignored)
2025-06-03 17:11:12 | INFO | gift_parser:start_gift_parsing_loop:150 - ✅ Database updated with LIMITED gifts only
2025-06-03 17:11:12 | INFO | gift_parser:start_gift_parsing_loop:158 - 👥 Found 1 users with autobuy enabled
2025-06-03 17:11:12 | DEBUG | gift_parser:start_gift_parsing_loop:174 - Cycle 1/1 for user 1487757625
2025-06-03 17:11:15 | DEBUG | gifts:aio_get_available_gifts:31 - Fetched 12 gifts from API
2025-06-03 17:11:15 | INFO | gift_parser:start_gift_parsing_loop:100 - 📊 Gifts fetched - Total: 12, Limited: 1, Unlimited: 11 (will be ignored)
2025-06-03 17:11:15 | INFO | gift_parser:start_gift_parsing_loop:150 - ✅ Database updated with LIMITED gifts only
2025-06-03 17:11:15 | INFO | gift_parser:start_gift_parsing_loop:158 - 👥 Found 1 users with autobuy enabled
2025-06-03 17:11:15 | DEBUG | gift_parser:start_gift_parsing_loop:174 - Cycle 1/1 for user 1487757625
2025-06-03 17:11:19 | DEBUG | gifts:aio_get_available_gifts:31 - Fetched 12 gifts from API
2025-06-03 17:11:19 | INFO | gift_parser:start_gift_parsing_loop:100 - 📊 Gifts fetched - Total: 12, Limited: 1, Unlimited: 11 (will be ignored)
2025-06-03 17:11:19 | INFO | gift_parser:start_gift_parsing_loop:150 - ✅ Database updated with LIMITED gifts only
2025-06-03 17:11:19 | INFO | gift_parser:start_gift_parsing_loop:158 - 👥 Found 1 users with autobuy enabled
2025-06-03 17:11:19 | DEBUG | gift_parser:start_gift_parsing_loop:174 - Cycle 1/1 for user 1487757625
2025-06-03 17:11:22 | DEBUG | gifts:aio_get_available_gifts:31 - Fetched 12 gifts from API
2025-06-03 17:11:22 | INFO | gift_parser:start_gift_parsing_loop:100 - 📊 Gifts fetched - Total: 12, Limited: 1, Unlimited: 11 (will be ignored)
2025-06-03 17:11:22 | INFO | gift_parser:start_gift_parsing_loop:150 - ✅ Database updated with LIMITED gifts only
2025-06-03 17:11:22 | INFO | gift_parser:start_gift_parsing_loop:158 - 👥 Found 1 users with autobuy enabled
2025-06-03 17:11:22 | DEBUG | gift_parser:start_gift_parsing_loop:174 - Cycle 1/1 for user 1487757625
2025-06-03 17:11:25 | DEBUG | gifts:aio_get_available_gifts:31 - Fetched 12 gifts from API
2025-06-03 17:11:25 | INFO | gift_parser:start_gift_parsing_loop:100 - 📊 Gifts fetched - Total: 12, Limited: 1, Unlimited: 11 (will be ignored)
2025-06-03 17:11:25 | INFO | gift_parser:start_gift_parsing_loop:150 - ✅ Database updated with LIMITED gifts only
2025-06-03 17:11:25 | INFO | gift_parser:start_gift_parsing_loop:158 - 👥 Found 1 users with autobuy enabled
2025-06-03 17:11:25 | DEBUG | gift_parser:start_gift_parsing_loop:174 - Cycle 1/1 for user 1487757625
2025-06-03 17:11:28 | DEBUG | gifts:aio_get_available_gifts:31 - Fetched 12 gifts from API
2025-06-03 17:11:28 | INFO | gift_parser:start_gift_parsing_loop:100 - 📊 Gifts fetched - Total: 12, Limited: 1, Unlimited: 11 (will be ignored)
2025-06-03 17:11:28 | INFO | gift_parser:start_gift_parsing_loop:150 - ✅ Database updated with LIMITED gifts only
2025-06-03 17:11:28 | INFO | gift_parser:start_gift_parsing_loop:158 - 👥 Found 1 users with autobuy enabled
2025-06-03 17:11:28 | DEBUG | gift_parser:start_gift_parsing_loop:174 - Cycle 1/1 for user 1487757625
2025-06-03 17:11:31 | DEBUG | gifts:aio_get_available_gifts:31 - Fetched 12 gifts from API
2025-06-03 17:11:31 | INFO | gift_parser:start_gift_parsing_loop:100 - 📊 Gifts fetched - Total: 12, Limited: 1, Unlimited: 11 (will be ignored)
2025-06-03 17:11:31 | INFO | gift_parser:start_gift_parsing_loop:150 - ✅ Database updated with LIMITED gifts only
2025-06-03 17:11:31 | INFO | gift_parser:start_gift_parsing_loop:158 - 👥 Found 1 users with autobuy enabled
2025-06-03 17:11:31 | DEBUG | gift_parser:start_gift_parsing_loop:174 - Cycle 1/1 for user 1487757625
2025-06-03 17:11:35 | DEBUG | gifts:aio_get_available_gifts:31 - Fetched 12 gifts from API
2025-06-03 17:11:35 | INFO | gift_parser:start_gift_parsing_loop:100 - 📊 Gifts fetched - Total: 12, Limited: 1, Unlimited: 11 (will be ignored)
2025-06-03 17:11:35 | INFO | gift_parser:start_gift_parsing_loop:150 - ✅ Database updated with LIMITED gifts only
2025-06-03 17:11:35 | INFO | gift_parser:start_gift_parsing_loop:158 - 👥 Found 1 users with autobuy enabled
2025-06-03 17:11:35 | DEBUG | gift_parser:start_gift_parsing_loop:174 - Cycle 1/1 for user 1487757625
2025-06-03 17:11:38 | DEBUG | gifts:aio_get_available_gifts:31 - Fetched 12 gifts from API
2025-06-03 17:11:38 | INFO | gift_parser:start_gift_parsing_loop:100 - 📊 Gifts fetched - Total: 12, Limited: 1, Unlimited: 11 (will be ignored)
2025-06-03 17:11:38 | INFO | gift_parser:start_gift_parsing_loop:150 - ✅ Database updated with LIMITED gifts only
2025-06-03 17:11:38 | INFO | gift_parser:start_gift_parsing_loop:158 - 👥 Found 1 users with autobuy enabled
2025-06-03 17:11:38 | DEBUG | gift_parser:start_gift_parsing_loop:174 - Cycle 1/1 for user 1487757625
2025-06-03 17:11:41 | DEBUG | gifts:aio_get_available_gifts:31 - Fetched 12 gifts from API
2025-06-03 17:11:41 | INFO | gift_parser:start_gift_parsing_loop:100 - 📊 Gifts fetched - Total: 12, Limited: 1, Unlimited: 11 (will be ignored)
2025-06-03 17:11:41 | INFO | gift_parser:start_gift_parsing_loop:150 - ✅ Database updated with LIMITED gifts only
2025-06-03 17:11:41 | INFO | gift_parser:start_gift_parsing_loop:158 - 👥 Found 1 users with autobuy enabled
2025-06-03 17:11:41 | DEBUG | gift_parser:start_gift_parsing_loop:174 - Cycle 1/1 for user 1487757625
2025-06-03 17:11:45 | DEBUG | gifts:aio_get_available_gifts:31 - Fetched 12 gifts from API
2025-06-03 17:11:45 | INFO | gift_parser:start_gift_parsing_loop:100 - 📊 Gifts fetched - Total: 12, Limited: 1, Unlimited: 11 (will be ignored)
2025-06-03 17:11:45 | INFO | gift_parser:start_gift_parsing_loop:150 - ✅ Database updated with LIMITED gifts only
2025-06-03 17:11:45 | INFO | gift_parser:start_gift_parsing_loop:158 - 👥 Found 1 users with autobuy enabled
2025-06-03 17:11:45 | DEBUG | gift_parser:start_gift_parsing_loop:174 - Cycle 1/1 for user 1487757625
2025-06-03 17:11:48 | DEBUG | gifts:aio_get_available_gifts:31 - Fetched 12 gifts from API
2025-06-03 17:11:48 | INFO | gift_parser:start_gift_parsing_loop:100 - 📊 Gifts fetched - Total: 12, Limited: 1, Unlimited: 11 (will be ignored)
2025-06-03 17:11:48 | INFO | gift_parser:start_gift_parsing_loop:150 - ✅ Database updated with LIMITED gifts only
2025-06-03 17:11:48 | INFO | gift_parser:start_gift_parsing_loop:158 - 👥 Found 1 users with autobuy enabled
2025-06-03 17:11:48 | DEBUG | gift_parser:start_gift_parsing_loop:174 - Cycle 1/1 for user 1487757625
2025-06-03 17:11:51 | DEBUG | gifts:aio_get_available_gifts:31 - Fetched 12 gifts from API
2025-06-03 17:11:51 | INFO | gift_parser:start_gift_parsing_loop:100 - 📊 Gifts fetched - Total: 12, Limited: 1, Unlimited: 11 (will be ignored)
2025-06-03 17:11:51 | INFO | gift_parser:start_gift_parsing_loop:150 - ✅ Database updated with LIMITED gifts only
2025-06-03 17:11:51 | INFO | gift_parser:start_gift_parsing_loop:158 - 👥 Found 1 users with autobuy enabled
2025-06-03 17:11:51 | DEBUG | gift_parser:start_gift_parsing_loop:174 - Cycle 1/1 for user 1487757625
2025-06-03 17:11:54 | DEBUG | gifts:aio_get_available_gifts:31 - Fetched 12 gifts from API
2025-06-03 17:11:54 | INFO | gift_parser:start_gift_parsing_loop:100 - 📊 Gifts fetched - Total: 12, Limited: 1, Unlimited: 11 (will be ignored)
2025-06-03 17:11:54 | INFO | gift_parser:start_gift_parsing_loop:130 - 📝 Updated gift 5782984811920491178: price=350⭐, remaining=91702/500000
2025-06-03 17:11:54 | INFO | gift_parser:start_gift_parsing_loop:150 - ✅ Database updated with LIMITED gifts only
2025-06-03 17:11:54 | INFO | gift_parser:start_gift_parsing_loop:158 - 👥 Found 1 users with autobuy enabled
2025-06-03 17:11:54 | DEBUG | gift_parser:start_gift_parsing_loop:174 - Cycle 1/1 for user 1487757625
2025-06-03 17:11:57 | DEBUG | gifts:aio_get_available_gifts:31 - Fetched 12 gifts from API
2025-06-03 17:11:57 | INFO | gift_parser:start_gift_parsing_loop:100 - 📊 Gifts fetched - Total: 12, Limited: 1, Unlimited: 11 (will be ignored)
2025-06-03 17:11:57 | INFO | gift_parser:start_gift_parsing_loop:150 - ✅ Database updated with LIMITED gifts only
2025-06-03 17:11:57 | INFO | gift_parser:start_gift_parsing_loop:158 - 👥 Found 1 users with autobuy enabled
2025-06-03 17:11:57 | DEBUG | gift_parser:start_gift_parsing_loop:174 - Cycle 1/1 for user 1487757625
2025-06-03 17:12:01 | DEBUG | gifts:aio_get_available_gifts:31 - Fetched 12 gifts from API
2025-06-03 17:12:01 | INFO | gift_parser:start_gift_parsing_loop:100 - 📊 Gifts fetched - Total: 12, Limited: 1, Unlimited: 11 (will be ignored)
2025-06-03 17:12:01 | INFO | gift_parser:start_gift_parsing_loop:150 - ✅ Database updated with LIMITED gifts only
2025-06-03 17:12:01 | INFO | gift_parser:start_gift_parsing_loop:158 - 👥 Found 1 users with autobuy enabled
2025-06-03 17:12:01 | DEBUG | gift_parser:start_gift_parsing_loop:174 - Cycle 1/1 for user 1487757625
2025-06-03 17:12:04 | DEBUG | gifts:aio_get_available_gifts:31 - Fetched 12 gifts from API
2025-06-03 17:12:04 | INFO | gift_parser:start_gift_parsing_loop:100 - 📊 Gifts fetched - Total: 12, Limited: 1, Unlimited: 11 (will be ignored)
2025-06-03 17:12:04 | INFO | gift_parser:start_gift_parsing_loop:150 - ✅ Database updated with LIMITED gifts only
2025-06-03 17:12:04 | INFO | gift_parser:start_gift_parsing_loop:158 - 👥 Found 1 users with autobuy enabled
2025-06-03 17:12:04 | DEBUG | gift_parser:start_gift_parsing_loop:174 - Cycle 1/1 for user 1487757625
2025-06-03 17:12:07 | DEBUG | gifts:aio_get_available_gifts:31 - Fetched 12 gifts from API
2025-06-03 17:12:07 | INFO | gift_parser:start_gift_parsing_loop:100 - 📊 Gifts fetched - Total: 12, Limited: 1, Unlimited: 11 (will be ignored)
2025-06-03 17:12:07 | INFO | gift_parser:start_gift_parsing_loop:150 - ✅ Database updated with LIMITED gifts only
2025-06-03 17:12:07 | INFO | gift_parser:start_gift_parsing_loop:158 - 👥 Found 1 users with autobuy enabled
2025-06-03 17:12:07 | DEBUG | gift_parser:start_gift_parsing_loop:174 - Cycle 1/1 for user 1487757625
2025-06-03 17:12:10 | DEBUG | gifts:aio_get_available_gifts:31 - Fetched 12 gifts from API
2025-06-03 17:12:10 | INFO | gift_parser:start_gift_parsing_loop:100 - 📊 Gifts fetched - Total: 12, Limited: 1, Unlimited: 11 (will be ignored)
2025-06-03 17:12:10 | INFO | gift_parser:start_gift_parsing_loop:150 - ✅ Database updated with LIMITED gifts only
2025-06-03 17:12:10 | INFO | gift_parser:start_gift_parsing_loop:158 - 👥 Found 1 users with autobuy enabled
2025-06-03 17:12:10 | DEBUG | gift_parser:start_gift_parsing_loop:174 - Cycle 1/1 for user 1487757625
2025-06-03 17:12:14 | DEBUG | gifts:aio_get_available_gifts:31 - Fetched 12 gifts from API
2025-06-03 17:12:14 | INFO | gift_parser:start_gift_parsing_loop:100 - 📊 Gifts fetched - Total: 12, Limited: 1, Unlimited: 11 (will be ignored)
2025-06-03 17:12:14 | INFO | gift_parser:start_gift_parsing_loop:150 - ✅ Database updated with LIMITED gifts only
2025-06-03 17:12:14 | INFO | gift_parser:start_gift_parsing_loop:158 - 👥 Found 1 users with autobuy enabled
2025-06-03 17:12:14 | DEBUG | gift_parser:start_gift_parsing_loop:174 - Cycle 1/1 for user 1487757625
2025-06-03 17:12:17 | DEBUG | gifts:aio_get_available_gifts:31 - Fetched 12 gifts from API
2025-06-03 17:12:17 | INFO | gift_parser:start_gift_parsing_loop:100 - 📊 Gifts fetched - Total: 12, Limited: 1, Unlimited: 11 (will be ignored)
2025-06-03 17:12:17 | INFO | gift_parser:start_gift_parsing_loop:150 - ✅ Database updated with LIMITED gifts only
2025-06-03 17:12:17 | INFO | gift_parser:start_gift_parsing_loop:158 - 👥 Found 1 users with autobuy enabled
2025-06-03 17:12:17 | DEBUG | gift_parser:start_gift_parsing_loop:174 - Cycle 1/1 for user 1487757625
2025-06-03 17:12:20 | DEBUG | gifts:aio_get_available_gifts:31 - Fetched 12 gifts from API
2025-06-03 17:12:20 | INFO | gift_parser:start_gift_parsing_loop:100 - 📊 Gifts fetched - Total: 12, Limited: 1, Unlimited: 11 (will be ignored)
2025-06-03 17:12:20 | INFO | gift_parser:start_gift_parsing_loop:150 - ✅ Database updated with LIMITED gifts only
2025-06-03 17:12:20 | INFO | gift_parser:start_gift_parsing_loop:158 - 👥 Found 1 users with autobuy enabled
2025-06-03 17:12:20 | DEBUG | gift_parser:start_gift_parsing_loop:174 - Cycle 1/1 for user 1487757625
2025-06-03 17:12:23 | DEBUG | gifts:aio_get_available_gifts:31 - Fetched 12 gifts from API
2025-06-03 17:12:23 | INFO | gift_parser:start_gift_parsing_loop:100 - 📊 Gifts fetched - Total: 12, Limited: 1, Unlimited: 11 (will be ignored)
2025-06-03 17:12:23 | INFO | gift_parser:start_gift_parsing_loop:150 - ✅ Database updated with LIMITED gifts only
2025-06-03 17:12:23 | INFO | gift_parser:start_gift_parsing_loop:158 - 👥 Found 1 users with autobuy enabled
2025-06-03 17:12:23 | DEBUG | gift_parser:start_gift_parsing_loop:174 - Cycle 1/1 for user 1487757625
2025-06-03 17:12:27 | DEBUG | gifts:aio_get_available_gifts:31 - Fetched 12 gifts from API
2025-06-03 17:12:27 | INFO | gift_parser:start_gift_parsing_loop:100 - 📊 Gifts fetched - Total: 12, Limited: 1, Unlimited: 11 (will be ignored)
2025-06-03 17:12:27 | INFO | gift_parser:start_gift_parsing_loop:150 - ✅ Database updated with LIMITED gifts only
2025-06-03 17:12:27 | INFO | gift_parser:start_gift_parsing_loop:158 - 👥 Found 1 users with autobuy enabled
2025-06-03 17:12:27 | DEBUG | gift_parser:start_gift_parsing_loop:174 - Cycle 1/1 for user 1487757625
2025-06-03 17:12:30 | DEBUG | gifts:aio_get_available_gifts:31 - Fetched 12 gifts from API
2025-06-03 17:12:30 | INFO | gift_parser:start_gift_parsing_loop:100 - 📊 Gifts fetched - Total: 12, Limited: 1, Unlimited: 11 (will be ignored)
2025-06-03 17:12:30 | INFO | gift_parser:start_gift_parsing_loop:150 - ✅ Database updated with LIMITED gifts only
2025-06-03 17:12:30 | INFO | gift_parser:start_gift_parsing_loop:158 - 👥 Found 1 users with autobuy enabled
2025-06-03 17:12:30 | DEBUG | gift_parser:start_gift_parsing_loop:174 - Cycle 1/1 for user 1487757625
2025-06-03 17:12:33 | DEBUG | gifts:aio_get_available_gifts:31 - Fetched 12 gifts from API
2025-06-03 17:12:33 | INFO | gift_parser:start_gift_parsing_loop:100 - 📊 Gifts fetched - Total: 12, Limited: 1, Unlimited: 11 (will be ignored)
2025-06-03 17:12:33 | INFO | gift_parser:start_gift_parsing_loop:150 - ✅ Database updated with LIMITED gifts only
2025-06-03 17:12:33 | INFO | gift_parser:start_gift_parsing_loop:158 - 👥 Found 1 users with autobuy enabled
2025-06-03 17:12:33 | DEBUG | gift_parser:start_gift_parsing_loop:174 - Cycle 1/1 for user 1487757625
2025-06-03 17:12:37 | DEBUG | gifts:aio_get_available_gifts:31 - Fetched 12 gifts from API
2025-06-03 17:12:37 | INFO | gift_parser:start_gift_parsing_loop:100 - 📊 Gifts fetched - Total: 12, Limited: 1, Unlimited: 11 (will be ignored)
2025-06-03 17:12:37 | INFO | gift_parser:start_gift_parsing_loop:130 - 📝 Updated gift 5782984811920491178: price=350⭐, remaining=91701/500000
2025-06-03 17:12:37 | INFO | gift_parser:start_gift_parsing_loop:150 - ✅ Database updated with LIMITED gifts only
2025-06-03 17:12:37 | INFO | gift_parser:start_gift_parsing_loop:158 - 👥 Found 1 users with autobuy enabled
2025-06-03 17:12:37 | DEBUG | gift_parser:start_gift_parsing_loop:174 - Cycle 1/1 for user 1487757625
2025-06-03 17:12:40 | DEBUG | gifts:aio_get_available_gifts:31 - Fetched 12 gifts from API
2025-06-03 17:12:40 | INFO | gift_parser:start_gift_parsing_loop:100 - 📊 Gifts fetched - Total: 12, Limited: 1, Unlimited: 11 (will be ignored)
2025-06-03 17:12:40 | INFO | gift_parser:start_gift_parsing_loop:150 - ✅ Database updated with LIMITED gifts only
2025-06-03 17:12:40 | INFO | gift_parser:start_gift_parsing_loop:158 - 👥 Found 1 users with autobuy enabled
2025-06-03 17:12:40 | DEBUG | gift_parser:start_gift_parsing_loop:174 - Cycle 1/1 for user 1487757625
2025-06-03 17:12:43 | DEBUG | gifts:aio_get_available_gifts:31 - Fetched 12 gifts from API
2025-06-03 17:12:43 | INFO | gift_parser:start_gift_parsing_loop:100 - 📊 Gifts fetched - Total: 12, Limited: 1, Unlimited: 11 (will be ignored)
2025-06-03 17:12:43 | INFO | gift_parser:start_gift_parsing_loop:150 - ✅ Database updated with LIMITED gifts only
2025-06-03 17:12:43 | INFO | gift_parser:start_gift_parsing_loop:158 - 👥 Found 1 users with autobuy enabled
2025-06-03 17:12:43 | DEBUG | gift_parser:start_gift_parsing_loop:174 - Cycle 1/1 for user 1487757625
2025-06-03 17:12:46 | DEBUG | gifts:aio_get_available_gifts:31 - Fetched 12 gifts from API
2025-06-03 17:12:46 | INFO | gift_parser:start_gift_parsing_loop:100 - 📊 Gifts fetched - Total: 12, Limited: 1, Unlimited: 11 (will be ignored)
2025-06-03 17:12:46 | INFO | gift_parser:start_gift_parsing_loop:130 - 📝 Updated gift 5782984811920491178: price=350⭐, remaining=91702/500000
2025-06-03 17:12:46 | INFO | gift_parser:start_gift_parsing_loop:150 - ✅ Database updated with LIMITED gifts only
2025-06-03 17:12:46 | INFO | gift_parser:start_gift_parsing_loop:158 - 👥 Found 1 users with autobuy enabled
2025-06-03 17:12:46 | DEBUG | gift_parser:start_gift_parsing_loop:174 - Cycle 1/1 for user 1487757625
2025-06-03 17:12:50 | DEBUG | gifts:aio_get_available_gifts:31 - Fetched 12 gifts from API
2025-06-03 17:12:50 | INFO | gift_parser:start_gift_parsing_loop:100 - 📊 Gifts fetched - Total: 12, Limited: 1, Unlimited: 11 (will be ignored)
2025-06-03 17:12:50 | INFO | gift_parser:start_gift_parsing_loop:130 - 📝 Updated gift 5782984811920491178: price=350⭐, remaining=91700/500000
2025-06-03 17:12:50 | INFO | gift_parser:start_gift_parsing_loop:150 - ✅ Database updated with LIMITED gifts only
2025-06-03 17:12:50 | INFO | gift_parser:start_gift_parsing_loop:158 - 👥 Found 1 users with autobuy enabled
2025-06-03 17:12:50 | DEBUG | gift_parser:start_gift_parsing_loop:174 - Cycle 1/1 for user 1487757625
2025-06-03 17:12:53 | DEBUG | gifts:aio_get_available_gifts:31 - Fetched 12 gifts from API
2025-06-03 17:12:53 | INFO | gift_parser:start_gift_parsing_loop:100 - 📊 Gifts fetched - Total: 12, Limited: 1, Unlimited: 11 (will be ignored)
2025-06-03 17:12:53 | INFO | gift_parser:start_gift_parsing_loop:130 - 📝 Updated gift 5782984811920491178: price=350⭐, remaining=91701/500000
2025-06-03 17:12:53 | INFO | gift_parser:start_gift_parsing_loop:150 - ✅ Database updated with LIMITED gifts only
2025-06-03 17:12:53 | INFO | gift_parser:start_gift_parsing_loop:158 - 👥 Found 1 users with autobuy enabled
2025-06-03 17:12:53 | DEBUG | gift_parser:start_gift_parsing_loop:174 - Cycle 1/1 for user 1487757625
2025-06-03 17:12:56 | DEBUG | gifts:aio_get_available_gifts:31 - Fetched 12 gifts from API
2025-06-03 17:12:56 | INFO | gift_parser:start_gift_parsing_loop:100 - 📊 Gifts fetched - Total: 12, Limited: 1, Unlimited: 11 (will be ignored)
2025-06-03 17:12:56 | INFO | gift_parser:start_gift_parsing_loop:150 - ✅ Database updated with LIMITED gifts only
2025-06-03 17:12:56 | INFO | gift_parser:start_gift_parsing_loop:158 - 👥 Found 1 users with autobuy enabled
2025-06-03 17:12:56 | DEBUG | gift_parser:start_gift_parsing_loop:174 - Cycle 1/1 for user 1487757625
2025-06-03 17:13:00 | DEBUG | gifts:aio_get_available_gifts:31 - Fetched 12 gifts from API
2025-06-03 17:13:00 | INFO | gift_parser:start_gift_parsing_loop:100 - 📊 Gifts fetched - Total: 12, Limited: 1, Unlimited: 11 (will be ignored)
2025-06-03 17:13:00 | INFO | gift_parser:start_gift_parsing_loop:150 - ✅ Database updated with LIMITED gifts only
2025-06-03 17:13:00 | INFO | gift_parser:start_gift_parsing_loop:158 - 👥 Found 1 users with autobuy enabled
2025-06-03 17:13:00 | DEBUG | gift_parser:start_gift_parsing_loop:174 - Cycle 1/1 for user 1487757625
2025-06-03 17:13:03 | DEBUG | gifts:aio_get_available_gifts:31 - Fetched 12 gifts from API
2025-06-03 17:13:03 | INFO | gift_parser:start_gift_parsing_loop:100 - 📊 Gifts fetched - Total: 12, Limited: 1, Unlimited: 11 (will be ignored)
2025-06-03 17:13:03 | INFO | gift_parser:start_gift_parsing_loop:150 - ✅ Database updated with LIMITED gifts only
2025-06-03 17:13:03 | INFO | gift_parser:start_gift_parsing_loop:158 - 👥 Found 1 users with autobuy enabled
2025-06-03 17:13:03 | DEBUG | gift_parser:start_gift_parsing_loop:174 - Cycle 1/1 for user 1487757625
2025-06-03 17:13:06 | DEBUG | gifts:aio_get_available_gifts:31 - Fetched 12 gifts from API
2025-06-03 17:13:06 | INFO | gift_parser:start_gift_parsing_loop:100 - 📊 Gifts fetched - Total: 12, Limited: 1, Unlimited: 11 (will be ignored)
2025-06-03 17:13:06 | INFO | gift_parser:start_gift_parsing_loop:130 - 📝 Updated gift 5782984811920491178: price=350⭐, remaining=91700/500000
2025-06-03 17:13:06 | INFO | gift_parser:start_gift_parsing_loop:150 - ✅ Database updated with LIMITED gifts only
2025-06-03 17:13:06 | INFO | gift_parser:start_gift_parsing_loop:158 - 👥 Found 1 users with autobuy enabled
2025-06-03 17:13:06 | DEBUG | gift_parser:start_gift_parsing_loop:174 - Cycle 1/1 for user 1487757625
2025-06-03 17:13:09 | DEBUG | gifts:aio_get_available_gifts:31 - Fetched 12 gifts from API
2025-06-03 17:13:09 | INFO | gift_parser:start_gift_parsing_loop:100 - 📊 Gifts fetched - Total: 12, Limited: 1, Unlimited: 11 (will be ignored)
2025-06-03 17:13:09 | INFO | gift_parser:start_gift_parsing_loop:130 - 📝 Updated gift 5782984811920491178: price=350⭐, remaining=91701/500000
2025-06-03 17:13:09 | INFO | gift_parser:start_gift_parsing_loop:150 - ✅ Database updated with LIMITED gifts only
2025-06-03 17:13:09 | INFO | gift_parser:start_gift_parsing_loop:158 - 👥 Found 1 users with autobuy enabled
2025-06-03 17:13:09 | DEBUG | gift_parser:start_gift_parsing_loop:174 - Cycle 1/1 for user 1487757625
2025-06-03 17:13:12 | DEBUG | gifts:aio_get_available_gifts:31 - Fetched 12 gifts from API
2025-06-03 17:13:12 | INFO | gift_parser:start_gift_parsing_loop:100 - 📊 Gifts fetched - Total: 12, Limited: 1, Unlimited: 11 (will be ignored)
2025-06-03 17:13:12 | INFO | gift_parser:start_gift_parsing_loop:130 - 📝 Updated gift 5782984811920491178: price=350⭐, remaining=91700/500000
2025-06-03 17:13:12 | INFO | gift_parser:start_gift_parsing_loop:150 - ✅ Database updated with LIMITED gifts only
2025-06-03 17:13:12 | INFO | gift_parser:start_gift_parsing_loop:158 - 👥 Found 1 users with autobuy enabled
2025-06-03 17:13:12 | DEBUG | gift_parser:start_gift_parsing_loop:174 - Cycle 1/1 for user 1487757625
2025-06-03 17:13:16 | DEBUG | gifts:aio_get_available_gifts:31 - Fetched 12 gifts from API
2025-06-03 17:13:16 | INFO | gift_parser:start_gift_parsing_loop:100 - 📊 Gifts fetched - Total: 12, Limited: 1, Unlimited: 11 (will be ignored)
2025-06-03 17:13:16 | INFO | gift_parser:start_gift_parsing_loop:150 - ✅ Database updated with LIMITED gifts only
2025-06-03 17:13:16 | INFO | gift_parser:start_gift_parsing_loop:158 - 👥 Found 1 users with autobuy enabled
2025-06-03 17:13:16 | DEBUG | gift_parser:start_gift_parsing_loop:174 - Cycle 1/1 for user 1487757625
2025-06-03 17:13:19 | DEBUG | gifts:aio_get_available_gifts:31 - Fetched 12 gifts from API
2025-06-03 17:13:19 | INFO | gift_parser:start_gift_parsing_loop:100 - 📊 Gifts fetched - Total: 12, Limited: 1, Unlimited: 11 (will be ignored)
2025-06-03 17:13:19 | INFO | gift_parser:start_gift_parsing_loop:150 - ✅ Database updated with LIMITED gifts only
2025-06-03 17:13:19 | INFO | gift_parser:start_gift_parsing_loop:158 - 👥 Found 1 users with autobuy enabled
2025-06-03 17:13:19 | DEBUG | gift_parser:start_gift_parsing_loop:174 - Cycle 1/1 for user 1487757625
2025-06-03 17:13:22 | DEBUG | gifts:aio_get_available_gifts:31 - Fetched 12 gifts from API
2025-06-03 17:13:22 | INFO | gift_parser:start_gift_parsing_loop:100 - 📊 Gifts fetched - Total: 12, Limited: 1, Unlimited: 11 (will be ignored)
2025-06-03 17:13:22 | INFO | gift_parser:start_gift_parsing_loop:150 - ✅ Database updated with LIMITED gifts only
2025-06-03 17:13:22 | INFO | gift_parser:start_gift_parsing_loop:158 - 👥 Found 1 users with autobuy enabled
2025-06-03 17:13:22 | DEBUG | gift_parser:start_gift_parsing_loop:174 - Cycle 1/1 for user 1487757625
2025-06-03 17:13:25 | DEBUG | gifts:aio_get_available_gifts:31 - Fetched 12 gifts from API
2025-06-03 17:13:25 | INFO | gift_parser:start_gift_parsing_loop:100 - 📊 Gifts fetched - Total: 12, Limited: 1, Unlimited: 11 (will be ignored)
2025-06-03 17:13:25 | INFO | gift_parser:start_gift_parsing_loop:150 - ✅ Database updated with LIMITED gifts only
2025-06-03 17:13:25 | INFO | gift_parser:start_gift_parsing_loop:158 - 👥 Found 1 users with autobuy enabled
2025-06-03 17:13:25 | DEBUG | gift_parser:start_gift_parsing_loop:174 - Cycle 1/1 for user 1487757625
2025-06-03 17:13:29 | DEBUG | gifts:aio_get_available_gifts:31 - Fetched 12 gifts from API
2025-06-03 17:13:29 | INFO | gift_parser:start_gift_parsing_loop:100 - 📊 Gifts fetched - Total: 12, Limited: 1, Unlimited: 11 (will be ignored)
2025-06-03 17:13:29 | INFO | gift_parser:start_gift_parsing_loop:150 - ✅ Database updated with LIMITED gifts only
2025-06-03 17:13:29 | INFO | gift_parser:start_gift_parsing_loop:158 - 👥 Found 1 users with autobuy enabled
2025-06-03 17:13:29 | DEBUG | gift_parser:start_gift_parsing_loop:174 - Cycle 1/1 for user 1487757625
2025-06-03 17:13:32 | DEBUG | gifts:aio_get_available_gifts:31 - Fetched 12 gifts from API
2025-06-03 17:13:32 | INFO | gift_parser:start_gift_parsing_loop:100 - 📊 Gifts fetched - Total: 12, Limited: 1, Unlimited: 11 (will be ignored)
2025-06-03 17:13:32 | INFO | gift_parser:start_gift_parsing_loop:150 - ✅ Database updated with LIMITED gifts only
2025-06-03 17:13:32 | INFO | gift_parser:start_gift_parsing_loop:158 - 👥 Found 1 users with autobuy enabled
2025-06-03 17:13:32 | DEBUG | gift_parser:start_gift_parsing_loop:174 - Cycle 1/1 for user 1487757625
2025-06-03 17:13:35 | DEBUG | gifts:aio_get_available_gifts:31 - Fetched 12 gifts from API
2025-06-03 17:13:35 | INFO | gift_parser:start_gift_parsing_loop:100 - 📊 Gifts fetched - Total: 12, Limited: 1, Unlimited: 11 (will be ignored)
2025-06-03 17:13:35 | INFO | gift_parser:start_gift_parsing_loop:150 - ✅ Database updated with LIMITED gifts only
2025-06-03 17:13:35 | INFO | gift_parser:start_gift_parsing_loop:158 - 👥 Found 1 users with autobuy enabled
2025-06-03 17:13:35 | DEBUG | gift_parser:start_gift_parsing_loop:174 - Cycle 1/1 for user 1487757625
2025-06-03 17:13:38 | DEBUG | gifts:aio_get_available_gifts:31 - Fetched 12 gifts from API
2025-06-03 17:13:38 | INFO | gift_parser:start_gift_parsing_loop:100 - 📊 Gifts fetched - Total: 12, Limited: 1, Unlimited: 11 (will be ignored)
2025-06-03 17:13:38 | INFO | gift_parser:start_gift_parsing_loop:150 - ✅ Database updated with LIMITED gifts only
2025-06-03 17:13:38 | INFO | gift_parser:start_gift_parsing_loop:158 - 👥 Found 1 users with autobuy enabled
2025-06-03 17:13:38 | DEBUG | gift_parser:start_gift_parsing_loop:174 - Cycle 1/1 for user 1487757625
2025-06-03 17:13:42 | DEBUG | gifts:aio_get_available_gifts:31 - Fetched 12 gifts from API
2025-06-03 17:13:42 | INFO | gift_parser:start_gift_parsing_loop:100 - 📊 Gifts fetched - Total: 12, Limited: 1, Unlimited: 11 (will be ignored)
2025-06-03 17:13:42 | INFO | gift_parser:start_gift_parsing_loop:150 - ✅ Database updated with LIMITED gifts only
2025-06-03 17:13:42 | INFO | gift_parser:start_gift_parsing_loop:158 - 👥 Found 1 users with autobuy enabled
2025-06-03 17:13:42 | DEBUG | gift_parser:start_gift_parsing_loop:174 - Cycle 1/1 for user 1487757625
2025-06-03 17:13:45 | DEBUG | gifts:aio_get_available_gifts:31 - Fetched 12 gifts from API
2025-06-03 17:13:45 | INFO | gift_parser:start_gift_parsing_loop:100 - 📊 Gifts fetched - Total: 12, Limited: 1, Unlimited: 11 (will be ignored)
2025-06-03 17:13:45 | INFO | gift_parser:start_gift_parsing_loop:150 - ✅ Database updated with LIMITED gifts only
2025-06-03 17:13:45 | INFO | gift_parser:start_gift_parsing_loop:158 - 👥 Found 1 users with autobuy enabled
2025-06-03 17:13:45 | DEBUG | gift_parser:start_gift_parsing_loop:174 - Cycle 1/1 for user 1487757625
2025-06-03 17:13:48 | DEBUG | gifts:aio_get_available_gifts:31 - Fetched 12 gifts from API
2025-06-03 17:13:48 | INFO | gift_parser:start_gift_parsing_loop:100 - 📊 Gifts fetched - Total: 12, Limited: 1, Unlimited: 11 (will be ignored)
2025-06-03 17:13:48 | INFO | gift_parser:start_gift_parsing_loop:150 - ✅ Database updated with LIMITED gifts only
2025-06-03 17:13:48 | INFO | gift_parser:start_gift_parsing_loop:158 - 👥 Found 1 users with autobuy enabled
2025-06-03 17:13:48 | DEBUG | gift_parser:start_gift_parsing_loop:174 - Cycle 1/1 for user 1487757625
2025-06-03 17:13:51 | DEBUG | gifts:aio_get_available_gifts:31 - Fetched 12 gifts from API
2025-06-03 17:13:51 | INFO | gift_parser:start_gift_parsing_loop:100 - 📊 Gifts fetched - Total: 12, Limited: 1, Unlimited: 11 (will be ignored)
2025-06-03 17:13:51 | INFO | gift_parser:start_gift_parsing_loop:150 - ✅ Database updated with LIMITED gifts only
2025-06-03 17:13:51 | INFO | gift_parser:start_gift_parsing_loop:158 - 👥 Found 1 users with autobuy enabled
2025-06-03 17:13:51 | DEBUG | gift_parser:start_gift_parsing_loop:174 - Cycle 1/1 for user 1487757625
2025-06-03 17:13:55 | DEBUG | gifts:aio_get_available_gifts:31 - Fetched 12 gifts from API
2025-06-03 17:13:55 | INFO | gift_parser:start_gift_parsing_loop:100 - 📊 Gifts fetched - Total: 12, Limited: 1, Unlimited: 11 (will be ignored)
2025-06-03 17:13:55 | INFO | gift_parser:start_gift_parsing_loop:150 - ✅ Database updated with LIMITED gifts only
2025-06-03 17:13:55 | INFO | gift_parser:start_gift_parsing_loop:158 - 👥 Found 1 users with autobuy enabled
2025-06-03 17:13:55 | DEBUG | gift_parser:start_gift_parsing_loop:174 - Cycle 1/1 for user 1487757625
2025-06-03 17:13:58 | DEBUG | gifts:aio_get_available_gifts:31 - Fetched 12 gifts from API
2025-06-03 17:13:58 | INFO | gift_parser:start_gift_parsing_loop:100 - 📊 Gifts fetched - Total: 12, Limited: 1, Unlimited: 11 (will be ignored)
2025-06-03 17:13:58 | INFO | gift_parser:start_gift_parsing_loop:150 - ✅ Database updated with LIMITED gifts only
2025-06-03 17:13:58 | INFO | gift_parser:start_gift_parsing_loop:158 - 👥 Found 1 users with autobuy enabled
2025-06-03 17:13:58 | DEBUG | gift_parser:start_gift_parsing_loop:174 - Cycle 1/1 for user 1487757625
2025-06-03 17:14:01 | DEBUG | gifts:aio_get_available_gifts:31 - Fetched 12 gifts from API
2025-06-03 17:14:01 | INFO | gift_parser:start_gift_parsing_loop:100 - 📊 Gifts fetched - Total: 12, Limited: 1, Unlimited: 11 (will be ignored)
2025-06-03 17:14:01 | INFO | gift_parser:start_gift_parsing_loop:150 - ✅ Database updated with LIMITED gifts only
2025-06-03 17:14:01 | INFO | gift_parser:start_gift_parsing_loop:158 - 👥 Found 1 users with autobuy enabled
2025-06-03 17:14:01 | DEBUG | gift_parser:start_gift_parsing_loop:174 - Cycle 1/1 for user 1487757625
2025-06-03 17:14:04 | DEBUG | gifts:aio_get_available_gifts:31 - Fetched 12 gifts from API
2025-06-03 17:14:04 | INFO | gift_parser:start_gift_parsing_loop:100 - 📊 Gifts fetched - Total: 12, Limited: 1, Unlimited: 11 (will be ignored)
2025-06-03 17:14:04 | INFO | gift_parser:start_gift_parsing_loop:150 - ✅ Database updated with LIMITED gifts only
2025-06-03 17:14:04 | INFO | gift_parser:start_gift_parsing_loop:158 - 👥 Found 1 users with autobuy enabled
2025-06-03 17:14:04 | DEBUG | gift_parser:start_gift_parsing_loop:174 - Cycle 1/1 for user 1487757625
2025-06-03 17:14:07 | DEBUG | gifts:aio_get_available_gifts:31 - Fetched 12 gifts from API
2025-06-03 17:14:07 | INFO | gift_parser:start_gift_parsing_loop:100 - 📊 Gifts fetched - Total: 12, Limited: 1, Unlimited: 11 (will be ignored)
2025-06-03 17:14:07 | INFO | gift_parser:start_gift_parsing_loop:150 - ✅ Database updated with LIMITED gifts only
2025-06-03 17:14:07 | INFO | gift_parser:start_gift_parsing_loop:158 - 👥 Found 1 users with autobuy enabled
2025-06-03 17:14:07 | DEBUG | gift_parser:start_gift_parsing_loop:174 - Cycle 1/1 for user 1487757625
2025-06-03 17:14:11 | DEBUG | gifts:aio_get_available_gifts:31 - Fetched 12 gifts from API
2025-06-03 17:14:11 | INFO | gift_parser:start_gift_parsing_loop:100 - 📊 Gifts fetched - Total: 12, Limited: 1, Unlimited: 11 (will be ignored)
2025-06-03 17:14:11 | INFO | gift_parser:start_gift_parsing_loop:150 - ✅ Database updated with LIMITED gifts only
2025-06-03 17:14:11 | INFO | gift_parser:start_gift_parsing_loop:158 - 👥 Found 1 users with autobuy enabled
2025-06-03 17:14:11 | DEBUG | gift_parser:start_gift_parsing_loop:174 - Cycle 1/1 for user 1487757625
2025-06-03 17:14:14 | DEBUG | gifts:aio_get_available_gifts:31 - Fetched 12 gifts from API
2025-06-03 17:14:14 | INFO | gift_parser:start_gift_parsing_loop:100 - 📊 Gifts fetched - Total: 12, Limited: 1, Unlimited: 11 (will be ignored)
2025-06-03 17:14:14 | INFO | gift_parser:start_gift_parsing_loop:150 - ✅ Database updated with LIMITED gifts only
2025-06-03 17:14:14 | INFO | gift_parser:start_gift_parsing_loop:158 - 👥 Found 1 users with autobuy enabled
2025-06-03 17:14:14 | DEBUG | gift_parser:start_gift_parsing_loop:174 - Cycle 1/1 for user 1487757625
2025-06-03 17:14:17 | DEBUG | gifts:aio_get_available_gifts:31 - Fetched 12 gifts from API
2025-06-03 17:14:17 | INFO | gift_parser:start_gift_parsing_loop:100 - 📊 Gifts fetched - Total: 12, Limited: 1, Unlimited: 11 (will be ignored)
2025-06-03 17:14:17 | INFO | gift_parser:start_gift_parsing_loop:150 - ✅ Database updated with LIMITED gifts only
2025-06-03 17:14:17 | INFO | gift_parser:start_gift_parsing_loop:158 - 👥 Found 1 users with autobuy enabled
2025-06-03 17:14:17 | DEBUG | gift_parser:start_gift_parsing_loop:174 - Cycle 1/1 for user 1487757625
2025-06-03 17:14:20 | DEBUG | gifts:aio_get_available_gifts:31 - Fetched 12 gifts from API
2025-06-03 17:14:20 | INFO | gift_parser:start_gift_parsing_loop:100 - 📊 Gifts fetched - Total: 12, Limited: 1, Unlimited: 11 (will be ignored)
2025-06-03 17:14:20 | INFO | gift_parser:start_gift_parsing_loop:150 - ✅ Database updated with LIMITED gifts only
2025-06-03 17:14:20 | INFO | gift_parser:start_gift_parsing_loop:158 - 👥 Found 1 users with autobuy enabled
2025-06-03 17:14:20 | DEBUG | gift_parser:start_gift_parsing_loop:174 - Cycle 1/1 for user 1487757625
2025-06-03 17:14:24 | DEBUG | gifts:aio_get_available_gifts:31 - Fetched 12 gifts from API
2025-06-03 17:14:24 | INFO | gift_parser:start_gift_parsing_loop:100 - 📊 Gifts fetched - Total: 12, Limited: 1, Unlimited: 11 (will be ignored)
2025-06-03 17:14:24 | INFO | gift_parser:start_gift_parsing_loop:130 - 📝 Updated gift 5782984811920491178: price=350⭐, remaining=91698/500000
2025-06-03 17:14:24 | INFO | gift_parser:start_gift_parsing_loop:150 - ✅ Database updated with LIMITED gifts only
2025-06-03 17:14:24 | INFO | gift_parser:start_gift_parsing_loop:158 - 👥 Found 1 users with autobuy enabled
2025-06-03 17:14:24 | DEBUG | gift_parser:start_gift_parsing_loop:174 - Cycle 1/1 for user 1487757625
2025-06-03 17:14:27 | DEBUG | gifts:aio_get_available_gifts:31 - Fetched 12 gifts from API
2025-06-03 17:14:27 | INFO | gift_parser:start_gift_parsing_loop:100 - 📊 Gifts fetched - Total: 12, Limited: 1, Unlimited: 11 (will be ignored)
2025-06-03 17:14:27 | INFO | gift_parser:start_gift_parsing_loop:130 - 📝 Updated gift 5782984811920491178: price=350⭐, remaining=91700/500000
2025-06-03 17:14:27 | INFO | gift_parser:start_gift_parsing_loop:150 - ✅ Database updated with LIMITED gifts only
2025-06-03 17:14:27 | INFO | gift_parser:start_gift_parsing_loop:158 - 👥 Found 1 users with autobuy enabled
2025-06-03 17:14:27 | DEBUG | gift_parser:start_gift_parsing_loop:174 - Cycle 1/1 for user 1487757625
2025-06-03 17:14:30 | DEBUG | gifts:aio_get_available_gifts:31 - Fetched 12 gifts from API
2025-06-03 17:14:30 | INFO | gift_parser:start_gift_parsing_loop:100 - 📊 Gifts fetched - Total: 12, Limited: 1, Unlimited: 11 (will be ignored)
2025-06-03 17:14:30 | INFO | gift_parser:start_gift_parsing_loop:130 - 📝 Updated gift 5782984811920491178: price=350⭐, remaining=91697/500000
2025-06-03 17:14:30 | INFO | gift_parser:start_gift_parsing_loop:150 - ✅ Database updated with LIMITED gifts only
2025-06-03 17:14:30 | INFO | gift_parser:start_gift_parsing_loop:158 - 👥 Found 1 users with autobuy enabled
2025-06-03 17:14:30 | DEBUG | gift_parser:start_gift_parsing_loop:174 - Cycle 1/1 for user 1487757625
2025-06-03 17:14:33 | DEBUG | gifts:aio_get_available_gifts:31 - Fetched 12 gifts from API
2025-06-03 17:14:33 | INFO | gift_parser:start_gift_parsing_loop:100 - 📊 Gifts fetched - Total: 12, Limited: 1, Unlimited: 11 (will be ignored)
2025-06-03 17:14:33 | INFO | gift_parser:start_gift_parsing_loop:130 - 📝 Updated gift 5782984811920491178: price=350⭐, remaining=91700/500000
2025-06-03 17:14:33 | INFO | gift_parser:start_gift_parsing_loop:150 - ✅ Database updated with LIMITED gifts only
2025-06-03 17:14:33 | INFO | gift_parser:start_gift_parsing_loop:158 - 👥 Found 1 users with autobuy enabled
2025-06-03 17:14:33 | DEBUG | gift_parser:start_gift_parsing_loop:174 - Cycle 1/1 for user 1487757625
2025-06-03 17:14:37 | DEBUG | gifts:aio_get_available_gifts:31 - Fetched 12 gifts from API
2025-06-03 17:14:37 | INFO | gift_parser:start_gift_parsing_loop:100 - 📊 Gifts fetched - Total: 12, Limited: 1, Unlimited: 11 (will be ignored)
2025-06-03 17:14:37 | INFO | gift_parser:start_gift_parsing_loop:130 - 📝 Updated gift 5782984811920491178: price=350⭐, remaining=91697/500000
2025-06-03 17:14:37 | INFO | gift_parser:start_gift_parsing_loop:150 - ✅ Database updated with LIMITED gifts only
2025-06-03 17:14:37 | INFO | gift_parser:start_gift_parsing_loop:158 - 👥 Found 1 users with autobuy enabled
2025-06-03 17:14:37 | DEBUG | gift_parser:start_gift_parsing_loop:174 - Cycle 1/1 for user 1487757625
2025-06-03 17:14:40 | DEBUG | gifts:aio_get_available_gifts:31 - Fetched 12 gifts from API
2025-06-03 17:14:40 | INFO | gift_parser:start_gift_parsing_loop:100 - 📊 Gifts fetched - Total: 12, Limited: 1, Unlimited: 11 (will be ignored)
2025-06-03 17:14:40 | INFO | gift_parser:start_gift_parsing_loop:150 - ✅ Database updated with LIMITED gifts only
2025-06-03 17:14:40 | INFO | gift_parser:start_gift_parsing_loop:158 - 👥 Found 1 users with autobuy enabled
2025-06-03 17:14:40 | DEBUG | gift_parser:start_gift_parsing_loop:174 - Cycle 1/1 for user 1487757625
2025-06-03 17:14:43 | DEBUG | gifts:aio_get_available_gifts:31 - Fetched 12 gifts from API
2025-06-03 17:14:43 | INFO | gift_parser:start_gift_parsing_loop:100 - 📊 Gifts fetched - Total: 12, Limited: 1, Unlimited: 11 (will be ignored)
2025-06-03 17:14:43 | INFO | gift_parser:start_gift_parsing_loop:150 - ✅ Database updated with LIMITED gifts only
2025-06-03 17:14:43 | INFO | gift_parser:start_gift_parsing_loop:158 - 👥 Found 1 users with autobuy enabled
2025-06-03 17:14:43 | DEBUG | gift_parser:start_gift_parsing_loop:174 - Cycle 1/1 for user 1487757625
2025-06-03 17:14:46 | DEBUG | gifts:aio_get_available_gifts:31 - Fetched 12 gifts from API
2025-06-03 17:14:46 | INFO | gift_parser:start_gift_parsing_loop:100 - 📊 Gifts fetched - Total: 12, Limited: 1, Unlimited: 11 (will be ignored)
2025-06-03 17:14:46 | INFO | gift_parser:start_gift_parsing_loop:130 - 📝 Updated gift 5782984811920491178: price=350⭐, remaining=91698/500000
2025-06-03 17:14:46 | INFO | gift_parser:start_gift_parsing_loop:150 - ✅ Database updated with LIMITED gifts only
2025-06-03 17:14:46 | INFO | gift_parser:start_gift_parsing_loop:158 - 👥 Found 1 users with autobuy enabled
2025-06-03 17:14:46 | DEBUG | gift_parser:start_gift_parsing_loop:174 - Cycle 1/1 for user 1487757625
2025-06-03 17:14:47 | INFO | logger:emit:13 - Polling stopped
2025-06-03 17:14:47 | INFO | logger:emit:13 - Polling stopped for bot @wladikwanna_bot id=7820577888 - 'wladikwannabot'
2025-06-03 17:24:39 | INFO | main:main:39 - Starting bot...
2025-06-03 17:24:39 | INFO | main:on_startup:26 - Initializing database...
2025-06-03 17:24:39 | INFO | main:on_startup:28 - Database initialized successfully
2025-06-03 17:24:39 | INFO | main:on_startup:31 - Starting gift parsing loop...
2025-06-03 17:24:39 | INFO | logger:emit:13 - Start polling
2025-06-03 17:24:40 | INFO | logger:emit:13 - Run polling for bot @wladikwanna_bot id=7820577888 - 'wladikwannabot'
2025-06-03 17:24:40 | DEBUG | gifts:aio_get_available_gifts:31 - Fetched 12 gifts from API
2025-06-03 17:24:40 | INFO | gift_parser:start_gift_parsing_loop:185 - 📊 Gifts fetched - Total: 12, Limited: 1, Unlimited: 11 (will be ignored)
2025-06-03 17:24:40 | INFO | gift_parser:start_gift_parsing_loop:215 - 📝 Updated gift 5782984811920491178: price=350⭐, remaining=91627/500000
2025-06-03 17:24:40 | INFO | gift_parser:start_gift_parsing_loop:235 - ✅ Database updated with LIMITED gifts only
2025-06-03 17:24:40 | INFO | gift_parser:start_gift_parsing_loop:243 - 👥 Found 1 users with autobuy enabled
2025-06-03 17:24:40 | INFO | gift_parser:start_gift_parsing_loop:258 - 🔄 Цикл 1/1 для пользователя 1487757625
2025-06-03 17:24:43 | INFO | logger:emit:13 - Polling stopped
2025-06-03 17:24:43 | DEBUG | gifts:aio_get_available_gifts:31 - Fetched 12 gifts from API
2025-06-03 17:24:43 | INFO | gift_parser:start_gift_parsing_loop:185 - 📊 Gifts fetched - Total: 12, Limited: 1, Unlimited: 11 (will be ignored)
2025-06-03 17:24:43 | INFO | gift_parser:start_gift_parsing_loop:215 - 📝 Updated gift 5782984811920491178: price=350⭐, remaining=91629/500000
2025-06-03 17:24:43 | INFO | gift_parser:start_gift_parsing_loop:235 - ✅ Database updated with LIMITED gifts only
2025-06-03 17:24:43 | INFO | gift_parser:start_gift_parsing_loop:243 - 👥 Found 1 users with autobuy enabled
2025-06-03 17:24:43 | INFO | gift_parser:start_gift_parsing_loop:258 - 🔄 Цикл 1/1 для пользователя 1487757625
2025-06-03 17:24:43 | INFO | logger:emit:13 - Polling stopped for bot @wladikwanna_bot id=7820577888 - 'wladikwannabot'
2025-06-03 17:24:48 | INFO | main:main:39 - Starting bot...
2025-06-03 17:24:48 | INFO | main:on_startup:26 - Initializing database...
2025-06-03 17:24:48 | INFO | main:on_startup:28 - Database initialized successfully
2025-06-03 17:24:48 | INFO | main:on_startup:31 - Starting gift parsing loop...
2025-06-03 17:24:48 | INFO | logger:emit:13 - Start polling
2025-06-03 17:24:48 | INFO | logger:emit:13 - Run polling for bot @wladikwanna_bot id=7820577888 - 'wladikwannabot'
2025-06-03 17:24:48 | DEBUG | gifts:aio_get_available_gifts:31 - Fetched 12 gifts from API
2025-06-03 17:24:48 | INFO | gift_parser:start_gift_parsing_loop:185 - 📊 Gifts fetched - Total: 12, Limited: 1, Unlimited: 11 (will be ignored)
2025-06-03 17:24:48 | INFO | gift_parser:start_gift_parsing_loop:235 - ✅ Database updated with LIMITED gifts only
2025-06-03 17:24:48 | INFO | gift_parser:start_gift_parsing_loop:243 - 👥 Found 1 users with autobuy enabled
2025-06-03 17:24:48 | INFO | gift_parser:start_gift_parsing_loop:258 - 🔄 Цикл 1/1 для пользователя 1487757625
2025-06-03 17:24:51 | DEBUG | gifts:aio_get_available_gifts:31 - Fetched 12 gifts from API
2025-06-03 17:24:51 | INFO | gift_parser:start_gift_parsing_loop:185 - 📊 Gifts fetched - Total: 12, Limited: 1, Unlimited: 11 (will be ignored)
2025-06-03 17:24:51 | INFO | gift_parser:start_gift_parsing_loop:215 - 📝 Updated gift 5782984811920491178: price=350⭐, remaining=91626/500000
2025-06-03 17:24:51 | INFO | gift_parser:start_gift_parsing_loop:235 - ✅ Database updated with LIMITED gifts only
2025-06-03 17:24:51 | INFO | gift_parser:start_gift_parsing_loop:243 - 👥 Found 1 users with autobuy enabled
2025-06-03 17:24:51 | INFO | gift_parser:start_gift_parsing_loop:258 - 🔄 Цикл 1/1 для пользователя 1487757625
2025-06-03 17:24:51 | INFO | logger:emit:13 - Polling stopped
2025-06-03 17:24:52 | INFO | logger:emit:13 - Polling stopped for bot @wladikwanna_bot id=7820577888 - 'wladikwannabot'
2025-06-03 21:02:30 | INFO | main:main:39 - Starting bot...
2025-06-03 21:02:30 | INFO | main:on_startup:26 - Initializing database...
2025-06-03 21:02:30 | INFO | main:on_startup:28 - Database initialized successfully
2025-06-03 21:02:30 | INFO | main:on_startup:31 - Starting gift parsing loop...
2025-06-03 21:02:33 | INFO | logger:emit:13 - Start polling
2025-06-03 21:02:33 | INFO | logger:emit:13 - Run polling for bot @LabAutoBuyBot id=7761082242 - 'Лаборатория АвтоБай подарков'
2025-06-03 21:02:33 | DEBUG | gifts:aio_get_available_gifts:31 - Fetched 12 gifts from API
2025-06-03 21:02:33 | INFO | gift_parser:start_gift_parsing_loop:185 - 📊 Gifts fetched - Total: 12, Limited: 1, Unlimited: 11 (will be ignored)
2025-06-03 21:02:33 | INFO | gift_parser:start_gift_parsing_loop:229 - 🆕 Added new LIMITED gift: 5782984811920491178 (350⭐, 90602/500000)
2025-06-03 21:02:34 | INFO | gift_parser:start_gift_parsing_loop:235 - ✅ Database updated with LIMITED gifts only
2025-06-03 21:02:37 | DEBUG | gifts:aio_get_available_gifts:31 - Fetched 12 gifts from API
2025-06-03 21:02:37 | INFO | gift_parser:start_gift_parsing_loop:185 - 📊 Gifts fetched - Total: 12, Limited: 1, Unlimited: 11 (will be ignored)
2025-06-03 21:02:37 | INFO | gift_parser:start_gift_parsing_loop:235 - ✅ Database updated with LIMITED gifts only
2025-06-03 21:02:40 | DEBUG | gifts:aio_get_available_gifts:31 - Fetched 12 gifts from API
2025-06-03 21:02:40 | INFO | gift_parser:start_gift_parsing_loop:185 - 📊 Gifts fetched - Total: 12, Limited: 1, Unlimited: 11 (will be ignored)
2025-06-03 21:02:40 | INFO | gift_parser:start_gift_parsing_loop:235 - ✅ Database updated with LIMITED gifts only
2025-06-03 21:02:43 | DEBUG | gifts:aio_get_available_gifts:31 - Fetched 12 gifts from API
2025-06-03 21:02:43 | INFO | gift_parser:start_gift_parsing_loop:185 - 📊 Gifts fetched - Total: 12, Limited: 1, Unlimited: 11 (will be ignored)
2025-06-03 21:02:43 | INFO | gift_parser:start_gift_parsing_loop:235 - ✅ Database updated with LIMITED gifts only
2025-06-03 21:02:46 | DEBUG | gifts:aio_get_available_gifts:31 - Fetched 12 gifts from API
2025-06-03 21:02:46 | INFO | gift_parser:start_gift_parsing_loop:185 - 📊 Gifts fetched - Total: 12, Limited: 1, Unlimited: 11 (will be ignored)
2025-06-03 21:02:46 | INFO | gift_parser:start_gift_parsing_loop:215 - 📝 Updated gift 5782984811920491178: price=350⭐, remaining=90600/500000
2025-06-03 21:02:46 | INFO | gift_parser:start_gift_parsing_loop:235 - ✅ Database updated with LIMITED gifts only
2025-06-03 21:02:50 | DEBUG | gifts:aio_get_available_gifts:31 - Fetched 12 gifts from API
2025-06-03 21:02:50 | INFO | gift_parser:start_gift_parsing_loop:185 - 📊 Gifts fetched - Total: 12, Limited: 1, Unlimited: 11 (will be ignored)
2025-06-03 21:02:50 | INFO | gift_parser:start_gift_parsing_loop:215 - 📝 Updated gift 5782984811920491178: price=350⭐, remaining=90602/500000
2025-06-03 21:02:50 | INFO | gift_parser:start_gift_parsing_loop:235 - ✅ Database updated with LIMITED gifts only
2025-06-03 21:02:53 | DEBUG | gifts:aio_get_available_gifts:31 - Fetched 12 gifts from API
2025-06-03 21:02:53 | INFO | gift_parser:start_gift_parsing_loop:185 - 📊 Gifts fetched - Total: 12, Limited: 1, Unlimited: 11 (will be ignored)
2025-06-03 21:02:53 | INFO | gift_parser:start_gift_parsing_loop:215 - 📝 Updated gift 5782984811920491178: price=350⭐, remaining=90599/500000
2025-06-03 21:02:53 | INFO | gift_parser:start_gift_parsing_loop:235 - ✅ Database updated with LIMITED gifts only
2025-06-03 21:02:56 | DEBUG | gifts:aio_get_available_gifts:31 - Fetched 12 gifts from API
2025-06-03 21:02:56 | INFO | gift_parser:start_gift_parsing_loop:185 - 📊 Gifts fetched - Total: 12, Limited: 1, Unlimited: 11 (will be ignored)
2025-06-03 21:02:56 | INFO | gift_parser:start_gift_parsing_loop:215 - 📝 Updated gift 5782984811920491178: price=350⭐, remaining=90601/500000
2025-06-03 21:02:56 | INFO | gift_parser:start_gift_parsing_loop:235 - ✅ Database updated with LIMITED gifts only
2025-06-03 21:02:59 | DEBUG | gifts:aio_get_available_gifts:31 - Fetched 12 gifts from API
2025-06-03 21:02:59 | INFO | gift_parser:start_gift_parsing_loop:185 - 📊 Gifts fetched - Total: 12, Limited: 1, Unlimited: 11 (will be ignored)
2025-06-03 21:02:59 | INFO | gift_parser:start_gift_parsing_loop:215 - 📝 Updated gift 5782984811920491178: price=350⭐, remaining=90599/500000
2025-06-03 21:02:59 | INFO | gift_parser:start_gift_parsing_loop:235 - ✅ Database updated with LIMITED gifts only
2025-06-03 21:03:03 | DEBUG | gifts:aio_get_available_gifts:31 - Fetched 12 gifts from API
2025-06-03 21:03:03 | INFO | gift_parser:start_gift_parsing_loop:185 - 📊 Gifts fetched - Total: 12, Limited: 1, Unlimited: 11 (will be ignored)
2025-06-03 21:03:03 | INFO | gift_parser:start_gift_parsing_loop:235 - ✅ Database updated with LIMITED gifts only
2025-06-03 21:03:06 | DEBUG | gifts:aio_get_available_gifts:31 - Fetched 12 gifts from API
2025-06-03 21:03:06 | INFO | gift_parser:start_gift_parsing_loop:185 - 📊 Gifts fetched - Total: 12, Limited: 1, Unlimited: 11 (will be ignored)
2025-06-03 21:03:06 | INFO | gift_parser:start_gift_parsing_loop:215 - 📝 Updated gift 5782984811920491178: price=350⭐, remaining=90600/500000
2025-06-03 21:03:06 | INFO | gift_parser:start_gift_parsing_loop:235 - ✅ Database updated with LIMITED gifts only
2025-06-03 21:03:09 | DEBUG | gifts:aio_get_available_gifts:31 - Fetched 12 gifts from API
2025-06-03 21:03:09 | INFO | gift_parser:start_gift_parsing_loop:185 - 📊 Gifts fetched - Total: 12, Limited: 1, Unlimited: 11 (will be ignored)
2025-06-03 21:03:09 | INFO | gift_parser:start_gift_parsing_loop:215 - 📝 Updated gift 5782984811920491178: price=350⭐, remaining=90599/500000
2025-06-03 21:03:09 | INFO | gift_parser:start_gift_parsing_loop:235 - ✅ Database updated with LIMITED gifts only
2025-06-03 21:03:12 | DEBUG | gifts:aio_get_available_gifts:31 - Fetched 12 gifts from API
2025-06-03 21:03:12 | INFO | gift_parser:start_gift_parsing_loop:185 - 📊 Gifts fetched - Total: 12, Limited: 1, Unlimited: 11 (will be ignored)
2025-06-03 21:03:12 | INFO | gift_parser:start_gift_parsing_loop:235 - ✅ Database updated with LIMITED gifts only
2025-06-03 21:03:16 | DEBUG | gifts:aio_get_available_gifts:31 - Fetched 12 gifts from API
2025-06-03 21:03:16 | INFO | gift_parser:start_gift_parsing_loop:185 - 📊 Gifts fetched - Total: 12, Limited: 1, Unlimited: 11 (will be ignored)
2025-06-03 21:03:16 | INFO | gift_parser:start_gift_parsing_loop:215 - 📝 Updated gift 5782984811920491178: price=350⭐, remaining=90601/500000
2025-06-03 21:03:16 | INFO | gift_parser:start_gift_parsing_loop:235 - ✅ Database updated with LIMITED gifts only
2025-06-03 21:03:19 | DEBUG | gifts:aio_get_available_gifts:31 - Fetched 12 gifts from API
2025-06-03 21:03:19 | INFO | gift_parser:start_gift_parsing_loop:185 - 📊 Gifts fetched - Total: 12, Limited: 1, Unlimited: 11 (will be ignored)
2025-06-03 21:03:19 | INFO | gift_parser:start_gift_parsing_loop:215 - 📝 Updated gift 5782984811920491178: price=350⭐, remaining=90600/500000
2025-06-03 21:03:19 | INFO | gift_parser:start_gift_parsing_loop:235 - ✅ Database updated with LIMITED gifts only
2025-06-03 21:03:22 | DEBUG | gifts:aio_get_available_gifts:31 - Fetched 12 gifts from API
2025-06-03 21:03:22 | INFO | gift_parser:start_gift_parsing_loop:185 - 📊 Gifts fetched - Total: 12, Limited: 1, Unlimited: 11 (will be ignored)
2025-06-03 21:03:22 | INFO | gift_parser:start_gift_parsing_loop:215 - 📝 Updated gift 5782984811920491178: price=350⭐, remaining=90601/500000
2025-06-03 21:03:22 | INFO | gift_parser:start_gift_parsing_loop:235 - ✅ Database updated with LIMITED gifts only
2025-06-03 21:03:25 | DEBUG | gifts:aio_get_available_gifts:31 - Fetched 12 gifts from API
2025-06-03 21:03:25 | INFO | gift_parser:start_gift_parsing_loop:185 - 📊 Gifts fetched - Total: 12, Limited: 1, Unlimited: 11 (will be ignored)
2025-06-03 21:03:25 | INFO | gift_parser:start_gift_parsing_loop:215 - 📝 Updated gift 5782984811920491178: price=350⭐, remaining=90599/500000
2025-06-03 21:03:25 | INFO | gift_parser:start_gift_parsing_loop:235 - ✅ Database updated with LIMITED gifts only
2025-06-03 21:03:29 | DEBUG | gifts:aio_get_available_gifts:31 - Fetched 12 gifts from API
2025-06-03 21:03:29 | INFO | gift_parser:start_gift_parsing_loop:185 - 📊 Gifts fetched - Total: 12, Limited: 1, Unlimited: 11 (will be ignored)
2025-06-03 21:03:29 | INFO | gift_parser:start_gift_parsing_loop:235 - ✅ Database updated with LIMITED gifts only
2025-06-03 21:03:32 | DEBUG | gifts:aio_get_available_gifts:31 - Fetched 12 gifts from API
2025-06-03 21:03:32 | INFO | gift_parser:start_gift_parsing_loop:185 - 📊 Gifts fetched - Total: 12, Limited: 1, Unlimited: 11 (will be ignored)
2025-06-03 21:03:32 | INFO | gift_parser:start_gift_parsing_loop:235 - ✅ Database updated with LIMITED gifts only
2025-06-03 21:03:35 | DEBUG | gifts:aio_get_available_gifts:31 - Fetched 12 gifts from API
2025-06-03 21:03:35 | INFO | gift_parser:start_gift_parsing_loop:185 - 📊 Gifts fetched - Total: 12, Limited: 1, Unlimited: 11 (will be ignored)
2025-06-03 21:03:35 | INFO | gift_parser:start_gift_parsing_loop:215 - 📝 Updated gift 5782984811920491178: price=350⭐, remaining=90600/500000
2025-06-03 21:03:35 | INFO | gift_parser:start_gift_parsing_loop:235 - ✅ Database updated with LIMITED gifts only
2025-06-03 21:03:38 | DEBUG | gifts:aio_get_available_gifts:31 - Fetched 12 gifts from API
2025-06-03 21:03:38 | INFO | gift_parser:start_gift_parsing_loop:185 - 📊 Gifts fetched - Total: 12, Limited: 1, Unlimited: 11 (will be ignored)
2025-06-03 21:03:38 | INFO | gift_parser:start_gift_parsing_loop:235 - ✅ Database updated with LIMITED gifts only
2025-06-03 21:03:42 | DEBUG | gifts:aio_get_available_gifts:31 - Fetched 12 gifts from API
2025-06-03 21:03:42 | INFO | gift_parser:start_gift_parsing_loop:185 - 📊 Gifts fetched - Total: 12, Limited: 1, Unlimited: 11 (will be ignored)
2025-06-03 21:03:42 | INFO | gift_parser:start_gift_parsing_loop:215 - 📝 Updated gift 5782984811920491178: price=350⭐, remaining=90599/500000
2025-06-03 21:03:42 | INFO | gift_parser:start_gift_parsing_loop:235 - ✅ Database updated with LIMITED gifts only
2025-06-03 21:03:45 | DEBUG | gifts:aio_get_available_gifts:31 - Fetched 12 gifts from API
2025-06-03 21:03:45 | INFO | gift_parser:start_gift_parsing_loop:185 - 📊 Gifts fetched - Total: 12, Limited: 1, Unlimited: 11 (will be ignored)
2025-06-03 21:03:45 | INFO | gift_parser:start_gift_parsing_loop:215 - 📝 Updated gift 5782984811920491178: price=350⭐, remaining=90598/500000
2025-06-03 21:03:45 | INFO | gift_parser:start_gift_parsing_loop:235 - ✅ Database updated with LIMITED gifts only
2025-06-03 21:03:48 | DEBUG | gifts:aio_get_available_gifts:31 - Fetched 12 gifts from API
2025-06-03 21:03:48 | INFO | gift_parser:start_gift_parsing_loop:185 - 📊 Gifts fetched - Total: 12, Limited: 1, Unlimited: 11 (will be ignored)
2025-06-03 21:03:48 | INFO | gift_parser:start_gift_parsing_loop:235 - ✅ Database updated with LIMITED gifts only
2025-06-03 21:03:51 | DEBUG | gifts:aio_get_available_gifts:31 - Fetched 12 gifts from API
2025-06-03 21:03:51 | INFO | gift_parser:start_gift_parsing_loop:185 - 📊 Gifts fetched - Total: 12, Limited: 1, Unlimited: 11 (will be ignored)
2025-06-03 21:03:51 | INFO | gift_parser:start_gift_parsing_loop:235 - ✅ Database updated with LIMITED gifts only
2025-06-03 21:03:54 | DEBUG | gifts:aio_get_available_gifts:31 - Fetched 12 gifts from API
2025-06-03 21:03:54 | INFO | gift_parser:start_gift_parsing_loop:185 - 📊 Gifts fetched - Total: 12, Limited: 1, Unlimited: 11 (will be ignored)
2025-06-03 21:03:54 | INFO | gift_parser:start_gift_parsing_loop:235 - ✅ Database updated with LIMITED gifts only
2025-06-03 21:03:58 | DEBUG | gifts:aio_get_available_gifts:31 - Fetched 12 gifts from API
2025-06-03 21:03:58 | INFO | gift_parser:start_gift_parsing_loop:185 - 📊 Gifts fetched - Total: 12, Limited: 1, Unlimited: 11 (will be ignored)
2025-06-03 21:03:58 | INFO | gift_parser:start_gift_parsing_loop:235 - ✅ Database updated with LIMITED gifts only
2025-06-03 21:04:01 | DEBUG | gifts:aio_get_available_gifts:31 - Fetched 12 gifts from API
2025-06-03 21:04:01 | INFO | gift_parser:start_gift_parsing_loop:185 - 📊 Gifts fetched - Total: 12, Limited: 1, Unlimited: 11 (will be ignored)
2025-06-03 21:04:01 | INFO | gift_parser:start_gift_parsing_loop:235 - ✅ Database updated with LIMITED gifts only
2025-06-03 21:04:04 | DEBUG | gifts:aio_get_available_gifts:31 - Fetched 12 gifts from API
2025-06-03 21:04:04 | INFO | gift_parser:start_gift_parsing_loop:185 - 📊 Gifts fetched - Total: 12, Limited: 1, Unlimited: 11 (will be ignored)
2025-06-03 21:04:04 | INFO | gift_parser:start_gift_parsing_loop:235 - ✅ Database updated with LIMITED gifts only
2025-06-03 21:04:07 | DEBUG | gifts:aio_get_available_gifts:31 - Fetched 12 gifts from API
2025-06-03 21:04:07 | INFO | gift_parser:start_gift_parsing_loop:185 - 📊 Gifts fetched - Total: 12, Limited: 1, Unlimited: 11 (will be ignored)
2025-06-03 21:04:07 | INFO | gift_parser:start_gift_parsing_loop:235 - ✅ Database updated with LIMITED gifts only
2025-06-03 21:04:11 | DEBUG | gifts:aio_get_available_gifts:31 - Fetched 12 gifts from API
2025-06-03 21:04:11 | INFO | gift_parser:start_gift_parsing_loop:185 - 📊 Gifts fetched - Total: 12, Limited: 1, Unlimited: 11 (will be ignored)
2025-06-03 21:04:11 | INFO | gift_parser:start_gift_parsing_loop:235 - ✅ Database updated with LIMITED gifts only
2025-06-03 21:04:14 | DEBUG | gifts:aio_get_available_gifts:31 - Fetched 12 gifts from API
2025-06-03 21:04:14 | INFO | gift_parser:start_gift_parsing_loop:185 - 📊 Gifts fetched - Total: 12, Limited: 1, Unlimited: 11 (will be ignored)
2025-06-03 21:04:14 | INFO | gift_parser:start_gift_parsing_loop:215 - 📝 Updated gift 5782984811920491178: price=350⭐, remaining=90599/500000
2025-06-03 21:04:14 | INFO | gift_parser:start_gift_parsing_loop:235 - ✅ Database updated with LIMITED gifts only
2025-06-03 21:04:17 | DEBUG | gifts:aio_get_available_gifts:31 - Fetched 12 gifts from API
2025-06-03 21:04:17 | INFO | gift_parser:start_gift_parsing_loop:185 - 📊 Gifts fetched - Total: 12, Limited: 1, Unlimited: 11 (will be ignored)
2025-06-03 21:04:17 | INFO | gift_parser:start_gift_parsing_loop:215 - 📝 Updated gift 5782984811920491178: price=350⭐, remaining=90598/500000
2025-06-03 21:04:17 | INFO | gift_parser:start_gift_parsing_loop:235 - ✅ Database updated with LIMITED gifts only
2025-06-03 21:04:20 | DEBUG | gifts:aio_get_available_gifts:31 - Fetched 12 gifts from API
2025-06-03 21:04:20 | INFO | gift_parser:start_gift_parsing_loop:185 - 📊 Gifts fetched - Total: 12, Limited: 1, Unlimited: 11 (will be ignored)
2025-06-03 21:04:20 | INFO | gift_parser:start_gift_parsing_loop:235 - ✅ Database updated with LIMITED gifts only
2025-06-03 21:04:23 | DEBUG | gifts:aio_get_available_gifts:31 - Fetched 12 gifts from API
2025-06-03 21:04:23 | INFO | gift_parser:start_gift_parsing_loop:185 - 📊 Gifts fetched - Total: 12, Limited: 1, Unlimited: 11 (will be ignored)
2025-06-03 21:04:23 | INFO | gift_parser:start_gift_parsing_loop:235 - ✅ Database updated with LIMITED gifts only
2025-06-03 21:04:27 | DEBUG | gifts:aio_get_available_gifts:31 - Fetched 12 gifts from API
2025-06-03 21:04:27 | INFO | gift_parser:start_gift_parsing_loop:185 - 📊 Gifts fetched - Total: 12, Limited: 1, Unlimited: 11 (will be ignored)
2025-06-03 21:04:27 | INFO | gift_parser:start_gift_parsing_loop:235 - ✅ Database updated with LIMITED gifts only
2025-06-03 21:04:30 | DEBUG | gifts:aio_get_available_gifts:31 - Fetched 12 gifts from API
2025-06-03 21:04:30 | INFO | gift_parser:start_gift_parsing_loop:185 - 📊 Gifts fetched - Total: 12, Limited: 1, Unlimited: 11 (will be ignored)
2025-06-03 21:04:30 | INFO | gift_parser:start_gift_parsing_loop:235 - ✅ Database updated with LIMITED gifts only
2025-06-03 21:04:33 | DEBUG | gifts:aio_get_available_gifts:31 - Fetched 12 gifts from API
2025-06-03 21:04:33 | INFO | gift_parser:start_gift_parsing_loop:185 - 📊 Gifts fetched - Total: 12, Limited: 1, Unlimited: 11 (will be ignored)
2025-06-03 21:04:33 | INFO | gift_parser:start_gift_parsing_loop:235 - ✅ Database updated with LIMITED gifts only
2025-06-03 21:04:36 | DEBUG | gifts:aio_get_available_gifts:31 - Fetched 12 gifts from API
2025-06-03 21:04:36 | INFO | gift_parser:start_gift_parsing_loop:185 - 📊 Gifts fetched - Total: 12, Limited: 1, Unlimited: 11 (will be ignored)
2025-06-03 21:04:36 | INFO | gift_parser:start_gift_parsing_loop:235 - ✅ Database updated with LIMITED gifts only
2025-06-03 21:04:40 | DEBUG | gifts:aio_get_available_gifts:31 - Fetched 12 gifts from API
2025-06-03 21:04:40 | INFO | gift_parser:start_gift_parsing_loop:185 - 📊 Gifts fetched - Total: 12, Limited: 1, Unlimited: 11 (will be ignored)
2025-06-03 21:04:40 | INFO | gift_parser:start_gift_parsing_loop:215 - 📝 Updated gift 5782984811920491178: price=350⭐, remaining=90597/500000
2025-06-03 21:04:40 | INFO | gift_parser:start_gift_parsing_loop:235 - ✅ Database updated with LIMITED gifts only
2025-06-03 21:04:43 | DEBUG | gifts:aio_get_available_gifts:31 - Fetched 12 gifts from API
2025-06-03 21:04:43 | INFO | gift_parser:start_gift_parsing_loop:185 - 📊 Gifts fetched - Total: 12, Limited: 1, Unlimited: 11 (will be ignored)
2025-06-03 21:04:43 | INFO | gift_parser:start_gift_parsing_loop:235 - ✅ Database updated with LIMITED gifts only
2025-06-03 21:04:46 | DEBUG | gifts:aio_get_available_gifts:31 - Fetched 12 gifts from API
2025-06-03 21:04:46 | INFO | gift_parser:start_gift_parsing_loop:185 - 📊 Gifts fetched - Total: 12, Limited: 1, Unlimited: 11 (will be ignored)
2025-06-03 21:04:46 | INFO | gift_parser:start_gift_parsing_loop:235 - ✅ Database updated with LIMITED gifts only
2025-06-03 21:04:49 | DEBUG | gifts:aio_get_available_gifts:31 - Fetched 12 gifts from API
2025-06-03 21:04:49 | INFO | gift_parser:start_gift_parsing_loop:185 - 📊 Gifts fetched - Total: 12, Limited: 1, Unlimited: 11 (will be ignored)
2025-06-03 21:04:49 | INFO | gift_parser:start_gift_parsing_loop:235 - ✅ Database updated with LIMITED gifts only
2025-06-03 21:04:53 | DEBUG | gifts:aio_get_available_gifts:31 - Fetched 12 gifts from API
2025-06-03 21:04:53 | INFO | gift_parser:start_gift_parsing_loop:185 - 📊 Gifts fetched - Total: 12, Limited: 1, Unlimited: 11 (will be ignored)
2025-06-03 21:04:53 | INFO | gift_parser:start_gift_parsing_loop:235 - ✅ Database updated with LIMITED gifts only
2025-06-03 21:04:56 | DEBUG | gifts:aio_get_available_gifts:31 - Fetched 12 gifts from API
2025-06-03 21:04:56 | INFO | gift_parser:start_gift_parsing_loop:185 - 📊 Gifts fetched - Total: 12, Limited: 1, Unlimited: 11 (will be ignored)
2025-06-03 21:04:56 | INFO | gift_parser:start_gift_parsing_loop:215 - 📝 Updated gift 5782984811920491178: price=350⭐, remaining=90598/500000
2025-06-03 21:04:56 | INFO | gift_parser:start_gift_parsing_loop:235 - ✅ Database updated with LIMITED gifts only
2025-06-03 21:04:59 | DEBUG | gifts:aio_get_available_gifts:31 - Fetched 12 gifts from API
2025-06-03 21:04:59 | INFO | gift_parser:start_gift_parsing_loop:185 - 📊 Gifts fetched - Total: 12, Limited: 1, Unlimited: 11 (will be ignored)
2025-06-03 21:04:59 | INFO | gift_parser:start_gift_parsing_loop:215 - 📝 Updated gift 5782984811920491178: price=350⭐, remaining=90597/500000
2025-06-03 21:04:59 | INFO | gift_parser:start_gift_parsing_loop:235 - ✅ Database updated with LIMITED gifts only
2025-06-03 21:05:02 | DEBUG | gifts:aio_get_available_gifts:31 - Fetched 12 gifts from API
2025-06-03 21:05:02 | INFO | gift_parser:start_gift_parsing_loop:185 - 📊 Gifts fetched - Total: 12, Limited: 1, Unlimited: 11 (will be ignored)
2025-06-03 21:05:02 | INFO | gift_parser:start_gift_parsing_loop:215 - 📝 Updated gift 5782984811920491178: price=350⭐, remaining=90598/500000
2025-06-03 21:05:02 | INFO | gift_parser:start_gift_parsing_loop:235 - ✅ Database updated with LIMITED gifts only
2025-06-03 21:05:06 | DEBUG | gifts:aio_get_available_gifts:31 - Fetched 12 gifts from API
2025-06-03 21:05:06 | INFO | gift_parser:start_gift_parsing_loop:185 - 📊 Gifts fetched - Total: 12, Limited: 1, Unlimited: 11 (will be ignored)
2025-06-03 21:05:06 | INFO | gift_parser:start_gift_parsing_loop:215 - 📝 Updated gift 5782984811920491178: price=350⭐, remaining=90597/500000
2025-06-03 21:05:06 | INFO | gift_parser:start_gift_parsing_loop:235 - ✅ Database updated with LIMITED gifts only
2025-06-03 21:05:09 | DEBUG | gifts:aio_get_available_gifts:31 - Fetched 12 gifts from API
2025-06-03 21:05:09 | INFO | gift_parser:start_gift_parsing_loop:185 - 📊 Gifts fetched - Total: 12, Limited: 1, Unlimited: 11 (will be ignored)
2025-06-03 21:05:09 | INFO | gift_parser:start_gift_parsing_loop:235 - ✅ Database updated with LIMITED gifts only
2025-06-03 21:05:12 | DEBUG | gifts:aio_get_available_gifts:31 - Fetched 12 gifts from API
2025-06-03 21:05:12 | INFO | gift_parser:start_gift_parsing_loop:185 - 📊 Gifts fetched - Total: 12, Limited: 1, Unlimited: 11 (will be ignored)
2025-06-03 21:05:12 | INFO | gift_parser:start_gift_parsing_loop:235 - ✅ Database updated with LIMITED gifts only
2025-06-03 21:05:15 | DEBUG | gifts:aio_get_available_gifts:31 - Fetched 12 gifts from API
2025-06-03 21:05:15 | INFO | gift_parser:start_gift_parsing_loop:185 - 📊 Gifts fetched - Total: 12, Limited: 1, Unlimited: 11 (will be ignored)
2025-06-03 21:05:15 | INFO | gift_parser:start_gift_parsing_loop:215 - 📝 Updated gift 5782984811920491178: price=350⭐, remaining=90596/500000
2025-06-03 21:05:15 | INFO | gift_parser:start_gift_parsing_loop:235 - ✅ Database updated with LIMITED gifts only
2025-06-03 21:05:19 | DEBUG | gifts:aio_get_available_gifts:31 - Fetched 12 gifts from API
2025-06-03 21:05:19 | INFO | gift_parser:start_gift_parsing_loop:185 - 📊 Gifts fetched - Total: 12, Limited: 1, Unlimited: 11 (will be ignored)
2025-06-03 21:05:19 | INFO | gift_parser:start_gift_parsing_loop:215 - 📝 Updated gift 5782984811920491178: price=350⭐, remaining=90597/500000
2025-06-03 21:05:19 | INFO | gift_parser:start_gift_parsing_loop:235 - ✅ Database updated with LIMITED gifts only
2025-06-03 21:05:22 | DEBUG | gifts:aio_get_available_gifts:31 - Fetched 12 gifts from API
2025-06-03 21:05:22 | INFO | gift_parser:start_gift_parsing_loop:185 - 📊 Gifts fetched - Total: 12, Limited: 1, Unlimited: 11 (will be ignored)
2025-06-03 21:05:22 | INFO | gift_parser:start_gift_parsing_loop:235 - ✅ Database updated with LIMITED gifts only
2025-06-03 21:05:25 | DEBUG | gifts:aio_get_available_gifts:31 - Fetched 12 gifts from API
2025-06-03 21:05:25 | INFO | gift_parser:start_gift_parsing_loop:185 - 📊 Gifts fetched - Total: 12, Limited: 1, Unlimited: 11 (will be ignored)
2025-06-03 21:05:25 | INFO | gift_parser:start_gift_parsing_loop:235 - ✅ Database updated with LIMITED gifts only
2025-06-03 21:05:28 | DEBUG | gifts:aio_get_available_gifts:31 - Fetched 12 gifts from API
2025-06-03 21:05:28 | INFO | gift_parser:start_gift_parsing_loop:185 - 📊 Gifts fetched - Total: 12, Limited: 1, Unlimited: 11 (will be ignored)
2025-06-03 21:05:28 | INFO | gift_parser:start_gift_parsing_loop:215 - 📝 Updated gift 5782984811920491178: price=350⭐, remaining=90596/500000
2025-06-03 21:05:28 | INFO | gift_parser:start_gift_parsing_loop:235 - ✅ Database updated with LIMITED gifts only
2025-06-03 21:05:31 | DEBUG | gifts:aio_get_available_gifts:31 - Fetched 12 gifts from API
2025-06-03 21:05:31 | INFO | gift_parser:start_gift_parsing_loop:185 - 📊 Gifts fetched - Total: 12, Limited: 1, Unlimited: 11 (will be ignored)
2025-06-03 21:05:31 | INFO | gift_parser:start_gift_parsing_loop:235 - ✅ Database updated with LIMITED gifts only
2025-06-03 21:05:35 | DEBUG | gifts:aio_get_available_gifts:31 - Fetched 12 gifts from API
2025-06-03 21:05:35 | INFO | gift_parser:start_gift_parsing_loop:185 - 📊 Gifts fetched - Total: 12, Limited: 1, Unlimited: 11 (will be ignored)
2025-06-03 21:05:35 | INFO | gift_parser:start_gift_parsing_loop:215 - 📝 Updated gift 5782984811920491178: price=350⭐, remaining=90597/500000
2025-06-03 21:05:35 | INFO | gift_parser:start_gift_parsing_loop:235 - ✅ Database updated with LIMITED gifts only
2025-06-03 21:05:38 | DEBUG | gifts:aio_get_available_gifts:31 - Fetched 12 gifts from API
2025-06-03 21:05:38 | INFO | gift_parser:start_gift_parsing_loop:185 - 📊 Gifts fetched - Total: 12, Limited: 1, Unlimited: 11 (will be ignored)
2025-06-03 21:05:38 | INFO | gift_parser:start_gift_parsing_loop:215 - 📝 Updated gift 5782984811920491178: price=350⭐, remaining=90594/500000
2025-06-03 21:05:38 | INFO | gift_parser:start_gift_parsing_loop:235 - ✅ Database updated with LIMITED gifts only
2025-06-03 21:05:41 | DEBUG | gifts:aio_get_available_gifts:31 - Fetched 12 gifts from API
2025-06-03 21:05:41 | INFO | gift_parser:start_gift_parsing_loop:185 - 📊 Gifts fetched - Total: 12, Limited: 1, Unlimited: 11 (will be ignored)
2025-06-03 21:05:41 | INFO | gift_parser:start_gift_parsing_loop:215 - 📝 Updated gift 5782984811920491178: price=350⭐, remaining=90596/500000
2025-06-03 21:05:41 | INFO | gift_parser:start_gift_parsing_loop:235 - ✅ Database updated with LIMITED gifts only
2025-06-03 21:05:45 | DEBUG | gifts:aio_get_available_gifts:31 - Fetched 12 gifts from API
2025-06-03 21:05:45 | INFO | gift_parser:start_gift_parsing_loop:185 - 📊 Gifts fetched - Total: 12, Limited: 1, Unlimited: 11 (will be ignored)
2025-06-03 21:05:45 | INFO | gift_parser:start_gift_parsing_loop:235 - ✅ Database updated with LIMITED gifts only
2025-06-03 21:05:48 | DEBUG | gifts:aio_get_available_gifts:31 - Fetched 12 gifts from API
2025-06-03 21:05:48 | INFO | gift_parser:start_gift_parsing_loop:185 - 📊 Gifts fetched - Total: 12, Limited: 1, Unlimited: 11 (will be ignored)
2025-06-03 21:05:48 | INFO | gift_parser:start_gift_parsing_loop:215 - 📝 Updated gift 5782984811920491178: price=350⭐, remaining=90594/500000
2025-06-03 21:05:48 | INFO | gift_parser:start_gift_parsing_loop:235 - ✅ Database updated with LIMITED gifts only
2025-06-03 21:05:51 | DEBUG | gifts:aio_get_available_gifts:31 - Fetched 12 gifts from API
2025-06-03 21:05:51 | INFO | gift_parser:start_gift_parsing_loop:185 - 📊 Gifts fetched - Total: 12, Limited: 1, Unlimited: 11 (will be ignored)
2025-06-03 21:05:51 | INFO | gift_parser:start_gift_parsing_loop:215 - 📝 Updated gift 5782984811920491178: price=350⭐, remaining=90595/500000
2025-06-03 21:05:51 | INFO | gift_parser:start_gift_parsing_loop:235 - ✅ Database updated with LIMITED gifts only
2025-06-03 21:05:54 | DEBUG | gifts:aio_get_available_gifts:31 - Fetched 12 gifts from API
2025-06-03 21:05:54 | INFO | gift_parser:start_gift_parsing_loop:185 - 📊 Gifts fetched - Total: 12, Limited: 1, Unlimited: 11 (will be ignored)
2025-06-03 21:05:54 | INFO | gift_parser:start_gift_parsing_loop:215 - 📝 Updated gift 5782984811920491178: price=350⭐, remaining=90596/500000
2025-06-03 21:05:54 | INFO | gift_parser:start_gift_parsing_loop:235 - ✅ Database updated with LIMITED gifts only
2025-06-03 21:05:58 | DEBUG | gifts:aio_get_available_gifts:31 - Fetched 12 gifts from API
2025-06-03 21:05:58 | INFO | gift_parser:start_gift_parsing_loop:185 - 📊 Gifts fetched - Total: 12, Limited: 1, Unlimited: 11 (will be ignored)
2025-06-03 21:05:58 | INFO | gift_parser:start_gift_parsing_loop:215 - 📝 Updated gift 5782984811920491178: price=350⭐, remaining=90594/500000
2025-06-03 21:05:58 | INFO | gift_parser:start_gift_parsing_loop:235 - ✅ Database updated with LIMITED gifts only
2025-06-03 21:06:01 | DEBUG | gifts:aio_get_available_gifts:31 - Fetched 12 gifts from API
2025-06-03 21:06:01 | INFO | gift_parser:start_gift_parsing_loop:185 - 📊 Gifts fetched - Total: 12, Limited: 1, Unlimited: 11 (will be ignored)
2025-06-03 21:06:01 | INFO | gift_parser:start_gift_parsing_loop:235 - ✅ Database updated with LIMITED gifts only
2025-06-03 21:06:04 | DEBUG | gifts:aio_get_available_gifts:31 - Fetched 12 gifts from API
2025-06-03 21:06:04 | INFO | gift_parser:start_gift_parsing_loop:185 - 📊 Gifts fetched - Total: 12, Limited: 1, Unlimited: 11 (will be ignored)
2025-06-03 21:06:04 | INFO | gift_parser:start_gift_parsing_loop:215 - 📝 Updated gift 5782984811920491178: price=350⭐, remaining=90590/500000
2025-06-03 21:06:04 | INFO | gift_parser:start_gift_parsing_loop:235 - ✅ Database updated with LIMITED gifts only
2025-06-03 21:06:07 | DEBUG | gifts:aio_get_available_gifts:31 - Fetched 12 gifts from API
2025-06-03 21:06:07 | INFO | gift_parser:start_gift_parsing_loop:185 - 📊 Gifts fetched - Total: 12, Limited: 1, Unlimited: 11 (will be ignored)
2025-06-03 21:06:07 | INFO | gift_parser:start_gift_parsing_loop:215 - 📝 Updated gift 5782984811920491178: price=350⭐, remaining=90594/500000
2025-06-03 21:06:07 | INFO | gift_parser:start_gift_parsing_loop:235 - ✅ Database updated with LIMITED gifts only
2025-06-03 21:06:11 | DEBUG | gifts:aio_get_available_gifts:31 - Fetched 12 gifts from API
2025-06-03 21:06:11 | INFO | gift_parser:start_gift_parsing_loop:185 - 📊 Gifts fetched - Total: 12, Limited: 1, Unlimited: 11 (will be ignored)
2025-06-03 21:06:11 | INFO | gift_parser:start_gift_parsing_loop:215 - 📝 Updated gift 5782984811920491178: price=350⭐, remaining=90590/500000
2025-06-03 21:06:11 | INFO | gift_parser:start_gift_parsing_loop:235 - ✅ Database updated with LIMITED gifts only
2025-06-03 21:06:14 | DEBUG | gifts:aio_get_available_gifts:31 - Fetched 12 gifts from API
2025-06-03 21:06:14 | INFO | gift_parser:start_gift_parsing_loop:185 - 📊 Gifts fetched - Total: 12, Limited: 1, Unlimited: 11 (will be ignored)
2025-06-03 21:06:14 | INFO | gift_parser:start_gift_parsing_loop:215 - 📝 Updated gift 5782984811920491178: price=350⭐, remaining=90594/500000
2025-06-03 21:06:14 | INFO | gift_parser:start_gift_parsing_loop:235 - ✅ Database updated with LIMITED gifts only
2025-06-03 21:06:17 | DEBUG | gifts:aio_get_available_gifts:31 - Fetched 12 gifts from API
2025-06-03 21:06:17 | INFO | gift_parser:start_gift_parsing_loop:185 - 📊 Gifts fetched - Total: 12, Limited: 1, Unlimited: 11 (will be ignored)
2025-06-03 21:06:17 | INFO | gift_parser:start_gift_parsing_loop:215 - 📝 Updated gift 5782984811920491178: price=350⭐, remaining=90590/500000
2025-06-03 21:06:17 | INFO | gift_parser:start_gift_parsing_loop:235 - ✅ Database updated with LIMITED gifts only
2025-06-03 21:06:20 | DEBUG | gifts:aio_get_available_gifts:31 - Fetched 12 gifts from API
2025-06-03 21:06:20 | INFO | gift_parser:start_gift_parsing_loop:185 - 📊 Gifts fetched - Total: 12, Limited: 1, Unlimited: 11 (will be ignored)
2025-06-03 21:06:20 | INFO | gift_parser:start_gift_parsing_loop:235 - ✅ Database updated with LIMITED gifts only
2025-06-03 21:06:23 | INFO | logger:emit:13 - Update id=661233819 is handled. Duration 141 ms by bot id=7761082242
2025-06-03 21:06:24 | DEBUG | gifts:aio_get_available_gifts:31 - Fetched 12 gifts from API
2025-06-03 21:06:24 | INFO | gift_parser:start_gift_parsing_loop:185 - 📊 Gifts fetched - Total: 12, Limited: 1, Unlimited: 11 (will be ignored)
2025-06-03 21:06:24 | INFO | gift_parser:start_gift_parsing_loop:215 - 📝 Updated gift 5782984811920491178: price=350⭐, remaining=90594/500000
2025-06-03 21:06:24 | INFO | gift_parser:start_gift_parsing_loop:235 - ✅ Database updated with LIMITED gifts only
2025-06-03 21:06:24 | INFO | logger:emit:13 - Update id=661233820 is handled. Duration 78 ms by bot id=7761082242
2025-06-03 21:06:27 | DEBUG | gifts:aio_get_available_gifts:31 - Fetched 12 gifts from API
2025-06-03 21:06:27 | INFO | gift_parser:start_gift_parsing_loop:185 - 📊 Gifts fetched - Total: 12, Limited: 1, Unlimited: 11 (will be ignored)
2025-06-03 21:06:27 | INFO | gift_parser:start_gift_parsing_loop:215 - 📝 Updated gift 5782984811920491178: price=350⭐, remaining=90590/500000
2025-06-03 21:06:27 | INFO | gift_parser:start_gift_parsing_loop:235 - ✅ Database updated with LIMITED gifts only
2025-06-03 21:06:28 | INFO | logger:emit:13 - Update id=661233821 is handled. Duration 156 ms by bot id=7761082242
2025-06-03 21:06:29 | DEBUG | gifts:aio_get_available_gifts:31 - Fetched 12 gifts from API
2025-06-03 21:06:29 | INFO | buy_gift:fetch_gifts_list:53 - Filtered gifts: 1 limited out of 12 total
2025-06-03 21:06:29 | INFO | logger:emit:13 - Update id=661233822 is handled. Duration 671 ms by bot id=7761082242
2025-06-03 21:06:30 | DEBUG | gifts:aio_get_available_gifts:31 - Fetched 12 gifts from API
2025-06-03 21:06:30 | INFO | gift_parser:start_gift_parsing_loop:185 - 📊 Gifts fetched - Total: 12, Limited: 1, Unlimited: 11 (will be ignored)
2025-06-03 21:06:30 | INFO | gift_parser:start_gift_parsing_loop:235 - ✅ Database updated with LIMITED gifts only
2025-06-03 21:06:33 | DEBUG | gifts:aio_get_available_gifts:31 - Fetched 12 gifts from API
2025-06-03 21:06:33 | INFO | gift_parser:start_gift_parsing_loop:185 - 📊 Gifts fetched - Total: 12, Limited: 1, Unlimited: 11 (will be ignored)
2025-06-03 21:06:33 | INFO | gift_parser:start_gift_parsing_loop:215 - 📝 Updated gift 5782984811920491178: price=350⭐, remaining=90589/500000
2025-06-03 21:06:33 | INFO | gift_parser:start_gift_parsing_loop:235 - ✅ Database updated with LIMITED gifts only
2025-06-03 21:06:36 | INFO | logger:emit:13 - Update id=661233823 is handled. Duration 203 ms by bot id=7761082242
2025-06-03 21:06:36 | DEBUG | gifts:aio_get_available_gifts:31 - Fetched 12 gifts from API
2025-06-03 21:06:36 | INFO | gift_parser:start_gift_parsing_loop:185 - 📊 Gifts fetched - Total: 12, Limited: 1, Unlimited: 11 (will be ignored)
2025-06-03 21:06:36 | INFO | gift_parser:start_gift_parsing_loop:235 - ✅ Database updated with LIMITED gifts only
2025-06-03 21:06:37 | INFO | logger:emit:13 - Update id=661233824 is handled. Duration 77 ms by bot id=7761082242
2025-06-03 21:06:39 | INFO | logger:emit:13 - Update id=661233825 is handled. Duration 62 ms by bot id=7761082242
2025-06-03 21:06:39 | INFO | logger:emit:13 - Update id=661233826 is handled. Duration 46 ms by bot id=7761082242
2025-06-03 21:06:40 | DEBUG | gifts:aio_get_available_gifts:31 - Fetched 12 gifts from API
2025-06-03 21:06:40 | INFO | gift_parser:start_gift_parsing_loop:185 - 📊 Gifts fetched - Total: 12, Limited: 1, Unlimited: 11 (will be ignored)
2025-06-03 21:06:40 | INFO | gift_parser:start_gift_parsing_loop:215 - 📝 Updated gift 5782984811920491178: price=350⭐, remaining=90590/500000
2025-06-03 21:06:40 | INFO | gift_parser:start_gift_parsing_loop:235 - ✅ Database updated with LIMITED gifts only
2025-06-03 21:06:43 | DEBUG | gifts:aio_get_available_gifts:31 - Fetched 12 gifts from API
2025-06-03 21:06:43 | INFO | gift_parser:start_gift_parsing_loop:185 - 📊 Gifts fetched - Total: 12, Limited: 1, Unlimited: 11 (will be ignored)
2025-06-03 21:06:43 | INFO | gift_parser:start_gift_parsing_loop:215 - 📝 Updated gift 5782984811920491178: price=350⭐, remaining=90589/500000
2025-06-03 21:06:43 | INFO | gift_parser:start_gift_parsing_loop:235 - ✅ Database updated with LIMITED gifts only
2025-06-03 21:06:46 | INFO | logger:emit:13 - Update id=661233827 is handled. Duration 62 ms by bot id=7761082242
2025-06-03 21:06:46 | DEBUG | gifts:aio_get_available_gifts:31 - Fetched 12 gifts from API
2025-06-03 21:06:46 | INFO | gift_parser:start_gift_parsing_loop:185 - 📊 Gifts fetched - Total: 12, Limited: 1, Unlimited: 11 (will be ignored)
2025-06-03 21:06:46 | INFO | gift_parser:start_gift_parsing_loop:215 - 📝 Updated gift 5782984811920491178: price=350⭐, remaining=90590/500000
2025-06-03 21:06:46 | INFO | gift_parser:start_gift_parsing_loop:235 - ✅ Database updated with LIMITED gifts only
2025-06-03 21:06:49 | INFO | logger:emit:13 - Update id=661233828 is handled. Duration 62 ms by bot id=7761082242
2025-06-03 21:06:50 | DEBUG | gifts:aio_get_available_gifts:31 - Fetched 12 gifts from API
2025-06-03 21:06:50 | INFO | gift_parser:start_gift_parsing_loop:185 - 📊 Gifts fetched - Total: 12, Limited: 1, Unlimited: 11 (will be ignored)
2025-06-03 21:06:50 | INFO | gift_parser:start_gift_parsing_loop:215 - 📝 Updated gift 5782984811920491178: price=350⭐, remaining=90589/500000
2025-06-03 21:06:50 | INFO | gift_parser:start_gift_parsing_loop:235 - ✅ Database updated with LIMITED gifts only
2025-06-03 21:06:53 | DEBUG | gifts:aio_get_available_gifts:31 - Fetched 12 gifts from API
2025-06-03 21:06:53 | INFO | gift_parser:start_gift_parsing_loop:185 - 📊 Gifts fetched - Total: 12, Limited: 1, Unlimited: 11 (will be ignored)
2025-06-03 21:06:53 | INFO | gift_parser:start_gift_parsing_loop:215 - 📝 Updated gift 5782984811920491178: price=350⭐, remaining=90590/500000
2025-06-03 21:06:53 | INFO | gift_parser:start_gift_parsing_loop:235 - ✅ Database updated with LIMITED gifts only
2025-06-03 21:06:56 | DEBUG | gifts:aio_get_available_gifts:31 - Fetched 12 gifts from API
2025-06-03 21:06:56 | INFO | gift_parser:start_gift_parsing_loop:185 - 📊 Gifts fetched - Total: 12, Limited: 1, Unlimited: 11 (will be ignored)
2025-06-03 21:06:56 | INFO | gift_parser:start_gift_parsing_loop:215 - 📝 Updated gift 5782984811920491178: price=350⭐, remaining=90589/500000
2025-06-03 21:06:56 | INFO | gift_parser:start_gift_parsing_loop:235 - ✅ Database updated with LIMITED gifts only
2025-06-03 21:06:59 | DEBUG | gifts:aio_get_available_gifts:31 - Fetched 12 gifts from API
2025-06-03 21:06:59 | INFO | gift_parser:start_gift_parsing_loop:185 - 📊 Gifts fetched - Total: 12, Limited: 1, Unlimited: 11 (will be ignored)
2025-06-03 21:06:59 | INFO | gift_parser:start_gift_parsing_loop:235 - ✅ Database updated with LIMITED gifts only
2025-06-03 21:07:03 | DEBUG | gifts:aio_get_available_gifts:31 - Fetched 12 gifts from API
2025-06-03 21:07:03 | INFO | gift_parser:start_gift_parsing_loop:185 - 📊 Gifts fetched - Total: 12, Limited: 1, Unlimited: 11 (will be ignored)
2025-06-03 21:07:03 | INFO | gift_parser:start_gift_parsing_loop:235 - ✅ Database updated with LIMITED gifts only
2025-06-03 21:07:06 | INFO | logger:emit:13 - Update id=661233829 is handled. Duration 78 ms by bot id=7761082242
2025-06-03 21:07:06 | DEBUG | gifts:aio_get_available_gifts:31 - Fetched 12 gifts from API
2025-06-03 21:07:06 | INFO | gift_parser:start_gift_parsing_loop:185 - 📊 Gifts fetched - Total: 12, Limited: 1, Unlimited: 11 (will be ignored)
2025-06-03 21:07:06 | INFO | gift_parser:start_gift_parsing_loop:235 - ✅ Database updated with LIMITED gifts only
2025-06-03 21:07:08 | INFO | logger:emit:13 - Update id=661233830 is handled. Duration 62 ms by bot id=7761082242
2025-06-03 21:07:09 | DEBUG | gifts:aio_get_available_gifts:31 - Fetched 12 gifts from API
2025-06-03 21:07:09 | INFO | gift_parser:start_gift_parsing_loop:185 - 📊 Gifts fetched - Total: 12, Limited: 1, Unlimited: 11 (will be ignored)
2025-06-03 21:07:09 | INFO | gift_parser:start_gift_parsing_loop:215 - 📝 Updated gift 5782984811920491178: price=350⭐, remaining=90587/500000
2025-06-03 21:07:09 | INFO | gift_parser:start_gift_parsing_loop:235 - ✅ Database updated with LIMITED gifts only
2025-06-03 21:07:11 | INFO | logger:emit:13 - Update id=661233831 is handled. Duration 108 ms by bot id=7761082242
2025-06-03 21:07:12 | DEBUG | gifts:aio_get_available_gifts:31 - Fetched 12 gifts from API
2025-06-03 21:07:12 | INFO | gift_parser:start_gift_parsing_loop:185 - 📊 Gifts fetched - Total: 12, Limited: 1, Unlimited: 11 (will be ignored)
2025-06-03 21:07:12 | INFO | gift_parser:start_gift_parsing_loop:215 - 📝 Updated gift 5782984811920491178: price=350⭐, remaining=90589/500000
2025-06-03 21:07:12 | INFO | gift_parser:start_gift_parsing_loop:235 - ✅ Database updated with LIMITED gifts only
2025-06-03 21:07:16 | DEBUG | gifts:aio_get_available_gifts:31 - Fetched 12 gifts from API
2025-06-03 21:07:16 | INFO | gift_parser:start_gift_parsing_loop:185 - 📊 Gifts fetched - Total: 12, Limited: 1, Unlimited: 11 (will be ignored)
2025-06-03 21:07:16 | INFO | gift_parser:start_gift_parsing_loop:215 - 📝 Updated gift 5782984811920491178: price=350⭐, remaining=90587/500000
2025-06-03 21:07:16 | INFO | gift_parser:start_gift_parsing_loop:235 - ✅ Database updated with LIMITED gifts only
2025-06-03 21:07:19 | DEBUG | gifts:aio_get_available_gifts:31 - Fetched 12 gifts from API
2025-06-03 21:07:19 | INFO | gift_parser:start_gift_parsing_loop:185 - 📊 Gifts fetched - Total: 12, Limited: 1, Unlimited: 11 (will be ignored)
2025-06-03 21:07:19 | INFO | gift_parser:start_gift_parsing_loop:235 - ✅ Database updated with LIMITED gifts only
2025-06-03 21:07:22 | DEBUG | gifts:aio_get_available_gifts:31 - Fetched 12 gifts from API
2025-06-03 21:07:22 | INFO | gift_parser:start_gift_parsing_loop:185 - 📊 Gifts fetched - Total: 12, Limited: 1, Unlimited: 11 (will be ignored)
2025-06-03 21:07:22 | INFO | gift_parser:start_gift_parsing_loop:235 - ✅ Database updated with LIMITED gifts only
2025-06-03 21:07:25 | DEBUG | gifts:aio_get_available_gifts:31 - Fetched 12 gifts from API
2025-06-03 21:07:25 | INFO | gift_parser:start_gift_parsing_loop:185 - 📊 Gifts fetched - Total: 12, Limited: 1, Unlimited: 11 (will be ignored)
2025-06-03 21:07:25 | INFO | gift_parser:start_gift_parsing_loop:235 - ✅ Database updated with LIMITED gifts only
2025-06-03 21:07:29 | DEBUG | gifts:aio_get_available_gifts:31 - Fetched 12 gifts from API
2025-06-03 21:07:29 | INFO | gift_parser:start_gift_parsing_loop:185 - 📊 Gifts fetched - Total: 12, Limited: 1, Unlimited: 11 (will be ignored)
2025-06-03 21:07:29 | INFO | gift_parser:start_gift_parsing_loop:235 - ✅ Database updated with LIMITED gifts only
2025-06-03 21:07:32 | DEBUG | gifts:aio_get_available_gifts:31 - Fetched 12 gifts from API
2025-06-03 21:07:32 | INFO | gift_parser:start_gift_parsing_loop:185 - 📊 Gifts fetched - Total: 12, Limited: 1, Unlimited: 11 (will be ignored)
2025-06-03 21:07:32 | INFO | gift_parser:start_gift_parsing_loop:235 - ✅ Database updated with LIMITED gifts only
2025-06-03 21:07:35 | DEBUG | gifts:aio_get_available_gifts:31 - Fetched 12 gifts from API
2025-06-03 21:07:35 | INFO | gift_parser:start_gift_parsing_loop:185 - 📊 Gifts fetched - Total: 12, Limited: 1, Unlimited: 11 (will be ignored)
2025-06-03 21:07:35 | INFO | gift_parser:start_gift_parsing_loop:235 - ✅ Database updated with LIMITED gifts only
2025-06-03 21:07:38 | DEBUG | gifts:aio_get_available_gifts:31 - Fetched 12 gifts from API
2025-06-03 21:07:38 | INFO | gift_parser:start_gift_parsing_loop:185 - 📊 Gifts fetched - Total: 12, Limited: 1, Unlimited: 11 (will be ignored)
2025-06-03 21:07:38 | INFO | gift_parser:start_gift_parsing_loop:235 - ✅ Database updated with LIMITED gifts only
2025-06-03 21:07:42 | DEBUG | gifts:aio_get_available_gifts:31 - Fetched 12 gifts from API
2025-06-03 21:07:42 | INFO | gift_parser:start_gift_parsing_loop:185 - 📊 Gifts fetched - Total: 12, Limited: 1, Unlimited: 11 (will be ignored)
2025-06-03 21:07:42 | INFO | gift_parser:start_gift_parsing_loop:235 - ✅ Database updated with LIMITED gifts only
2025-06-03 21:07:45 | DEBUG | gifts:aio_get_available_gifts:31 - Fetched 12 gifts from API
2025-06-03 21:07:45 | INFO | gift_parser:start_gift_parsing_loop:185 - 📊 Gifts fetched - Total: 12, Limited: 1, Unlimited: 11 (will be ignored)
2025-06-03 21:07:45 | INFO | gift_parser:start_gift_parsing_loop:235 - ✅ Database updated with LIMITED gifts only
2025-06-03 21:07:48 | DEBUG | gifts:aio_get_available_gifts:31 - Fetched 12 gifts from API
2025-06-03 21:07:48 | INFO | gift_parser:start_gift_parsing_loop:185 - 📊 Gifts fetched - Total: 12, Limited: 1, Unlimited: 11 (will be ignored)
2025-06-03 21:07:48 | INFO | gift_parser:start_gift_parsing_loop:235 - ✅ Database updated with LIMITED gifts only
2025-06-03 21:07:51 | DEBUG | gifts:aio_get_available_gifts:31 - Fetched 12 gifts from API
2025-06-03 21:07:51 | INFO | gift_parser:start_gift_parsing_loop:185 - 📊 Gifts fetched - Total: 12, Limited: 1, Unlimited: 11 (will be ignored)
2025-06-03 21:07:51 | INFO | gift_parser:start_gift_parsing_loop:235 - ✅ Database updated with LIMITED gifts only
2025-06-03 21:07:55 | DEBUG | gifts:aio_get_available_gifts:31 - Fetched 12 gifts from API
2025-06-03 21:07:55 | INFO | gift_parser:start_gift_parsing_loop:185 - 📊 Gifts fetched - Total: 12, Limited: 1, Unlimited: 11 (will be ignored)
2025-06-03 21:07:55 | INFO | gift_parser:start_gift_parsing_loop:235 - ✅ Database updated with LIMITED gifts only
2025-06-03 21:07:58 | DEBUG | gifts:aio_get_available_gifts:31 - Fetched 12 gifts from API
2025-06-03 21:07:58 | INFO | gift_parser:start_gift_parsing_loop:185 - 📊 Gifts fetched - Total: 12, Limited: 1, Unlimited: 11 (will be ignored)
2025-06-03 21:07:58 | INFO | gift_parser:start_gift_parsing_loop:235 - ✅ Database updated with LIMITED gifts only
2025-06-03 21:08:01 | DEBUG | gifts:aio_get_available_gifts:31 - Fetched 12 gifts from API
2025-06-03 21:08:01 | INFO | gift_parser:start_gift_parsing_loop:185 - 📊 Gifts fetched - Total: 12, Limited: 1, Unlimited: 11 (will be ignored)
2025-06-03 21:08:01 | INFO | gift_parser:start_gift_parsing_loop:235 - ✅ Database updated with LIMITED gifts only
2025-06-03 21:08:04 | DEBUG | gifts:aio_get_available_gifts:31 - Fetched 12 gifts from API
2025-06-03 21:08:04 | INFO | gift_parser:start_gift_parsing_loop:185 - 📊 Gifts fetched - Total: 12, Limited: 1, Unlimited: 11 (will be ignored)
2025-06-03 21:08:04 | INFO | gift_parser:start_gift_parsing_loop:235 - ✅ Database updated with LIMITED gifts only
2025-06-03 21:08:08 | DEBUG | gifts:aio_get_available_gifts:31 - Fetched 12 gifts from API
2025-06-03 21:08:08 | INFO | gift_parser:start_gift_parsing_loop:185 - 📊 Gifts fetched - Total: 12, Limited: 1, Unlimited: 11 (will be ignored)
2025-06-03 21:08:08 | INFO | gift_parser:start_gift_parsing_loop:215 - 📝 Updated gift 5782984811920491178: price=350⭐, remaining=90586/500000
2025-06-03 21:08:08 | INFO | gift_parser:start_gift_parsing_loop:235 - ✅ Database updated with LIMITED gifts only
2025-06-03 21:08:11 | DEBUG | gifts:aio_get_available_gifts:31 - Fetched 12 gifts from API
2025-06-03 21:08:11 | INFO | gift_parser:start_gift_parsing_loop:185 - 📊 Gifts fetched - Total: 12, Limited: 1, Unlimited: 11 (will be ignored)
2025-06-03 21:08:11 | INFO | gift_parser:start_gift_parsing_loop:215 - 📝 Updated gift 5782984811920491178: price=350⭐, remaining=90587/500000
2025-06-03 21:08:11 | INFO | gift_parser:start_gift_parsing_loop:235 - ✅ Database updated with LIMITED gifts only
2025-06-03 21:08:14 | DEBUG | gifts:aio_get_available_gifts:31 - Fetched 12 gifts from API
2025-06-03 21:08:14 | INFO | gift_parser:start_gift_parsing_loop:185 - 📊 Gifts fetched - Total: 12, Limited: 1, Unlimited: 11 (will be ignored)
2025-06-03 21:08:14 | INFO | gift_parser:start_gift_parsing_loop:215 - 📝 Updated gift 5782984811920491178: price=350⭐, remaining=90584/500000
2025-06-03 21:08:14 | INFO | gift_parser:start_gift_parsing_loop:235 - ✅ Database updated with LIMITED gifts only
2025-06-03 21:08:17 | DEBUG | gifts:aio_get_available_gifts:31 - Fetched 12 gifts from API
2025-06-03 21:08:17 | INFO | gift_parser:start_gift_parsing_loop:185 - 📊 Gifts fetched - Total: 12, Limited: 1, Unlimited: 11 (will be ignored)
2025-06-03 21:08:17 | INFO | gift_parser:start_gift_parsing_loop:235 - ✅ Database updated with LIMITED gifts only
2025-06-03 21:08:21 | DEBUG | gifts:aio_get_available_gifts:31 - Fetched 12 gifts from API
2025-06-03 21:08:21 | INFO | gift_parser:start_gift_parsing_loop:185 - 📊 Gifts fetched - Total: 12, Limited: 1, Unlimited: 11 (will be ignored)
2025-06-03 21:08:21 | INFO | gift_parser:start_gift_parsing_loop:235 - ✅ Database updated with LIMITED gifts only
2025-06-03 21:08:24 | DEBUG | gifts:aio_get_available_gifts:31 - Fetched 12 gifts from API
2025-06-03 21:08:24 | INFO | gift_parser:start_gift_parsing_loop:185 - 📊 Gifts fetched - Total: 12, Limited: 1, Unlimited: 11 (will be ignored)
2025-06-03 21:08:24 | INFO | gift_parser:start_gift_parsing_loop:215 - 📝 Updated gift 5782984811920491178: price=350⭐, remaining=90586/500000
2025-06-03 21:08:24 | INFO | gift_parser:start_gift_parsing_loop:235 - ✅ Database updated with LIMITED gifts only
2025-06-03 21:08:27 | DEBUG | gifts:aio_get_available_gifts:31 - Fetched 12 gifts from API
2025-06-03 21:08:27 | INFO | gift_parser:start_gift_parsing_loop:185 - 📊 Gifts fetched - Total: 12, Limited: 1, Unlimited: 11 (will be ignored)
2025-06-03 21:08:27 | INFO | gift_parser:start_gift_parsing_loop:215 - 📝 Updated gift 5782984811920491178: price=350⭐, remaining=90584/500000
2025-06-03 21:08:27 | INFO | gift_parser:start_gift_parsing_loop:235 - ✅ Database updated with LIMITED gifts only
2025-06-03 21:08:30 | DEBUG | gifts:aio_get_available_gifts:31 - Fetched 12 gifts from API
2025-06-03 21:08:30 | INFO | gift_parser:start_gift_parsing_loop:185 - 📊 Gifts fetched - Total: 12, Limited: 1, Unlimited: 11 (will be ignored)
2025-06-03 21:08:30 | INFO | gift_parser:start_gift_parsing_loop:235 - ✅ Database updated with LIMITED gifts only
2025-06-03 21:08:34 | DEBUG | gifts:aio_get_available_gifts:31 - Fetched 12 gifts from API
2025-06-03 21:08:34 | INFO | gift_parser:start_gift_parsing_loop:185 - 📊 Gifts fetched - Total: 12, Limited: 1, Unlimited: 11 (will be ignored)
2025-06-03 21:08:34 | INFO | gift_parser:start_gift_parsing_loop:235 - ✅ Database updated with LIMITED gifts only
2025-06-03 21:08:37 | DEBUG | gifts:aio_get_available_gifts:31 - Fetched 12 gifts from API
2025-06-03 21:08:37 | INFO | gift_parser:start_gift_parsing_loop:185 - 📊 Gifts fetched - Total: 12, Limited: 1, Unlimited: 11 (will be ignored)
2025-06-03 21:08:37 | INFO | gift_parser:start_gift_parsing_loop:235 - ✅ Database updated with LIMITED gifts only
2025-06-03 21:08:40 | DEBUG | gifts:aio_get_available_gifts:31 - Fetched 12 gifts from API
2025-06-03 21:08:40 | INFO | gift_parser:start_gift_parsing_loop:185 - 📊 Gifts fetched - Total: 12, Limited: 1, Unlimited: 11 (will be ignored)
2025-06-03 21:08:40 | INFO | gift_parser:start_gift_parsing_loop:235 - ✅ Database updated with LIMITED gifts only
2025-06-03 21:08:43 | DEBUG | gifts:aio_get_available_gifts:31 - Fetched 12 gifts from API
2025-06-03 21:08:43 | INFO | gift_parser:start_gift_parsing_loop:185 - 📊 Gifts fetched - Total: 12, Limited: 1, Unlimited: 11 (will be ignored)
2025-06-03 21:08:43 | INFO | gift_parser:start_gift_parsing_loop:215 - 📝 Updated gift 5782984811920491178: price=350⭐, remaining=90577/500000
2025-06-03 21:08:43 | INFO | gift_parser:start_gift_parsing_loop:235 - ✅ Database updated with LIMITED gifts only
2025-06-03 21:08:47 | DEBUG | gifts:aio_get_available_gifts:31 - Fetched 12 gifts from API
2025-06-03 21:08:47 | INFO | gift_parser:start_gift_parsing_loop:185 - 📊 Gifts fetched - Total: 12, Limited: 1, Unlimited: 11 (will be ignored)
2025-06-03 21:08:47 | INFO | gift_parser:start_gift_parsing_loop:235 - ✅ Database updated with LIMITED gifts only
2025-06-03 21:08:50 | DEBUG | gifts:aio_get_available_gifts:31 - Fetched 12 gifts from API
2025-06-03 21:08:50 | INFO | gift_parser:start_gift_parsing_loop:185 - 📊 Gifts fetched - Total: 12, Limited: 1, Unlimited: 11 (will be ignored)
2025-06-03 21:08:50 | INFO | gift_parser:start_gift_parsing_loop:235 - ✅ Database updated with LIMITED gifts only
2025-06-03 21:08:53 | DEBUG | gifts:aio_get_available_gifts:31 - Fetched 12 gifts from API
2025-06-03 21:08:53 | INFO | gift_parser:start_gift_parsing_loop:185 - 📊 Gifts fetched - Total: 12, Limited: 1, Unlimited: 11 (will be ignored)
2025-06-03 21:08:53 | INFO | gift_parser:start_gift_parsing_loop:235 - ✅ Database updated with LIMITED gifts only
2025-06-03 21:08:56 | DEBUG | gifts:aio_get_available_gifts:31 - Fetched 12 gifts from API
2025-06-03 21:08:56 | INFO | gift_parser:start_gift_parsing_loop:185 - 📊 Gifts fetched - Total: 12, Limited: 1, Unlimited: 11 (will be ignored)
2025-06-03 21:08:56 | INFO | gift_parser:start_gift_parsing_loop:235 - ✅ Database updated with LIMITED gifts only
2025-06-03 21:09:00 | DEBUG | gifts:aio_get_available_gifts:31 - Fetched 12 gifts from API
2025-06-03 21:09:00 | INFO | gift_parser:start_gift_parsing_loop:185 - 📊 Gifts fetched - Total: 12, Limited: 1, Unlimited: 11 (will be ignored)
2025-06-03 21:09:00 | INFO | gift_parser:start_gift_parsing_loop:235 - ✅ Database updated with LIMITED gifts only
2025-06-03 21:09:03 | DEBUG | gifts:aio_get_available_gifts:31 - Fetched 12 gifts from API
2025-06-03 21:09:03 | INFO | gift_parser:start_gift_parsing_loop:185 - 📊 Gifts fetched - Total: 12, Limited: 1, Unlimited: 11 (will be ignored)
2025-06-03 21:09:03 | INFO | gift_parser:start_gift_parsing_loop:235 - ✅ Database updated with LIMITED gifts only
2025-06-03 21:09:06 | DEBUG | gifts:aio_get_available_gifts:31 - Fetched 12 gifts from API
2025-06-03 21:09:06 | INFO | gift_parser:start_gift_parsing_loop:185 - 📊 Gifts fetched - Total: 12, Limited: 1, Unlimited: 11 (will be ignored)
2025-06-03 21:09:06 | INFO | gift_parser:start_gift_parsing_loop:235 - ✅ Database updated with LIMITED gifts only
2025-06-03 21:09:09 | DEBUG | gifts:aio_get_available_gifts:31 - Fetched 12 gifts from API
2025-06-03 21:09:09 | INFO | gift_parser:start_gift_parsing_loop:185 - 📊 Gifts fetched - Total: 12, Limited: 1, Unlimited: 11 (will be ignored)
2025-06-03 21:09:09 | INFO | gift_parser:start_gift_parsing_loop:235 - ✅ Database updated with LIMITED gifts only
2025-06-03 21:09:12 | DEBUG | gifts:aio_get_available_gifts:31 - Fetched 12 gifts from API
2025-06-03 21:09:12 | INFO | gift_parser:start_gift_parsing_loop:185 - 📊 Gifts fetched - Total: 12, Limited: 1, Unlimited: 11 (will be ignored)
2025-06-03 21:09:12 | INFO | gift_parser:start_gift_parsing_loop:235 - ✅ Database updated with LIMITED gifts only
2025-06-03 21:09:16 | DEBUG | gifts:aio_get_available_gifts:31 - Fetched 12 gifts from API
2025-06-03 21:09:16 | INFO | gift_parser:start_gift_parsing_loop:185 - 📊 Gifts fetched - Total: 12, Limited: 1, Unlimited: 11 (will be ignored)
2025-06-03 21:09:16 | INFO | gift_parser:start_gift_parsing_loop:235 - ✅ Database updated with LIMITED gifts only
2025-06-03 21:09:19 | DEBUG | gifts:aio_get_available_gifts:31 - Fetched 12 gifts from API
2025-06-03 21:09:19 | INFO | gift_parser:start_gift_parsing_loop:185 - 📊 Gifts fetched - Total: 12, Limited: 1, Unlimited: 11 (will be ignored)
2025-06-03 21:09:19 | INFO | gift_parser:start_gift_parsing_loop:235 - ✅ Database updated with LIMITED gifts only
2025-06-03 21:09:22 | DEBUG | gifts:aio_get_available_gifts:31 - Fetched 12 gifts from API
2025-06-03 21:09:22 | INFO | gift_parser:start_gift_parsing_loop:185 - 📊 Gifts fetched - Total: 12, Limited: 1, Unlimited: 11 (will be ignored)
2025-06-03 21:09:22 | INFO | gift_parser:start_gift_parsing_loop:235 - ✅ Database updated with LIMITED gifts only
2025-06-03 21:09:25 | DEBUG | gifts:aio_get_available_gifts:31 - Fetched 12 gifts from API
2025-06-03 21:09:25 | INFO | gift_parser:start_gift_parsing_loop:185 - 📊 Gifts fetched - Total: 12, Limited: 1, Unlimited: 11 (will be ignored)
2025-06-03 21:09:25 | INFO | gift_parser:start_gift_parsing_loop:235 - ✅ Database updated with LIMITED gifts only
2025-06-03 21:09:29 | DEBUG | gifts:aio_get_available_gifts:31 - Fetched 12 gifts from API
2025-06-03 21:09:29 | INFO | gift_parser:start_gift_parsing_loop:185 - 📊 Gifts fetched - Total: 12, Limited: 1, Unlimited: 11 (will be ignored)
2025-06-03 21:09:29 | INFO | gift_parser:start_gift_parsing_loop:215 - 📝 Updated gift 5782984811920491178: price=350⭐, remaining=90575/500000
2025-06-03 21:09:29 | INFO | gift_parser:start_gift_parsing_loop:235 - ✅ Database updated with LIMITED gifts only
2025-06-03 21:09:32 | DEBUG | gifts:aio_get_available_gifts:31 - Fetched 12 gifts from API
2025-06-03 21:09:32 | INFO | gift_parser:start_gift_parsing_loop:185 - 📊 Gifts fetched - Total: 12, Limited: 1, Unlimited: 11 (will be ignored)
2025-06-03 21:09:32 | INFO | gift_parser:start_gift_parsing_loop:215 - 📝 Updated gift 5782984811920491178: price=350⭐, remaining=90574/500000
2025-06-03 21:09:32 | INFO | gift_parser:start_gift_parsing_loop:235 - ✅ Database updated with LIMITED gifts only
2025-06-03 21:09:35 | DEBUG | gifts:aio_get_available_gifts:31 - Fetched 12 gifts from API
2025-06-03 21:09:35 | INFO | gift_parser:start_gift_parsing_loop:185 - 📊 Gifts fetched - Total: 12, Limited: 1, Unlimited: 11 (will be ignored)
2025-06-03 21:09:35 | INFO | gift_parser:start_gift_parsing_loop:235 - ✅ Database updated with LIMITED gifts only
2025-06-03 21:09:38 | DEBUG | gifts:aio_get_available_gifts:31 - Fetched 12 gifts from API
2025-06-03 21:09:38 | INFO | gift_parser:start_gift_parsing_loop:185 - 📊 Gifts fetched - Total: 12, Limited: 1, Unlimited: 11 (will be ignored)
2025-06-03 21:09:38 | INFO | gift_parser:start_gift_parsing_loop:235 - ✅ Database updated with LIMITED gifts only
2025-06-03 21:09:42 | ERROR | gifts:aio_get_available_gifts:34 - API response error: {'ok': False, 'error_code': 401, 'description': 'Unauthorized'}
2025-06-03 21:09:42 | WARNING | gift_parser:start_gift_parsing_loop:176 - Gift list is empty or an error occurred while retrieving data.
2025-06-03 21:09:42 | ERROR | logger:emit:13 - Failed to fetch updates - TelegramUnauthorizedError: Telegram server says - Unauthorized
2025-06-03 21:09:42 | WARNING | logger:emit:13 - Sleep for 1.000000 seconds and try again... (tryings = 0, bot id = 7761082242)
2025-06-03 21:09:43 | ERROR | logger:emit:13 - Failed to fetch updates - TelegramUnauthorizedError: Telegram server says - Unauthorized
2025-06-03 21:09:43 | WARNING | logger:emit:13 - Sleep for 1.161088 seconds and try again... (tryings = 1, bot id = 7761082242)
2025-06-03 21:09:44 | ERROR | logger:emit:13 - Failed to fetch updates - TelegramUnauthorizedError: Telegram server says - Unauthorized
2025-06-03 21:09:44 | WARNING | logger:emit:13 - Sleep for 1.553116 seconds and try again... (tryings = 2, bot id = 7761082242)
2025-06-03 21:09:46 | ERROR | logger:emit:13 - Failed to fetch updates - TelegramUnauthorizedError: Telegram server says - Unauthorized
2025-06-03 21:09:46 | WARNING | logger:emit:13 - Sleep for 2.187372 seconds and try again... (tryings = 3, bot id = 7761082242)
2025-06-03 21:09:48 | ERROR | logger:emit:13 - Failed to fetch updates - TelegramUnauthorizedError: Telegram server says - Unauthorized
2025-06-03 21:09:48 | WARNING | logger:emit:13 - Sleep for 2.858370 seconds and try again... (tryings = 4, bot id = 7761082242)
2025-06-03 21:09:51 | ERROR | logger:emit:13 - Failed to fetch updates - TelegramUnauthorizedError: Telegram server says - Unauthorized
2025-06-03 21:09:51 | WARNING | logger:emit:13 - Sleep for 3.625470 seconds and try again... (tryings = 5, bot id = 7761082242)
2025-06-03 21:09:52 | ERROR | gifts:aio_get_available_gifts:34 - API response error: {'ok': False, 'error_code': 401, 'description': 'Unauthorized'}
2025-06-03 21:09:52 | WARNING | gift_parser:start_gift_parsing_loop:176 - Gift list is empty or an error occurred while retrieving data.
2025-06-03 21:09:55 | ERROR | logger:emit:13 - Failed to fetch updates - TelegramUnauthorizedError: Telegram server says - Unauthorized
2025-06-03 21:09:55 | WARNING | logger:emit:13 - Sleep for 4.624497 seconds and try again... (tryings = 6, bot id = 7761082242)
2025-06-03 21:09:59 | ERROR | logger:emit:13 - Failed to fetch updates - TelegramUnauthorizedError: Telegram server says - Unauthorized
2025-06-03 21:09:59 | WARNING | logger:emit:13 - Sleep for 5.034712 seconds and try again... (tryings = 7, bot id = 7761082242)
2025-06-03 21:10:02 | ERROR | gifts:aio_get_available_gifts:34 - API response error: {'ok': False, 'error_code': 401, 'description': 'Unauthorized'}
2025-06-03 21:10:02 | WARNING | gift_parser:start_gift_parsing_loop:176 - Gift list is empty or an error occurred while retrieving data.
2025-06-03 21:10:04 | ERROR | logger:emit:13 - Failed to fetch updates - TelegramUnauthorizedError: Telegram server says - Unauthorized
2025-06-03 21:10:04 | WARNING | logger:emit:13 - Sleep for 5.010748 seconds and try again... (tryings = 8, bot id = 7761082242)
2025-06-03 21:10:10 | ERROR | logger:emit:13 - Failed to fetch updates - TelegramUnauthorizedError: Telegram server says - Unauthorized
2025-06-03 21:10:10 | WARNING | logger:emit:13 - Sleep for 5.047280 seconds and try again... (tryings = 9, bot id = 7761082242)
2025-06-03 21:10:12 | ERROR | gifts:aio_get_available_gifts:34 - API response error: {'ok': False, 'error_code': 401, 'description': 'Unauthorized'}
2025-06-03 21:10:12 | WARNING | gift_parser:start_gift_parsing_loop:176 - Gift list is empty or an error occurred while retrieving data.
2025-06-03 21:10:15 | ERROR | logger:emit:13 - Failed to fetch updates - TelegramUnauthorizedError: Telegram server says - Unauthorized
2025-06-03 21:10:15 | WARNING | logger:emit:13 - Sleep for 4.933458 seconds and try again... (tryings = 10, bot id = 7761082242)
2025-06-03 21:10:20 | ERROR | logger:emit:13 - Failed to fetch updates - TelegramUnauthorizedError: Telegram server says - Unauthorized
2025-06-03 21:10:20 | WARNING | logger:emit:13 - Sleep for 4.966254 seconds and try again... (tryings = 11, bot id = 7761082242)
2025-06-03 21:10:22 | ERROR | gifts:aio_get_available_gifts:34 - API response error: {'ok': False, 'error_code': 401, 'description': 'Unauthorized'}
2025-06-03 21:10:22 | WARNING | gift_parser:start_gift_parsing_loop:176 - Gift list is empty or an error occurred while retrieving data.
2025-06-03 21:10:25 | ERROR | logger:emit:13 - Failed to fetch updates - TelegramUnauthorizedError: Telegram server says - Unauthorized
2025-06-03 21:10:25 | WARNING | logger:emit:13 - Sleep for 5.028015 seconds and try again... (tryings = 12, bot id = 7761082242)
2025-06-03 21:10:30 | ERROR | logger:emit:13 - Failed to fetch updates - TelegramUnauthorizedError: Telegram server says - Unauthorized
2025-06-03 21:10:30 | WARNING | logger:emit:13 - Sleep for 4.907933 seconds and try again... (tryings = 13, bot id = 7761082242)
2025-06-03 21:10:32 | ERROR | gifts:aio_get_available_gifts:34 - API response error: {'ok': False, 'error_code': 401, 'description': 'Unauthorized'}
2025-06-03 21:10:32 | WARNING | gift_parser:start_gift_parsing_loop:176 - Gift list is empty or an error occurred while retrieving data.
2025-06-03 21:10:35 | ERROR | logger:emit:13 - Failed to fetch updates - TelegramUnauthorizedError: Telegram server says - Unauthorized
2025-06-03 21:10:35 | WARNING | logger:emit:13 - Sleep for 5.118557 seconds and try again... (tryings = 14, bot id = 7761082242)
2025-06-03 21:10:40 | ERROR | logger:emit:13 - Failed to fetch updates - TelegramUnauthorizedError: Telegram server says - Unauthorized
2025-06-03 21:10:40 | WARNING | logger:emit:13 - Sleep for 4.981519 seconds and try again... (tryings = 15, bot id = 7761082242)
2025-06-03 21:10:42 | ERROR | gifts:aio_get_available_gifts:34 - API response error: {'ok': False, 'error_code': 401, 'description': 'Unauthorized'}
2025-06-03 21:10:42 | WARNING | gift_parser:start_gift_parsing_loop:176 - Gift list is empty or an error occurred while retrieving data.
2025-06-03 21:10:45 | ERROR | logger:emit:13 - Failed to fetch updates - TelegramUnauthorizedError: Telegram server says - Unauthorized
2025-06-03 21:10:45 | WARNING | logger:emit:13 - Sleep for 5.073372 seconds and try again... (tryings = 16, bot id = 7761082242)
2025-06-03 21:10:50 | ERROR | logger:emit:13 - Failed to fetch updates - TelegramUnauthorizedError: Telegram server says - Unauthorized
2025-06-03 21:10:50 | WARNING | logger:emit:13 - Sleep for 4.988261 seconds and try again... (tryings = 17, bot id = 7761082242)
2025-06-03 21:10:52 | ERROR | gifts:aio_get_available_gifts:34 - API response error: {'ok': False, 'error_code': 401, 'description': 'Unauthorized'}
2025-06-03 21:10:52 | WARNING | gift_parser:start_gift_parsing_loop:176 - Gift list is empty or an error occurred while retrieving data.
2025-06-03 21:10:55 | ERROR | logger:emit:13 - Failed to fetch updates - TelegramUnauthorizedError: Telegram server says - Unauthorized
2025-06-03 21:10:55 | WARNING | logger:emit:13 - Sleep for 4.978293 seconds and try again... (tryings = 18, bot id = 7761082242)
2025-06-03 21:11:00 | ERROR | logger:emit:13 - Failed to fetch updates - TelegramUnauthorizedError: Telegram server says - Unauthorized
2025-06-03 21:11:00 | WARNING | logger:emit:13 - Sleep for 4.926307 seconds and try again... (tryings = 19, bot id = 7761082242)
2025-06-03 21:11:02 | ERROR | gifts:aio_get_available_gifts:34 - API response error: {'ok': False, 'error_code': 401, 'description': 'Unauthorized'}
2025-06-03 21:11:02 | WARNING | gift_parser:start_gift_parsing_loop:176 - Gift list is empty or an error occurred while retrieving data.
2025-06-03 21:11:05 | ERROR | logger:emit:13 - Failed to fetch updates - TelegramUnauthorizedError: Telegram server says - Unauthorized
2025-06-03 21:11:05 | WARNING | logger:emit:13 - Sleep for 5.032650 seconds and try again... (tryings = 20, bot id = 7761082242)
2025-06-03 21:11:10 | ERROR | logger:emit:13 - Failed to fetch updates - TelegramUnauthorizedError: Telegram server says - Unauthorized
2025-06-03 21:11:10 | WARNING | logger:emit:13 - Sleep for 4.855287 seconds and try again... (tryings = 21, bot id = 7761082242)
2025-06-03 21:11:12 | ERROR | gifts:aio_get_available_gifts:34 - API response error: {'ok': False, 'error_code': 401, 'description': 'Unauthorized'}
2025-06-03 21:11:12 | WARNING | gift_parser:start_gift_parsing_loop:176 - Gift list is empty or an error occurred while retrieving data.
2025-06-03 21:11:15 | ERROR | logger:emit:13 - Failed to fetch updates - TelegramUnauthorizedError: Telegram server says - Unauthorized
2025-06-03 21:11:15 | WARNING | logger:emit:13 - Sleep for 5.041197 seconds and try again... (tryings = 22, bot id = 7761082242)
2025-06-03 21:11:20 | ERROR | logger:emit:13 - Failed to fetch updates - TelegramUnauthorizedError: Telegram server says - Unauthorized
2025-06-03 21:11:20 | WARNING | logger:emit:13 - Sleep for 5.017035 seconds and try again... (tryings = 23, bot id = 7761082242)
2025-06-03 21:11:22 | ERROR | gifts:aio_get_available_gifts:34 - API response error: {'ok': False, 'error_code': 401, 'description': 'Unauthorized'}
2025-06-03 21:11:22 | WARNING | gift_parser:start_gift_parsing_loop:176 - Gift list is empty or an error occurred while retrieving data.
2025-06-03 21:11:25 | ERROR | logger:emit:13 - Failed to fetch updates - TelegramUnauthorizedError: Telegram server says - Unauthorized
2025-06-03 21:11:25 | WARNING | logger:emit:13 - Sleep for 4.960856 seconds and try again... (tryings = 24, bot id = 7761082242)
2025-06-03 21:11:30 | ERROR | logger:emit:13 - Failed to fetch updates - TelegramUnauthorizedError: Telegram server says - Unauthorized
2025-06-03 21:11:30 | WARNING | logger:emit:13 - Sleep for 4.875317 seconds and try again... (tryings = 25, bot id = 7761082242)
2025-06-03 21:11:32 | ERROR | gifts:aio_get_available_gifts:34 - API response error: {'ok': False, 'error_code': 401, 'description': 'Unauthorized'}
2025-06-03 21:11:32 | WARNING | gift_parser:start_gift_parsing_loop:176 - Gift list is empty or an error occurred while retrieving data.
2025-06-03 21:11:35 | ERROR | logger:emit:13 - Failed to fetch updates - TelegramUnauthorizedError: Telegram server says - Unauthorized
2025-06-03 21:11:35 | WARNING | logger:emit:13 - Sleep for 5.100401 seconds and try again... (tryings = 26, bot id = 7761082242)
2025-06-03 21:11:40 | ERROR | logger:emit:13 - Failed to fetch updates - TelegramUnauthorizedError: Telegram server says - Unauthorized
2025-06-03 21:11:40 | WARNING | logger:emit:13 - Sleep for 4.938661 seconds and try again... (tryings = 27, bot id = 7761082242)
2025-06-03 21:11:42 | ERROR | gifts:aio_get_available_gifts:34 - API response error: {'ok': False, 'error_code': 401, 'description': 'Unauthorized'}
2025-06-03 21:11:42 | WARNING | gift_parser:start_gift_parsing_loop:176 - Gift list is empty or an error occurred while retrieving data.
2025-06-03 21:11:45 | ERROR | logger:emit:13 - Failed to fetch updates - TelegramUnauthorizedError: Telegram server says - Unauthorized
2025-06-03 21:11:45 | WARNING | logger:emit:13 - Sleep for 4.985131 seconds and try again... (tryings = 28, bot id = 7761082242)
2025-06-03 21:11:50 | ERROR | logger:emit:13 - Failed to fetch updates - TelegramUnauthorizedError: Telegram server says - Unauthorized
2025-06-03 21:11:50 | WARNING | logger:emit:13 - Sleep for 5.053542 seconds and try again... (tryings = 29, bot id = 7761082242)
2025-06-03 21:11:53 | ERROR | gifts:aio_get_available_gifts:34 - API response error: {'ok': False, 'error_code': 401, 'description': 'Unauthorized'}
2025-06-03 21:11:53 | WARNING | gift_parser:start_gift_parsing_loop:176 - Gift list is empty or an error occurred while retrieving data.
2025-06-03 21:11:55 | ERROR | logger:emit:13 - Failed to fetch updates - TelegramUnauthorizedError: Telegram server says - Unauthorized
2025-06-03 21:11:55 | WARNING | logger:emit:13 - Sleep for 5.008976 seconds and try again... (tryings = 30, bot id = 7761082242)
2025-06-03 21:12:00 | ERROR | logger:emit:13 - Failed to fetch updates - TelegramUnauthorizedError: Telegram server says - Unauthorized
2025-06-03 21:12:00 | WARNING | logger:emit:13 - Sleep for 5.052897 seconds and try again... (tryings = 31, bot id = 7761082242)
2025-06-03 21:12:03 | ERROR | gifts:aio_get_available_gifts:34 - API response error: {'ok': False, 'error_code': 401, 'description': 'Unauthorized'}
2025-06-03 21:12:03 | WARNING | gift_parser:start_gift_parsing_loop:176 - Gift list is empty or an error occurred while retrieving data.
2025-06-03 21:12:06 | ERROR | logger:emit:13 - Failed to fetch updates - TelegramUnauthorizedError: Telegram server says - Unauthorized
2025-06-03 21:12:06 | WARNING | logger:emit:13 - Sleep for 4.945798 seconds and try again... (tryings = 32, bot id = 7761082242)
2025-06-03 21:12:11 | ERROR | logger:emit:13 - Failed to fetch updates - TelegramUnauthorizedError: Telegram server says - Unauthorized
2025-06-03 21:12:11 | WARNING | logger:emit:13 - Sleep for 4.911947 seconds and try again... (tryings = 33, bot id = 7761082242)
2025-06-03 21:12:13 | ERROR | gifts:aio_get_available_gifts:34 - API response error: {'ok': False, 'error_code': 401, 'description': 'Unauthorized'}
2025-06-03 21:12:13 | WARNING | gift_parser:start_gift_parsing_loop:176 - Gift list is empty or an error occurred while retrieving data.
2025-06-03 21:12:16 | ERROR | logger:emit:13 - Failed to fetch updates - TelegramUnauthorizedError: Telegram server says - Unauthorized
2025-06-03 21:12:16 | WARNING | logger:emit:13 - Sleep for 5.129587 seconds and try again... (tryings = 34, bot id = 7761082242)
2025-06-03 21:12:21 | ERROR | logger:emit:13 - Failed to fetch updates - TelegramUnauthorizedError: Telegram server says - Unauthorized
2025-06-03 21:12:21 | WARNING | logger:emit:13 - Sleep for 5.064581 seconds and try again... (tryings = 35, bot id = 7761082242)
2025-06-03 21:12:23 | ERROR | gifts:aio_get_available_gifts:34 - API response error: {'ok': False, 'error_code': 401, 'description': 'Unauthorized'}
2025-06-03 21:12:23 | WARNING | gift_parser:start_gift_parsing_loop:176 - Gift list is empty or an error occurred while retrieving data.
2025-06-03 21:12:26 | ERROR | logger:emit:13 - Failed to fetch updates - TelegramUnauthorizedError: Telegram server says - Unauthorized
2025-06-03 21:12:26 | WARNING | logger:emit:13 - Sleep for 5.037638 seconds and try again... (tryings = 36, bot id = 7761082242)
2025-06-03 21:12:31 | ERROR | logger:emit:13 - Failed to fetch updates - TelegramUnauthorizedError: Telegram server says - Unauthorized
2025-06-03 21:12:31 | WARNING | logger:emit:13 - Sleep for 4.917721 seconds and try again... (tryings = 37, bot id = 7761082242)
2025-06-03 21:12:33 | ERROR | gifts:aio_get_available_gifts:34 - API response error: {'ok': False, 'error_code': 401, 'description': 'Unauthorized'}
2025-06-03 21:12:33 | WARNING | gift_parser:start_gift_parsing_loop:176 - Gift list is empty or an error occurred while retrieving data.
2025-06-03 21:12:36 | ERROR | logger:emit:13 - Failed to fetch updates - TelegramUnauthorizedError: Telegram server says - Unauthorized
2025-06-03 21:12:36 | WARNING | logger:emit:13 - Sleep for 5.001953 seconds and try again... (tryings = 38, bot id = 7761082242)
2025-06-03 21:12:41 | ERROR | logger:emit:13 - Failed to fetch updates - TelegramUnauthorizedError: Telegram server says - Unauthorized
2025-06-03 21:12:41 | WARNING | logger:emit:13 - Sleep for 5.136251 seconds and try again... (tryings = 39, bot id = 7761082242)
2025-06-03 21:12:43 | ERROR | gifts:aio_get_available_gifts:34 - API response error: {'ok': False, 'error_code': 401, 'description': 'Unauthorized'}
2025-06-03 21:12:43 | WARNING | gift_parser:start_gift_parsing_loop:176 - Gift list is empty or an error occurred while retrieving data.
2025-06-03 21:12:46 | ERROR | logger:emit:13 - Failed to fetch updates - TelegramUnauthorizedError: Telegram server says - Unauthorized
2025-06-03 21:12:46 | WARNING | logger:emit:13 - Sleep for 4.879882 seconds and try again... (tryings = 40, bot id = 7761082242)
2025-06-03 21:12:51 | ERROR | logger:emit:13 - Failed to fetch updates - TelegramUnauthorizedError: Telegram server says - Unauthorized
2025-06-03 21:12:51 | WARNING | logger:emit:13 - Sleep for 5.004869 seconds and try again... (tryings = 41, bot id = 7761082242)
2025-06-03 21:12:53 | ERROR | gifts:aio_get_available_gifts:34 - API response error: {'ok': False, 'error_code': 401, 'description': 'Unauthorized'}
2025-06-03 21:12:53 | WARNING | gift_parser:start_gift_parsing_loop:176 - Gift list is empty or an error occurred while retrieving data.
2025-06-03 21:12:56 | ERROR | logger:emit:13 - Failed to fetch updates - TelegramUnauthorizedError: Telegram server says - Unauthorized
2025-06-03 21:12:56 | WARNING | logger:emit:13 - Sleep for 4.968360 seconds and try again... (tryings = 42, bot id = 7761082242)
2025-06-03 21:13:01 | ERROR | logger:emit:13 - Failed to fetch updates - TelegramUnauthorizedError: Telegram server says - Unauthorized
2025-06-03 21:13:01 | WARNING | logger:emit:13 - Sleep for 5.129502 seconds and try again... (tryings = 43, bot id = 7761082242)
2025-06-03 21:13:03 | ERROR | gifts:aio_get_available_gifts:34 - API response error: {'ok': False, 'error_code': 401, 'description': 'Unauthorized'}
2025-06-03 21:13:03 | WARNING | gift_parser:start_gift_parsing_loop:176 - Gift list is empty or an error occurred while retrieving data.
2025-06-03 21:13:06 | ERROR | logger:emit:13 - Failed to fetch updates - TelegramUnauthorizedError: Telegram server says - Unauthorized
2025-06-03 21:13:06 | WARNING | logger:emit:13 - Sleep for 5.021969 seconds and try again... (tryings = 44, bot id = 7761082242)
2025-06-03 21:13:11 | ERROR | logger:emit:13 - Failed to fetch updates - TelegramUnauthorizedError: Telegram server says - Unauthorized
2025-06-03 21:13:11 | WARNING | logger:emit:13 - Sleep for 4.921579 seconds and try again... (tryings = 45, bot id = 7761082242)
2025-06-03 21:13:13 | ERROR | gifts:aio_get_available_gifts:34 - API response error: {'ok': False, 'error_code': 401, 'description': 'Unauthorized'}
2025-06-03 21:13:13 | WARNING | gift_parser:start_gift_parsing_loop:176 - Gift list is empty or an error occurred while retrieving data.
2025-06-03 21:13:16 | ERROR | logger:emit:13 - Failed to fetch updates - TelegramUnauthorizedError: Telegram server says - Unauthorized
2025-06-03 21:13:16 | WARNING | logger:emit:13 - Sleep for 5.007530 seconds and try again... (tryings = 46, bot id = 7761082242)
2025-06-03 21:13:21 | ERROR | logger:emit:13 - Failed to fetch updates - TelegramUnauthorizedError: Telegram server says - Unauthorized
2025-06-03 21:13:21 | WARNING | logger:emit:13 - Sleep for 5.110866 seconds and try again... (tryings = 47, bot id = 7761082242)
2025-06-03 21:13:23 | ERROR | gifts:aio_get_available_gifts:34 - API response error: {'ok': False, 'error_code': 401, 'description': 'Unauthorized'}
2025-06-03 21:13:23 | WARNING | gift_parser:start_gift_parsing_loop:176 - Gift list is empty or an error occurred while retrieving data.
2025-06-03 21:13:27 | ERROR | logger:emit:13 - Failed to fetch updates - TelegramUnauthorizedError: Telegram server says - Unauthorized
2025-06-03 21:13:27 | WARNING | logger:emit:13 - Sleep for 4.977085 seconds and try again... (tryings = 48, bot id = 7761082242)
2025-06-03 21:13:32 | ERROR | logger:emit:13 - Failed to fetch updates - TelegramUnauthorizedError: Telegram server says - Unauthorized
2025-06-03 21:13:32 | WARNING | logger:emit:13 - Sleep for 5.109601 seconds and try again... (tryings = 49, bot id = 7761082242)
2025-06-03 21:13:33 | ERROR | gifts:aio_get_available_gifts:34 - API response error: {'ok': False, 'error_code': 401, 'description': 'Unauthorized'}
2025-06-03 21:13:33 | WARNING | gift_parser:start_gift_parsing_loop:176 - Gift list is empty or an error occurred while retrieving data.
2025-06-03 21:13:37 | ERROR | logger:emit:13 - Failed to fetch updates - TelegramUnauthorizedError: Telegram server says - Unauthorized
2025-06-03 21:13:37 | WARNING | logger:emit:13 - Sleep for 4.968271 seconds and try again... (tryings = 50, bot id = 7761082242)
2025-06-03 21:13:42 | ERROR | logger:emit:13 - Failed to fetch updates - TelegramUnauthorizedError: Telegram server says - Unauthorized
2025-06-03 21:13:42 | WARNING | logger:emit:13 - Sleep for 5.058562 seconds and try again... (tryings = 51, bot id = 7761082242)
2025-06-03 21:13:43 | ERROR | gifts:aio_get_available_gifts:34 - API response error: {'ok': False, 'error_code': 401, 'description': 'Unauthorized'}
2025-06-03 21:13:43 | WARNING | gift_parser:start_gift_parsing_loop:176 - Gift list is empty or an error occurred while retrieving data.
2025-06-03 21:13:47 | ERROR | logger:emit:13 - Failed to fetch updates - TelegramUnauthorizedError: Telegram server says - Unauthorized
2025-06-03 21:13:47 | WARNING | logger:emit:13 - Sleep for 4.710562 seconds and try again... (tryings = 52, bot id = 7761082242)
2025-06-03 21:13:52 | ERROR | logger:emit:13 - Failed to fetch updates - TelegramUnauthorizedError: Telegram server says - Unauthorized
2025-06-03 21:13:52 | WARNING | logger:emit:13 - Sleep for 4.988665 seconds and try again... (tryings = 53, bot id = 7761082242)
2025-06-03 21:13:53 | ERROR | gifts:aio_get_available_gifts:34 - API response error: {'ok': False, 'error_code': 401, 'description': 'Unauthorized'}
2025-06-03 21:13:53 | WARNING | gift_parser:start_gift_parsing_loop:176 - Gift list is empty or an error occurred while retrieving data.
2025-06-03 21:13:57 | ERROR | logger:emit:13 - Failed to fetch updates - TelegramUnauthorizedError: Telegram server says - Unauthorized
2025-06-03 21:13:57 | WARNING | logger:emit:13 - Sleep for 4.925741 seconds and try again... (tryings = 54, bot id = 7761082242)
2025-06-03 21:14:02 | ERROR | logger:emit:13 - Failed to fetch updates - TelegramUnauthorizedError: Telegram server says - Unauthorized
2025-06-03 21:14:02 | WARNING | logger:emit:13 - Sleep for 4.886460 seconds and try again... (tryings = 55, bot id = 7761082242)
2025-06-03 21:14:03 | ERROR | gifts:aio_get_available_gifts:34 - API response error: {'ok': False, 'error_code': 401, 'description': 'Unauthorized'}
2025-06-03 21:14:03 | WARNING | gift_parser:start_gift_parsing_loop:176 - Gift list is empty or an error occurred while retrieving data.
2025-06-03 21:14:07 | ERROR | logger:emit:13 - Failed to fetch updates - TelegramUnauthorizedError: Telegram server says - Unauthorized
2025-06-03 21:14:07 | WARNING | logger:emit:13 - Sleep for 4.871728 seconds and try again... (tryings = 56, bot id = 7761082242)
2025-06-03 21:14:11 | ERROR | logger:emit:13 - Failed to fetch updates - TelegramUnauthorizedError: Telegram server says - Unauthorized
2025-06-03 21:14:11 | WARNING | logger:emit:13 - Sleep for 5.049098 seconds and try again... (tryings = 57, bot id = 7761082242)
2025-06-03 21:14:13 | ERROR | gifts:aio_get_available_gifts:34 - API response error: {'ok': False, 'error_code': 401, 'description': 'Unauthorized'}
2025-06-03 21:14:13 | WARNING | gift_parser:start_gift_parsing_loop:176 - Gift list is empty or an error occurred while retrieving data.
2025-06-03 21:14:17 | ERROR | logger:emit:13 - Failed to fetch updates - TelegramUnauthorizedError: Telegram server says - Unauthorized
2025-06-03 21:14:17 | WARNING | logger:emit:13 - Sleep for 5.024419 seconds and try again... (tryings = 58, bot id = 7761082242)
2025-06-03 21:14:22 | ERROR | logger:emit:13 - Failed to fetch updates - TelegramUnauthorizedError: Telegram server says - Unauthorized
2025-06-03 21:14:22 | WARNING | logger:emit:13 - Sleep for 5.077064 seconds and try again... (tryings = 59, bot id = 7761082242)
2025-06-03 21:14:23 | ERROR | gifts:aio_get_available_gifts:34 - API response error: {'ok': False, 'error_code': 401, 'description': 'Unauthorized'}
2025-06-03 21:14:23 | WARNING | gift_parser:start_gift_parsing_loop:176 - Gift list is empty or an error occurred while retrieving data.
2025-06-03 21:14:27 | ERROR | logger:emit:13 - Failed to fetch updates - TelegramUnauthorizedError: Telegram server says - Unauthorized
2025-06-03 21:14:27 | WARNING | logger:emit:13 - Sleep for 4.874162 seconds and try again... (tryings = 60, bot id = 7761082242)
2025-06-03 21:14:32 | ERROR | logger:emit:13 - Failed to fetch updates - TelegramUnauthorizedError: Telegram server says - Unauthorized
2025-06-03 21:14:32 | WARNING | logger:emit:13 - Sleep for 4.950719 seconds and try again... (tryings = 61, bot id = 7761082242)
2025-06-03 21:14:33 | ERROR | gifts:aio_get_available_gifts:34 - API response error: {'ok': False, 'error_code': 401, 'description': 'Unauthorized'}
2025-06-03 21:14:33 | WARNING | gift_parser:start_gift_parsing_loop:176 - Gift list is empty or an error occurred while retrieving data.
2025-06-03 21:14:37 | ERROR | logger:emit:13 - Failed to fetch updates - TelegramUnauthorizedError: Telegram server says - Unauthorized
2025-06-03 21:14:37 | WARNING | logger:emit:13 - Sleep for 4.962352 seconds and try again... (tryings = 62, bot id = 7761082242)
2025-06-03 21:14:42 | ERROR | logger:emit:13 - Failed to fetch updates - TelegramUnauthorizedError: Telegram server says - Unauthorized
2025-06-03 21:14:42 | WARNING | logger:emit:13 - Sleep for 4.897770 seconds and try again... (tryings = 63, bot id = 7761082242)
2025-06-03 21:14:43 | ERROR | gifts:aio_get_available_gifts:34 - API response error: {'ok': False, 'error_code': 401, 'description': 'Unauthorized'}
2025-06-03 21:14:43 | WARNING | gift_parser:start_gift_parsing_loop:176 - Gift list is empty or an error occurred while retrieving data.
2025-06-03 21:14:47 | ERROR | logger:emit:13 - Failed to fetch updates - TelegramUnauthorizedError: Telegram server says - Unauthorized
2025-06-03 21:14:47 | WARNING | logger:emit:13 - Sleep for 5.045770 seconds and try again... (tryings = 64, bot id = 7761082242)
2025-06-03 21:14:52 | ERROR | logger:emit:13 - Failed to fetch updates - TelegramUnauthorizedError: Telegram server says - Unauthorized
2025-06-03 21:14:52 | WARNING | logger:emit:13 - Sleep for 4.934986 seconds and try again... (tryings = 65, bot id = 7761082242)
2025-06-03 21:14:53 | ERROR | gifts:aio_get_available_gifts:34 - API response error: {'ok': False, 'error_code': 401, 'description': 'Unauthorized'}
2025-06-03 21:14:53 | WARNING | gift_parser:start_gift_parsing_loop:176 - Gift list is empty or an error occurred while retrieving data.
2025-06-03 21:14:57 | ERROR | logger:emit:13 - Failed to fetch updates - TelegramUnauthorizedError: Telegram server says - Unauthorized
2025-06-03 21:14:57 | WARNING | logger:emit:13 - Sleep for 4.832089 seconds and try again... (tryings = 66, bot id = 7761082242)
2025-06-03 21:15:02 | ERROR | logger:emit:13 - Failed to fetch updates - TelegramUnauthorizedError: Telegram server says - Unauthorized
2025-06-03 21:15:02 | WARNING | logger:emit:13 - Sleep for 4.993563 seconds and try again... (tryings = 67, bot id = 7761082242)
2025-06-03 21:15:03 | ERROR | gifts:aio_get_available_gifts:34 - API response error: {'ok': False, 'error_code': 401, 'description': 'Unauthorized'}
2025-06-03 21:15:03 | WARNING | gift_parser:start_gift_parsing_loop:176 - Gift list is empty or an error occurred while retrieving data.
2025-06-03 21:15:07 | ERROR | logger:emit:13 - Failed to fetch updates - TelegramUnauthorizedError: Telegram server says - Unauthorized
2025-06-03 21:15:07 | WARNING | logger:emit:13 - Sleep for 4.876036 seconds and try again... (tryings = 68, bot id = 7761082242)
2025-06-03 21:15:12 | ERROR | logger:emit:13 - Failed to fetch updates - TelegramUnauthorizedError: Telegram server says - Unauthorized
2025-06-03 21:15:12 | WARNING | logger:emit:13 - Sleep for 4.796058 seconds and try again... (tryings = 69, bot id = 7761082242)
2025-06-03 21:15:13 | ERROR | gifts:aio_get_available_gifts:34 - API response error: {'ok': False, 'error_code': 401, 'description': 'Unauthorized'}
2025-06-03 21:15:13 | WARNING | gift_parser:start_gift_parsing_loop:176 - Gift list is empty or an error occurred while retrieving data.
2025-06-03 21:15:16 | ERROR | logger:emit:13 - Failed to fetch updates - TelegramUnauthorizedError: Telegram server says - Unauthorized
2025-06-03 21:15:16 | WARNING | logger:emit:13 - Sleep for 5.019038 seconds and try again... (tryings = 70, bot id = 7761082242)
2025-06-03 21:15:21 | ERROR | logger:emit:13 - Failed to fetch updates - TelegramUnauthorizedError: Telegram server says - Unauthorized
2025-06-03 21:15:21 | WARNING | logger:emit:13 - Sleep for 5.091163 seconds and try again... (tryings = 71, bot id = 7761082242)
2025-06-03 21:15:23 | ERROR | gifts:aio_get_available_gifts:34 - API response error: {'ok': False, 'error_code': 401, 'description': 'Unauthorized'}
2025-06-03 21:15:23 | WARNING | gift_parser:start_gift_parsing_loop:176 - Gift list is empty or an error occurred while retrieving data.
2025-06-03 21:15:27 | ERROR | logger:emit:13 - Failed to fetch updates - TelegramUnauthorizedError: Telegram server says - Unauthorized
2025-06-03 21:15:27 | WARNING | logger:emit:13 - Sleep for 5.025930 seconds and try again... (tryings = 72, bot id = 7761082242)
2025-06-03 21:15:32 | ERROR | logger:emit:13 - Failed to fetch updates - TelegramUnauthorizedError: Telegram server says - Unauthorized
2025-06-03 21:15:32 | WARNING | logger:emit:13 - Sleep for 4.812801 seconds and try again... (tryings = 73, bot id = 7761082242)
2025-06-03 21:15:33 | ERROR | gifts:aio_get_available_gifts:34 - API response error: {'ok': False, 'error_code': 401, 'description': 'Unauthorized'}
2025-06-03 21:15:33 | WARNING | gift_parser:start_gift_parsing_loop:176 - Gift list is empty or an error occurred while retrieving data.
2025-06-03 21:15:36 | ERROR | logger:emit:13 - Failed to fetch updates - TelegramUnauthorizedError: Telegram server says - Unauthorized
2025-06-03 21:15:36 | WARNING | logger:emit:13 - Sleep for 5.160836 seconds and try again... (tryings = 74, bot id = 7761082242)
2025-06-03 21:15:42 | ERROR | logger:emit:13 - Failed to fetch updates - TelegramUnauthorizedError: Telegram server says - Unauthorized
2025-06-03 21:15:42 | WARNING | logger:emit:13 - Sleep for 5.040798 seconds and try again... (tryings = 75, bot id = 7761082242)
2025-06-03 21:15:43 | ERROR | gifts:aio_get_available_gifts:34 - API response error: {'ok': False, 'error_code': 401, 'description': 'Unauthorized'}
2025-06-03 21:15:43 | WARNING | gift_parser:start_gift_parsing_loop:176 - Gift list is empty or an error occurred while retrieving data.
2025-06-03 21:15:47 | ERROR | logger:emit:13 - Failed to fetch updates - TelegramUnauthorizedError: Telegram server says - Unauthorized
2025-06-03 21:15:47 | WARNING | logger:emit:13 - Sleep for 5.037320 seconds and try again... (tryings = 76, bot id = 7761082242)
2025-06-03 21:15:52 | ERROR | logger:emit:13 - Failed to fetch updates - TelegramUnauthorizedError: Telegram server says - Unauthorized
2025-06-03 21:15:52 | WARNING | logger:emit:13 - Sleep for 4.875658 seconds and try again... (tryings = 77, bot id = 7761082242)
2025-06-03 21:15:54 | ERROR | gifts:aio_get_available_gifts:34 - API response error: {'ok': False, 'error_code': 401, 'description': 'Unauthorized'}
2025-06-03 21:15:54 | WARNING | gift_parser:start_gift_parsing_loop:176 - Gift list is empty or an error occurred while retrieving data.
2025-06-03 21:15:57 | ERROR | logger:emit:13 - Failed to fetch updates - TelegramUnauthorizedError: Telegram server says - Unauthorized
2025-06-03 21:15:57 | WARNING | logger:emit:13 - Sleep for 4.903129 seconds and try again... (tryings = 78, bot id = 7761082242)
2025-06-03 21:16:02 | ERROR | logger:emit:13 - Failed to fetch updates - TelegramUnauthorizedError: Telegram server says - Unauthorized
2025-06-03 21:16:02 | WARNING | logger:emit:13 - Sleep for 5.006753 seconds and try again... (tryings = 79, bot id = 7761082242)
2025-06-03 21:16:04 | ERROR | gifts:aio_get_available_gifts:34 - API response error: {'ok': False, 'error_code': 401, 'description': 'Unauthorized'}
2025-06-03 21:16:04 | WARNING | gift_parser:start_gift_parsing_loop:176 - Gift list is empty or an error occurred while retrieving data.
2025-06-03 21:16:07 | ERROR | logger:emit:13 - Failed to fetch updates - TelegramUnauthorizedError: Telegram server says - Unauthorized
2025-06-03 21:16:07 | WARNING | logger:emit:13 - Sleep for 4.867533 seconds and try again... (tryings = 80, bot id = 7761082242)
2025-06-03 21:16:12 | ERROR | logger:emit:13 - Failed to fetch updates - TelegramUnauthorizedError: Telegram server says - Unauthorized
2025-06-03 21:16:12 | WARNING | logger:emit:13 - Sleep for 5.125580 seconds and try again... (tryings = 81, bot id = 7761082242)
2025-06-03 21:16:14 | ERROR | gifts:aio_get_available_gifts:34 - API response error: {'ok': False, 'error_code': 401, 'description': 'Unauthorized'}
2025-06-03 21:16:14 | WARNING | gift_parser:start_gift_parsing_loop:176 - Gift list is empty or an error occurred while retrieving data.
2025-06-03 21:16:17 | ERROR | logger:emit:13 - Failed to fetch updates - TelegramUnauthorizedError: Telegram server says - Unauthorized
2025-06-03 21:16:17 | WARNING | logger:emit:13 - Sleep for 4.962685 seconds and try again... (tryings = 82, bot id = 7761082242)
2025-06-03 21:16:22 | ERROR | logger:emit:13 - Failed to fetch updates - TelegramUnauthorizedError: Telegram server says - Unauthorized
2025-06-03 21:16:22 | WARNING | logger:emit:13 - Sleep for 5.045647 seconds and try again... (tryings = 83, bot id = 7761082242)
2025-06-03 21:16:24 | ERROR | gifts:aio_get_available_gifts:34 - API response error: {'ok': False, 'error_code': 401, 'description': 'Unauthorized'}
2025-06-03 21:16:24 | WARNING | gift_parser:start_gift_parsing_loop:176 - Gift list is empty or an error occurred while retrieving data.
2025-06-03 21:16:27 | ERROR | logger:emit:13 - Failed to fetch updates - TelegramUnauthorizedError: Telegram server says - Unauthorized
2025-06-03 21:16:27 | WARNING | logger:emit:13 - Sleep for 5.257747 seconds and try again... (tryings = 84, bot id = 7761082242)
2025-06-03 21:16:32 | ERROR | logger:emit:13 - Failed to fetch updates - TelegramUnauthorizedError: Telegram server says - Unauthorized
2025-06-03 21:16:32 | WARNING | logger:emit:13 - Sleep for 4.914747 seconds and try again... (tryings = 85, bot id = 7761082242)
2025-06-03 21:16:34 | ERROR | gifts:aio_get_available_gifts:34 - API response error: {'ok': False, 'error_code': 401, 'description': 'Unauthorized'}
2025-06-03 21:16:34 | WARNING | gift_parser:start_gift_parsing_loop:176 - Gift list is empty or an error occurred while retrieving data.
2025-06-03 21:16:37 | ERROR | logger:emit:13 - Failed to fetch updates - TelegramUnauthorizedError: Telegram server says - Unauthorized
2025-06-03 21:16:37 | WARNING | logger:emit:13 - Sleep for 4.864658 seconds and try again... (tryings = 86, bot id = 7761082242)
2025-06-03 21:16:42 | ERROR | logger:emit:13 - Failed to fetch updates - TelegramUnauthorizedError: Telegram server says - Unauthorized
2025-06-03 21:16:42 | WARNING | logger:emit:13 - Sleep for 5.018213 seconds and try again... (tryings = 87, bot id = 7761082242)
2025-06-03 21:16:44 | ERROR | gifts:aio_get_available_gifts:34 - API response error: {'ok': False, 'error_code': 401, 'description': 'Unauthorized'}
2025-06-03 21:16:44 | WARNING | gift_parser:start_gift_parsing_loop:176 - Gift list is empty or an error occurred while retrieving data.
2025-06-03 21:16:47 | ERROR | logger:emit:13 - Failed to fetch updates - TelegramUnauthorizedError: Telegram server says - Unauthorized
2025-06-03 21:16:47 | WARNING | logger:emit:13 - Sleep for 4.948902 seconds and try again... (tryings = 88, bot id = 7761082242)
2025-06-03 21:16:52 | ERROR | logger:emit:13 - Failed to fetch updates - TelegramUnauthorizedError: Telegram server says - Unauthorized
2025-06-03 21:16:52 | WARNING | logger:emit:13 - Sleep for 4.817681 seconds and try again... (tryings = 89, bot id = 7761082242)
2025-06-03 21:16:54 | ERROR | gifts:aio_get_available_gifts:34 - API response error: {'ok': False, 'error_code': 401, 'description': 'Unauthorized'}
2025-06-03 21:16:54 | WARNING | gift_parser:start_gift_parsing_loop:176 - Gift list is empty or an error occurred while retrieving data.
2025-06-03 21:16:57 | ERROR | logger:emit:13 - Failed to fetch updates - TelegramUnauthorizedError: Telegram server says - Unauthorized
2025-06-03 21:16:57 | WARNING | logger:emit:13 - Sleep for 5.068761 seconds and try again... (tryings = 90, bot id = 7761082242)
2025-06-03 21:17:02 | ERROR | logger:emit:13 - Failed to fetch updates - TelegramUnauthorizedError: Telegram server says - Unauthorized
2025-06-03 21:17:02 | WARNING | logger:emit:13 - Sleep for 4.928735 seconds and try again... (tryings = 91, bot id = 7761082242)
2025-06-03 21:17:04 | ERROR | gifts:aio_get_available_gifts:34 - API response error: {'ok': False, 'error_code': 401, 'description': 'Unauthorized'}
2025-06-03 21:17:04 | WARNING | gift_parser:start_gift_parsing_loop:176 - Gift list is empty or an error occurred while retrieving data.
2025-06-03 21:17:07 | ERROR | logger:emit:13 - Failed to fetch updates - TelegramUnauthorizedError: Telegram server says - Unauthorized
2025-06-03 21:17:07 | WARNING | logger:emit:13 - Sleep for 5.033520 seconds and try again... (tryings = 92, bot id = 7761082242)
2025-06-03 21:17:12 | ERROR | logger:emit:13 - Failed to fetch updates - TelegramUnauthorizedError: Telegram server says - Unauthorized
2025-06-03 21:17:12 | WARNING | logger:emit:13 - Sleep for 5.047679 seconds and try again... (tryings = 93, bot id = 7761082242)
2025-06-03 21:17:14 | ERROR | gifts:aio_get_available_gifts:34 - API response error: {'ok': False, 'error_code': 401, 'description': 'Unauthorized'}
2025-06-03 21:17:14 | WARNING | gift_parser:start_gift_parsing_loop:176 - Gift list is empty or an error occurred while retrieving data.
2025-06-03 21:17:17 | ERROR | logger:emit:13 - Failed to fetch updates - TelegramUnauthorizedError: Telegram server says - Unauthorized
2025-06-03 21:17:17 | WARNING | logger:emit:13 - Sleep for 5.093731 seconds and try again... (tryings = 94, bot id = 7761082242)
2025-06-03 21:17:22 | ERROR | logger:emit:13 - Failed to fetch updates - TelegramUnauthorizedError: Telegram server says - Unauthorized
2025-06-03 21:17:22 | WARNING | logger:emit:13 - Sleep for 4.929235 seconds and try again... (tryings = 95, bot id = 7761082242)
2025-06-03 21:17:24 | ERROR | gifts:aio_get_available_gifts:34 - API response error: {'ok': False, 'error_code': 401, 'description': 'Unauthorized'}
2025-06-03 21:17:24 | WARNING | gift_parser:start_gift_parsing_loop:176 - Gift list is empty or an error occurred while retrieving data.
2025-06-03 21:17:27 | ERROR | logger:emit:13 - Failed to fetch updates - TelegramUnauthorizedError: Telegram server says - Unauthorized
2025-06-03 21:17:27 | WARNING | logger:emit:13 - Sleep for 5.184138 seconds and try again... (tryings = 96, bot id = 7761082242)
2025-06-03 21:17:33 | ERROR | logger:emit:13 - Failed to fetch updates - TelegramUnauthorizedError: Telegram server says - Unauthorized
2025-06-03 21:17:33 | WARNING | logger:emit:13 - Sleep for 4.855063 seconds and try again... (tryings = 97, bot id = 7761082242)
2025-06-03 21:17:34 | ERROR | gifts:aio_get_available_gifts:34 - API response error: {'ok': False, 'error_code': 401, 'description': 'Unauthorized'}
2025-06-03 21:17:34 | WARNING | gift_parser:start_gift_parsing_loop:176 - Gift list is empty or an error occurred while retrieving data.
2025-06-03 21:17:38 | ERROR | logger:emit:13 - Failed to fetch updates - TelegramUnauthorizedError: Telegram server says - Unauthorized
2025-06-03 21:17:38 | WARNING | logger:emit:13 - Sleep for 4.768069 seconds and try again... (tryings = 98, bot id = 7761082242)
2025-06-03 21:17:42 | ERROR | logger:emit:13 - Failed to fetch updates - TelegramUnauthorizedError: Telegram server says - Unauthorized
2025-06-03 21:17:42 | WARNING | logger:emit:13 - Sleep for 5.171085 seconds and try again... (tryings = 99, bot id = 7761082242)
2025-06-03 21:17:44 | ERROR | gifts:aio_get_available_gifts:34 - API response error: {'ok': False, 'error_code': 401, 'description': 'Unauthorized'}
2025-06-03 21:17:44 | WARNING | gift_parser:start_gift_parsing_loop:176 - Gift list is empty or an error occurred while retrieving data.
2025-06-03 21:17:48 | ERROR | logger:emit:13 - Failed to fetch updates - TelegramUnauthorizedError: Telegram server says - Unauthorized
2025-06-03 21:17:48 | WARNING | logger:emit:13 - Sleep for 4.910589 seconds and try again... (tryings = 100, bot id = 7761082242)
2025-06-03 21:17:53 | ERROR | logger:emit:13 - Failed to fetch updates - TelegramUnauthorizedError: Telegram server says - Unauthorized
2025-06-03 21:17:53 | WARNING | logger:emit:13 - Sleep for 4.868805 seconds and try again... (tryings = 101, bot id = 7761082242)
2025-06-03 21:17:54 | ERROR | gifts:aio_get_available_gifts:34 - API response error: {'ok': False, 'error_code': 401, 'description': 'Unauthorized'}
2025-06-03 21:17:54 | WARNING | gift_parser:start_gift_parsing_loop:176 - Gift list is empty or an error occurred while retrieving data.
2025-06-03 21:17:57 | ERROR | logger:emit:13 - Failed to fetch updates - TelegramUnauthorizedError: Telegram server says - Unauthorized
2025-06-03 21:17:57 | WARNING | logger:emit:13 - Sleep for 4.783140 seconds and try again... (tryings = 102, bot id = 7761082242)
2025-06-03 21:18:02 | ERROR | logger:emit:13 - Failed to fetch updates - TelegramUnauthorizedError: Telegram server says - Unauthorized
2025-06-03 21:18:02 | WARNING | logger:emit:13 - Sleep for 5.191102 seconds and try again... (tryings = 103, bot id = 7761082242)
2025-06-03 21:18:04 | ERROR | gifts:aio_get_available_gifts:34 - API response error: {'ok': False, 'error_code': 401, 'description': 'Unauthorized'}
2025-06-03 21:18:04 | WARNING | gift_parser:start_gift_parsing_loop:176 - Gift list is empty or an error occurred while retrieving data.
2025-06-03 21:18:07 | ERROR | logger:emit:13 - Failed to fetch updates - TelegramUnauthorizedError: Telegram server says - Unauthorized
2025-06-03 21:18:07 | WARNING | logger:emit:13 - Sleep for 4.993226 seconds and try again... (tryings = 104, bot id = 7761082242)
2025-06-03 21:18:13 | ERROR | logger:emit:13 - Failed to fetch updates - TelegramUnauthorizedError: Telegram server says - Unauthorized
2025-06-03 21:18:13 | WARNING | logger:emit:13 - Sleep for 5.151559 seconds and try again... (tryings = 105, bot id = 7761082242)
2025-06-03 21:18:14 | ERROR | gifts:aio_get_available_gifts:34 - API response error: {'ok': False, 'error_code': 401, 'description': 'Unauthorized'}
2025-06-03 21:18:14 | WARNING | gift_parser:start_gift_parsing_loop:176 - Gift list is empty or an error occurred while retrieving data.
2025-06-03 21:18:18 | ERROR | logger:emit:13 - Failed to fetch updates - TelegramUnauthorizedError: Telegram server says - Unauthorized
2025-06-03 21:18:18 | WARNING | logger:emit:13 - Sleep for 4.952058 seconds and try again... (tryings = 106, bot id = 7761082242)
2025-06-03 21:18:23 | ERROR | logger:emit:13 - Failed to fetch updates - TelegramUnauthorizedError: Telegram server says - Unauthorized
2025-06-03 21:18:23 | WARNING | logger:emit:13 - Sleep for 5.173143 seconds and try again... (tryings = 107, bot id = 7761082242)
2025-06-03 21:18:24 | ERROR | gifts:aio_get_available_gifts:34 - API response error: {'ok': False, 'error_code': 401, 'description': 'Unauthorized'}
2025-06-03 21:18:24 | WARNING | gift_parser:start_gift_parsing_loop:176 - Gift list is empty or an error occurred while retrieving data.
2025-06-03 21:18:28 | ERROR | logger:emit:13 - Failed to fetch updates - TelegramUnauthorizedError: Telegram server says - Unauthorized
2025-06-03 21:18:28 | WARNING | logger:emit:13 - Sleep for 5.110097 seconds and try again... (tryings = 108, bot id = 7761082242)
2025-06-03 21:18:33 | ERROR | logger:emit:13 - Failed to fetch updates - TelegramUnauthorizedError: Telegram server says - Unauthorized
2025-06-03 21:18:33 | WARNING | logger:emit:13 - Sleep for 4.906736 seconds and try again... (tryings = 109, bot id = 7761082242)
2025-06-03 21:18:34 | ERROR | gifts:aio_get_available_gifts:34 - API response error: {'ok': False, 'error_code': 401, 'description': 'Unauthorized'}
2025-06-03 21:18:34 | WARNING | gift_parser:start_gift_parsing_loop:176 - Gift list is empty or an error occurred while retrieving data.
2025-06-03 21:18:38 | ERROR | logger:emit:13 - Failed to fetch updates - TelegramUnauthorizedError: Telegram server says - Unauthorized
2025-06-03 21:18:38 | WARNING | logger:emit:13 - Sleep for 4.854544 seconds and try again... (tryings = 110, bot id = 7761082242)
2025-06-03 21:18:43 | ERROR | logger:emit:13 - Failed to fetch updates - TelegramUnauthorizedError: Telegram server says - Unauthorized
2025-06-03 21:18:43 | WARNING | logger:emit:13 - Sleep for 5.042320 seconds and try again... (tryings = 111, bot id = 7761082242)
2025-06-03 21:18:44 | ERROR | gifts:aio_get_available_gifts:34 - API response error: {'ok': False, 'error_code': 401, 'description': 'Unauthorized'}
2025-06-03 21:18:44 | WARNING | gift_parser:start_gift_parsing_loop:176 - Gift list is empty or an error occurred while retrieving data.
2025-06-03 21:18:48 | ERROR | logger:emit:13 - Failed to fetch updates - TelegramUnauthorizedError: Telegram server says - Unauthorized
2025-06-03 21:18:48 | WARNING | logger:emit:13 - Sleep for 4.979177 seconds and try again... (tryings = 112, bot id = 7761082242)
2025-06-03 21:18:53 | ERROR | logger:emit:13 - Failed to fetch updates - TelegramUnauthorizedError: Telegram server says - Unauthorized
2025-06-03 21:18:53 | WARNING | logger:emit:13 - Sleep for 4.993757 seconds and try again... (tryings = 113, bot id = 7761082242)
2025-06-03 21:18:54 | ERROR | gifts:aio_get_available_gifts:34 - API response error: {'ok': False, 'error_code': 401, 'description': 'Unauthorized'}
2025-06-03 21:18:54 | WARNING | gift_parser:start_gift_parsing_loop:176 - Gift list is empty or an error occurred while retrieving data.
2025-06-03 21:18:58 | ERROR | logger:emit:13 - Failed to fetch updates - TelegramUnauthorizedError: Telegram server says - Unauthorized
2025-06-03 21:18:58 | WARNING | logger:emit:13 - Sleep for 4.806873 seconds and try again... (tryings = 114, bot id = 7761082242)
2025-06-03 21:19:03 | ERROR | logger:emit:13 - Failed to fetch updates - TelegramUnauthorizedError: Telegram server says - Unauthorized
2025-06-03 21:19:03 | WARNING | logger:emit:13 - Sleep for 4.936153 seconds and try again... (tryings = 115, bot id = 7761082242)
2025-06-03 21:19:04 | INFO | logger:emit:13 - Polling stopped
2025-06-03 21:19:04 | INFO | logger:emit:13 - Polling stopped for bot @LabAutoBuyBot id=7761082242 - 'Лаборатория АвтоБай подарков'
2025-06-03 21:19:40 | INFO | main:main:39 - Starting bot...
2025-06-03 21:19:40 | INFO | main:on_startup:26 - Initializing database...
2025-06-03 21:19:40 | INFO | main:on_startup:28 - Database initialized successfully
2025-06-03 21:19:40 | INFO | main:on_startup:31 - Starting gift parsing loop...
2025-06-03 21:19:40 | ERROR | main:<module>:59 - Bot stopped due to an error: Telegram server says - Unauthorized
Traceback (most recent call last):

> File "C:\Users\jabsw\vscodeProjects\TgGiftBuyerBot\main.py", line 57, in <module>
    asyncio.run(main())
    │       │   └ <function main at 0x000001F50FEEA0C0>
    │       └ <function run at 0x000001F5067C9260>
    └ <module 'asyncio' from 'C:\\Users\\jabsw\\AppData\\Local\\Programs\\Python\\Python311\\Lib\\asyncio\\__init__.py'>

  File "C:\Users\jabsw\AppData\Local\Programs\Python\Python311\Lib\asyncio\runners.py", line 190, in run
    return runner.run(main)
           │      │   └ <coroutine object main at 0x000001F50FC84930>
           │      └ <function Runner.run at 0x000001F506839440>
           └ <asyncio.runners.Runner object at 0x000001F50FEF2B10>
  File "C:\Users\jabsw\AppData\Local\Programs\Python\Python311\Lib\asyncio\runners.py", line 118, in run
    return self._loop.run_until_complete(task)
           │    │                        └ <Task finished name='Task-1' coro=<main() done, defined at C:\Users\jabsw\vscodeProjects\TgGiftBuyerBot\main.py:35> exception...
           │    └ None
           └ <asyncio.runners.Runner object at 0x000001F50FEF2B10>
  File "C:\Users\jabsw\AppData\Local\Programs\Python\Python311\Lib\asyncio\base_events.py", line 650, in run_until_complete
    return future.result()
           │      └ <method 'result' of '_asyncio.Task' objects>
           └ <Task finished name='Task-1' coro=<main() done, defined at C:\Users\jabsw\vscodeProjects\TgGiftBuyerBot\main.py:35> exception...

  File "C:\Users\jabsw\vscodeProjects\TgGiftBuyerBot\main.py", line 51, in main
    await bot.delete_webhook(drop_pending_updates=True)
          │   └ <function Bot.delete_webhook at 0x000001F50F1F6160>
          └ <aiogram.client.bot.Bot object at 0x000001F50489C290>

  File "C:\Users\jabsw\vscodeProjects\TgGiftBuyerBot\venv\Lib\site-packages\aiogram\client\bot.py", line 1206, in delete_webhook
    return await self(call, request_timeout=request_timeout)
                 │    │                     └ None
                 │    └ DeleteWebhook(drop_pending_updates=True)
                 └ <aiogram.client.bot.Bot object at 0x000001F50489C290>
  File "C:\Users\jabsw\vscodeProjects\TgGiftBuyerBot\venv\Lib\site-packages\aiogram\client\bot.py", line 453, in __call__
    return await self.session(self, method, timeout=request_timeout)
                 │    │       │     │               └ None
                 │    │       │     └ DeleteWebhook(drop_pending_updates=True)
                 │    │       └ <aiogram.client.bot.Bot object at 0x000001F50489C290>
                 │    └ <aiogram.client.session.aiohttp.AiohttpSession object at 0x000001F50698B050>
                 └ <aiogram.client.bot.Bot object at 0x000001F50489C290>
  File "C:\Users\jabsw\vscodeProjects\TgGiftBuyerBot\venv\Lib\site-packages\aiogram\client\session\base.py", line 254, in __call__
    return cast(TelegramType, await middleware(bot, method))
           │    │                   │          │    └ DeleteWebhook(drop_pending_updates=True)
           │    │                   │          └ <aiogram.client.bot.Bot object at 0x000001F50489C290>
           │    │                   └ functools.partial(<bound method AiohttpSession.make_request of <aiogram.client.session.aiohttp.AiohttpSession object at 0x000...
           │    └ ~TelegramType
           └ <function cast at 0x000001F506818E00>
  File "C:\Users\jabsw\vscodeProjects\TgGiftBuyerBot\venv\Lib\site-packages\aiogram\client\session\aiohttp.py", line 185, in make_request
    response = self.check_response(
               │    └ <function BaseSession.check_response at 0x000001F50F1D7420>
               └ <aiogram.client.session.aiohttp.AiohttpSession object at 0x000001F50698B050>
  File "C:\Users\jabsw\vscodeProjects\TgGiftBuyerBot\venv\Lib\site-packages\aiogram\client\session\base.py", line 126, in check_response
    raise TelegramUnauthorizedError(method=method, message=description)
          │                                │               └ 'Unauthorized'
          │                                └ DeleteWebhook(drop_pending_updates=True)
          └ <class 'aiogram.exceptions.TelegramUnauthorizedError'>

aiogram.exceptions.TelegramUnauthorizedError: Telegram server says - Unauthorized
